+Articles 	 AryaH/hinduism/AchAraH/kriyAH/pUjA/articles/
+अध्याचारम् 	 AryaH/hinduism/AchAraH/
+आगमः 	 
+आर्यः 	 AryaH/
+क्रियाः 	 AryaH/hinduism/AchAraH/kriyAH/
+पूजा 	 AryaH/hinduism/AchAraH/kriyAH/pUjA/
+मानसतरङ्गिणीकृल्-लेखाः 	 AryaH/hinduism/AchAraH/kriyAH/pUjA/articles/MT_lekhAH/
+हैन्दवः 	 AryaH/hinduism/
IndoEuropean expansions 	 AryaH/hinduism/AchAraH/kriyAH/pUjA/articles/MT_lekhAH/2022-04-25_indo-european-expansions-and-iconography-revisitin/
+Articles 	 AryaH/hinduism/tattvam/mantraH/articles/
+Suchness तत्त्वम् 	 AryaH/hinduism/tattvam/
+अधिमन्त्रम् 	 AryaH/hinduism/tattvam/mantraH/
On the necessity of 	 AryaH/hinduism/tattvam/mantraH/articles/2022-03-27_on-the-necessity-of-mantrasiddhi-and-its-primary-/
+Articles 	 AryaH/hinduism/branches/mishram/hindu-id/articles/
+Branches 	 AryaH/hinduism/branches/
+Hindu ID 	 AryaH/hinduism/branches/mishram/hindu-id/
+मिश्रम् 	 AryaH/hinduism/branches/mishram/
Defining Hindudharma 	 AryaH/hinduism/branches/mishram/hindu-id/articles/2021-03-28_defining-hindudharma-the-tanunaptra-metaphor/
+Articles 	 AryaH/hinduism/social-cultivation/clan/theory/articles/
+Clans 	 AryaH/hinduism/social-cultivation/clan/
+Social cultivation 	 AryaH/hinduism/social-cultivation/
+varNa theory 	 AryaH/hinduism/social-cultivation/clan/theory/
Class, Caste, and Genes 	 AryaH/hinduism/social-cultivation/clan/theory/articles/2012-01-13_class-caste-and-genes/
+कौमारः 	 AryaH/hinduism/branches/kaumAraH/
+मानसतरङ्गिणीकृल्-लेखाः 	 AryaH/hinduism/branches/kaumAraH/MT_lekhAH/
shrI rAmAnuja deshika, one of the last great kaumAra tantrics 	 AryaH/hinduism/branches/kaumAraH/MT_lekhAH/2007-01-14_shri-ramanuja-deshika-one-of-the-last-great-kaumara-tantrics/
+अधिवैष्णवम् 	 AryaH/hinduism/branches/vaiShNavaH/meta/
+मानसतरङ्गिणीकृल्-लेखाः 	 AryaH/hinduism/branches/vaiShNavaH/meta/MT_lekhAH/
+वैष्णवः 	 AryaH/hinduism/branches/vaiShNavaH/
The sarvAtman hymn to viShNu 	 AryaH/hinduism/branches/vaiShNavaH/meta/MT_lekhAH/2006-12-31_the-sarvatman-hymn-to-vishnu/
+Articles 	 AryaH/hinduism/articles/
+तन्त्रागमाः 	 AryaH/hinduism/articles/tantrAgamAH/
+मानसतरङ्गिणीकृल्-लेखाः 	 AryaH/hinduism/articles/MT/
+मानसतरङ्गिणीकृल्-लेखाः 	 AryaH/hinduism/articles/tantrAgamAH/MT/
On darshanas 	 AryaH/hinduism/articles/MT/2006-12-28_on-darshanas/
On darshanas 	 AryaH/hinduism/articles/tantrAgamAH/MT/2006-12-28_on-darshanas/
+Meta 	 AryaH/jainaH/meta/
+जैनः 	 AryaH/jainaH/
+मानसतरङ्गिणीकृल्-लेखाः 	 AryaH/jainaH/meta/MT_lekhAH/
More encounters with padmAvatI and the tantras of the jaina nAstikas 	 AryaH/jainaH/meta/MT_lekhAH/2006-12-20_more-encounters-with-padmavati-and-the-tantras-of-the-jaina-nastikas/
+Articles 	 meta/articles/
+अध्यागमम् 	 meta/
+मानसतरङ्गिणीकृल्-लेखाः 	 meta/articles/MT_lekhAH/
Oldest archaeological signs of ritual? 	 meta/articles/MT_lekhAH/2006-12-04_oldest-archaeological-signs-of-ritual/
ekAnaMshA in nAstIka myth-making and implications for AstIka Paurano-Tantric history 	 AryaH/hinduism/branches/vaiShNavaH/meta/MT_lekhAH/2006-11-01_ekanamsha-in-nastika-myth-making-and-implications-for-astika-paurano-tantric-history/
+मानसतरङ्गिणीकृल्-लेखाः 	 AryaH/hinduism/branches/sauraH/MT_lekhAH/
+सौरः 	 AryaH/hinduism/branches/sauraH/
Some more observations on the saura mata 	 AryaH/hinduism/branches/sauraH/MT_lekhAH/2006-10-21_some-more-observations-on-the-saura-mata/
The iconography of diverse goddesses 	 AryaH/hinduism/articles/tantrAgamAH/MT/2006-10-06_the-iconography-of-diverse-goddesses/
+Articles 	 AryaH/hinduism/tattvam/articles/
+मानसतरङ्गिणीकृल्-लेखाः 	 AryaH/hinduism/tattvam/articles/MT/
Hindus on the hard problem 	 AryaH/hinduism/tattvam/articles/MT/2006-10-02_hindus-on-the-hard-problem/
The worship of the pa~nchAkSharI vidyA of shiva 	 AryaH/hinduism/AchAraH/kriyAH/pUjA/articles/MT_lekhAH/2006-09-20_the-worship-of-the-panchakshari-vidya-of-shiva/
The mahAkaumara mantras in AstIka and nAstIka parlance 	 AryaH/hinduism/branches/kaumAraH/MT_lekhAH/2006-09-06_the-mahakaumara-mantras-in-astika-and-nastika-parlance/
+अङ्गानि 	 AryaH/hinduism/AchAraH/kriyAH/angAni/
+मानसतरङ्गिणीकृल्-लेखाः 	 AryaH/hinduism/AchAraH/kriyAH/angAni/dravyam/MT_lekhAH/
Iconography of varAhamihira 	 AryaH/hinduism/AchAraH/kriyAH/angAni/dravyam/MT_lekhAH/2006-09-05_iconography-of-varahamihira/
द्रव्याणि 	 AryaH/hinduism/AchAraH/kriyAH/angAni/dravyam/
+Articles 	 AryaH/hinduism/AchAraH/kriyAH/homaH/articles/
+मानसतरङ्गिणीकृल्-लेखाः 	 AryaH/hinduism/AchAraH/kriyAH/homaH/articles/MT_lekhAH/
+होमः 	 AryaH/hinduism/AchAraH/kriyAH/homaH/
Simplified homA-vidhAnaM 	 AryaH/hinduism/AchAraH/kriyAH/homaH/articles/MT_lekhAH/2006-08-06_simplified-homa-vidhanam/
mahAvaiShNava krama 	 AryaH/hinduism/AchAraH/kriyAH/pUjA/articles/MT_lekhAH/2006-08-05_mahavaishnava-krama/
avyakta origin mythology 	 AryaH/hinduism/branches/vaiShNavaH/meta/MT_lekhAH/2006-07-31_avyakta-origin-mythology/
“Tantric” upaniShad-s and their role in Hindu thought 	 AryaH/hinduism/articles/tantrAgamAH/MT/2006-07-29_tantric-upanishad-s-and-their-role-in-hindu-thought/
+मानसतरङ्गिणीकृल्-लेखाः 	 AryaH/hinduism/branches/shAktaH/MT_lekhAH/
+शाक्तः 	 AryaH/hinduism/branches/shAktaH/
shrIvidyA beyond the pa~nchadashI and classical phase 	 AryaH/hinduism/branches/shAktaH/MT_lekhAH/2006-07-23_shrividya-beyond-the-panchadashi-and-classical-phase/
List of pA~ncharatra tantra-s 	 AryaH/hinduism/branches/vaiShNavaH/meta/MT_lekhAH/2006-06-01_list-of-pancharatra-tantra-s/
+Articles 	 AryaH/bauddhaH/meta/articles/
+अधिवबौद्धम् 	 AryaH/bauddhaH/meta/
+बौद्धः 	 AryaH/bauddhaH/
+मानसतरङ्गिणीकृल्-लेखाः 	 AryaH/bauddhaH/meta/articles/MT_lekhAH/
Mysterious early mahA-chInAchArya-s 	 AryaH/bauddhaH/meta/articles/MT_lekhAH/2006-04-30_mysterious-early-maha-chinacharya-s/
The hAdi krama 	 AryaH/hinduism/branches/shAktaH/MT_lekhAH/2006-04-15_the-hadi-krama/
Notes on early pAncharAtra vaiShNavism 	 AryaH/hinduism/branches/vaiShNavaH/meta/MT_lekhAH/2006-03-27_notes-on-early-pancharatra-vaishnavism/
shrI vidyAraNaya yati and his shrIvidyArNava 	 AryaH/hinduism/articles/tantrAgamAH/MT/2006-03-26_shri-vidyaranaya-yati-and-his-shrividyarnava/
shrI shyAmol rAm’s exposition of mahAchInakrama 	 AryaH/hinduism/branches/shAktaH/MT_lekhAH/2006-02-25_shri-shyamol-rams-exposition-of-mahachinakrama/
A note on the vaikhAnasa tradition 	 AryaH/hinduism/branches/vaiShNavaH/meta/MT_lekhAH/2006-02-16_a-note-on-the-vaikhanasa-tradition/
The herb grids of the kubjikA mata 	 AryaH/hinduism/branches/shAktaH/MT_lekhAH/2006-02-03_the-herb-grids-of-the-kubjika-mata/
+Articles 	 AryaH/hinduism/social-cultivation/dharma/Ashrama/vivAhaH/articles/
+आश्रमः Life-stages 	 AryaH/hinduism/social-cultivation/dharma/Ashrama/
+धर्मः Responsibility 	 AryaH/hinduism/social-cultivation/dharma/
+मानसतरङ्गिणीकृल्-लेखाः 	 AryaH/hinduism/social-cultivation/dharma/Ashrama/vivAhaH/articles/MT_lekhAH/
+विवाहः 	 AryaH/hinduism/social-cultivation/dharma/Ashrama/vivAhaH/
Delusions 	 AryaH/hinduism/social-cultivation/dharma/Ashrama/vivAhaH/articles/MT_lekhAH/2006-01-12_delusions/
saura mata 	 AryaH/hinduism/branches/sauraH/MT_lekhAH/2005-11-21_saura-mata/
+Articles 	 AryaH/hinduism/branches/vaiShNavaH/mahAnubhAvaH/articles/
+mahAnubhAva 	 AryaH/hinduism/branches/vaiShNavaH/mahAnubhAvaH/
+मानसतरङ्गिणीकृल्लेखाः 	 AryaH/hinduism/branches/vaiShNavaH/mahAnubhAvaH/articles/MT/
The cracks in the edifice. 	 AryaH/hinduism/branches/vaiShNavaH/mahAnubhAvaH/articles/MT/2005-11-13_the-cracks-in-the-edifice/
Royal kumAra worshippers 	 AryaH/hinduism/branches/kaumAraH/MT_lekhAH/2005-10-28_royal-kumara-worshippers/
+Articles 	 AryaH/hinduism/AchAraH/kriyAH/prAyashcittam/articles/
+प्रायश्चित्तम् 	 AryaH/hinduism/AchAraH/kriyAH/prAyashcittam/
+मानसतरङ्गिणीकृल्-लेखाः 	 AryaH/hinduism/AchAraH/kriyAH/prAyashcittam/articles/MT/
pApapuruSha krama 	 AryaH/hinduism/AchAraH/kriyAH/prAyashcittam/articles/MT/2005-10-04_papapurusha-krama/
+गाणपत्यम् 	 AryaH/hinduism/branches/gANapatyam/
+मानसतरङ्गिणीकृल्-लेखाः 	 AryaH/hinduism/branches/gANapatyam/MT_lekhAH/
The odd Cambodian inscription of vinAyaka 	 AryaH/hinduism/branches/gANapatyam/MT_lekhAH/2005-09-07_the-odd-cambodian-inscription-of-vinayaka/
The lineage of the viShNu tantras 	 AryaH/hinduism/branches/vaiShNavaH/meta/MT_lekhAH/2005-08-06_the-lineage-of-the-vishnu-tantras/
The heart of vArAhI 	 AryaH/hinduism/branches/shAktaH/MT_lekhAH/2005-05-02_the-heart-of-varahi/
A Japanese gANApatya text 	 AryaH/hinduism/branches/gANapatyam/MT_lekhAH/2005-04-30_a-japanese-ganapatya-text/
rAmAnujAchArya’s encounter with the chera magicians 	 AryaH/hinduism/branches/vaiShNavaH/meta/MT_lekhAH/2005-04-26_ramanujacharyas-encounter-with-the-chera-magicians/
The AmnAyas of the chi~nchinI-mata-sAra-sammuchaya 	 AryaH/hinduism/branches/shAktaH/MT_lekhAH/2005-04-24_the-amnayas-of-the-chinchini-mata-sara-sammuchaya/
The tantric manual of the atharvan-a~Ngiras 	 AryaH/hinduism/branches/shAktaH/MT_lekhAH/2005-04-23_the-tantric-manual-of-the-atharvan-angiras/
Formal definition of the shrichakra 	 AryaH/hinduism/branches/shAktaH/MT_lekhAH/2005-04-09_formal-definition-of-the-shrichakra/
Forms of the pratya~NgirA R^ik 	 AryaH/hinduism/branches/shAktaH/MT_lekhAH/2005-03-05_forms-of-the-pratyangira-rik/
mayurashikhA 	 AryaH/hinduism/branches/kaumAraH/MT_lekhAH/2005-03-03_mayurashikha/
pratya~NgirA and kR^ityA prayoga 	 AryaH/hinduism/branches/shAktaH/MT_lekhAH/2005-02-20_pratyangira-and-kritya-prayoga/
Mythologists 	 meta/articles/MT_lekhAH/2004-12-24_mythologists/
The jaina view 	 AryaH/jainaH/meta/MT_lekhAH/2004-09-24_the-jaina-view/
+Articles 	 AryaH/hinduism/branches/nyAya-vaisheShike/articles/
+MT 	 AryaH/hinduism/branches/nyAya-vaisheShike/articles/MT/
+न्याय-वैशेषिके 	 AryaH/hinduism/branches/nyAya-vaisheShike/
maitreya’s atomism 	 AryaH/hinduism/branches/nyAya-vaisheShike/articles/MT/2004-09-18_maitreyas-atomism/
The deadly foe-destroying yoga of brahmaNya deva 	 AryaH/hinduism/branches/kaumAraH/MT_lekhAH/2004-09-12_the-deadly-foe-destroying-yoga-of-brahmanya-deva/
penance for illicit foods 	 AryaH/hinduism/AchAraH/kriyAH/prAyashcittam/articles/MT/2004-09-05_penance-for-illicit-foods/
+Articles 	 AryaH/hinduism/AchAraH/kriyAH/utsavAH/articles/
+उत्सवाः 	 AryaH/hinduism/AchAraH/kriyAH/utsavAH/
+मानसतरङ्गिणीकृल्-लेखाः 	 AryaH/hinduism/AchAraH/kriyAH/utsavAH/articles/MT_lekhAH/
The festival of kAma 	 AryaH/hinduism/AchAraH/kriyAH/utsavAH/articles/MT_lekhAH/2004-09-01_the-festival-of-kama/
Implements of the shrauta ritual … continued 	 AryaH/hinduism/AchAraH/kriyAH/angAni/dravyam/MT_lekhAH/2004-08-20_implements-of-the-shrauta-ritual-continued/
Implements of the shrauta ritual 	 AryaH/hinduism/AchAraH/kriyAH/angAni/dravyam/MT_lekhAH/2004-08-18_implements-of-the-shrauta-ritual/
+Articles 	 AryaH/germanic/articles/
+Germanic 	 AryaH/germanic/
+MT 	 AryaH/germanic/articles/MT/
Skaldskaparmal 	 AryaH/germanic/articles/MT/2004-06-22_skaldskaparmal/
+Articles 	 AryaH/meta/myth/articles/
+MT 	 AryaH/meta/myth/articles/MT/
+Myth 	 AryaH/meta/myth/
+अध्यार्यागमम् 	 AryaH/meta/
Indo-European divine tripartation 	 AryaH/meta/myth/articles/MT/2004-04-09_indo-european-divine-tripartation/
+मानसतरङ्गिणीकृल्-लेखाः 	 AryaH/hinduism/AchAraH/food/MT_lekhAH/
Food आहारः 	 AryaH/hinduism/AchAraH/food/
Vedic Beer 	 AryaH/hinduism/AchAraH/food/MT_lekhAH/2004-03-22_vedic-beer/
lakShmI tantraM 	 AryaH/hinduism/branches/vaiShNavaH/meta/MT_lekhAH/2004-02-09_lakshmi-tantram/
gaNapati-The god 	 AryaH/hinduism/branches/gANapatyam/MT_lekhAH/2003-12-09_ganapati-the-god/
Marriage according to agni-vivAha smR^iti 	 AryaH/hinduism/social-cultivation/dharma/Ashrama/vivAhaH/articles/MT_lekhAH/2003-07-29_marriage-according-to-agni-vivaha-smriti/
 	 AryaH/hinduism/AchAraH/articles/Sacred-ground_Bakker/
+0 	 AryaH/hinduism/branches/brAhmaH/shAnakara-darshanam/articles/satyanArAyaNa-shAstrI/let_go/0/
+0 	 AryaH/hinduism/branches/brAhmaH/shAnakara-darshanam/brahma-sUtrANi/sachchidAnandendraH/v1/0/
+0 	 AryaH/hinduism/branches/brAhmaH/shAnakara-darshanam/sachchidAnandendraH/mUlAvidyA-nirAsaH/0/
+0 	 AryaH/hinduism/branches/vaiShNavaH/shrI-sampradAyaH/tattvam/venkaTanAthaH/rahasya-traya-sAraH/nsa-summary/0/
+00 	 AryaH/hinduism/articles/homa-variations/00/
+00 	 AryaH/hinduism/articles/Sacred-ground_Bakker/00/
+00 	 AryaH/hinduism/articles/tantrAgamAH/tantra-in-practice/00/
+00 	 AryaH/hinduism/branches/shaivaH/trikam/abhinavagupta-mUlam/tantrasAraH/00/
+00 	 AryaH/iranic/zoro/articles/boyce_persian-stronghold/00/
+01 Early Studies 1986–2000 	 AryaH/hinduism/articles/Sacred-ground_Bakker/01_Early_Studies_19862000/
+01 Gurus and Adepts 	 AryaH/hinduism/articles/tantrAgamAH/tantra-in-practice/01_Gurus_and_Adepts/
+01 Introduction 	 AryaH/hinduism/articles/homa-variations/01_Introduction/
+01 SIDDHĀNTA - THEORY 	 AryaH/hinduism/branches/brAhmaH/shAnakara-darshanam/articles/satyanArAyaNa-shAstrI/let_go/01_siddhAnta_-_THEORY/
+01 ākṣaya tṛtīyā 	 AryaH/hinduism/AchAraH/kriyAH/utsavAH/articles/rangapriya-on-festivals/01_Axaya_TRtIyA/
+02 Kings and Priests 	 AryaH/hinduism/articles/tantrAgamAH/tantra-in-practice/02_Kings_and_Priests/
+02 METHODS OF SĀDHANA 	 AryaH/hinduism/branches/brAhmaH/shAnakara-darshanam/articles/satyanArAyaNa-shAstrI/let_go/02_sAdhana_-_PRACTICE/02_METHODS_OF_sAdhana/
+02 Studies in the Early History and Culture of North India 	 AryaH/hinduism/articles/Sacred-ground_Bakker/02_Studies_in_the_Early_History_and_Culture_of_North_India/
+02 Symbolic and Comparative Studies 	 AryaH/hinduism/articles/homa-variations/02_Symbolic_and_Comparative_Studies/
+02 SĀDHANA - PRACTICE 	 AryaH/hinduism/branches/brAhmaH/shAnakara-darshanam/articles/satyanArAyaNa-shAstrI/let_go/02_sAdhana_-_PRACTICE/
+02 ānantapadmanābha Vrata 	 AryaH/hinduism/AchAraH/kriyAH/utsavAH/articles/rangapriya-on-festivals/02_AnantapadmanAbha_Vrata/
+03 A FEW GEMS FROM GAUḌAPĀDA 	 AryaH/hinduism/branches/brAhmaH/shAnakara-darshanam/articles/satyanArAyaNa-shAstrI/let_go/03_LECTURES_ON_mAnDUkya_upaniShad/03_A_FEW_GEMS_FROM_gauDapAda/
+03 chāturmāsya 	 AryaH/hinduism/AchAraH/kriyAH/utsavAH/articles/rangapriya-on-festivals/03_ChAturmAsya/
+03 Devotees and Deities 	 AryaH/hinduism/articles/tantrAgamAH/tantra-in-practice/03_Devotees_and_Deities/
+03 LECTURES ON MĀNḌŪKYA UPANIṣAD 	 AryaH/hinduism/branches/brAhmaH/shAnakara-darshanam/articles/satyanArAyaNa-shAstrI/let_go/03_LECTURES_ON_mAnDUkya_upaniShad/
+03 Studies in Early Saivism 	 AryaH/hinduism/articles/Sacred-ground_Bakker/03_Studies_in_Early_Saivism/
+03 SUKHA-DUḤKHA PARĪKṣA 	 AryaH/hinduism/branches/brAhmaH/shAnakara-darshanam/articles/satyanArAyaNa-shAstrI/let_go/01_siddhAnta_-_THEORY/03_sukha-dukha_parIxa/
+03 Textual Studies 	 AryaH/hinduism/articles/homa-variations/03_Textual_Studies/
+04 Descriptive Studies 	 AryaH/hinduism/articles/homa-variations/04_Descriptive_Studies/
+04 References and Index 	 AryaH/hinduism/articles/Sacred-ground_Bakker/00/04_References_and_Index/
+04 The Science of Time 	 AryaH/hinduism/AchAraH/kriyAH/utsavAH/articles/rangapriya-on-festivals/01_Axaya_TRtIyA/04_The_Science_of_Time/
+04 Traditions in Transition and Conflict 	 AryaH/hinduism/articles/tantrAgamAH/tantra-in-practice/04_Traditions_in_Transition_and_Conflict/
+05 Gaṅgā Snāna 	 AryaH/hinduism/AchAraH/kriyAH/utsavAH/articles/rangapriya-on-festivals/01_Axaya_TRtIyA/05_gangA_snAna/
+05 Tantric Paths 	 AryaH/hinduism/articles/tantrAgamAH/tantra-in-practice/05_Tantric_Paths/
+06 Rites and Techniques 	 AryaH/hinduism/articles/tantrAgamAH/tantra-in-practice/06_Rites_and_Techniques/
+07 Yoga and Meditation 	 AryaH/hinduism/articles/tantrAgamAH/tantra-in-practice/07_Yoga_and_Meditation/
+3 Translation 	 AryaH/hinduism/branches/nyAya-vaisheShike/articles/vaisheShika-sUtrANi_moise_thITe/3_translation/
+4 Discipline and Breeding 	 AryaH/germanic/articles/Neitzesche/Will_to_Power/4_Discipline_and_Breeding/
+Advice 	 AryaH/hinduism/social-cultivation/dharma/Ashrama/vivAhaH/articles/advice/
+Animal protection 	 AryaH/hinduism/social-cultivation/violence/animal-protection/
+Animal sacrifice 	 AryaH/hinduism/social-cultivation/violence/animal-sacrifice/
+Anugamana 	 AryaH/hinduism/social-cultivation/violence/anugamana/
+Articles 	 AryaH/hinduism/AchAraH/articles/
+Articles 	 AryaH/hinduism/AchAraH/kriyAH/meta-ritual/articles/
+Articles 	 AryaH/hinduism/AchAraH/kriyAH/tAtkAlika-saMskAraH/sharIram/veShaH/articles/
+Articles 	 AryaH/hinduism/bases/articles/
+Articles 	 AryaH/hinduism/branches/brAhmaH/articles/
+Articles 	 AryaH/hinduism/branches/brAhmaH/shAnakara-darshanam/articles/
+Articles 	 AryaH/hinduism/branches/brAhmaH/shAnakara-darshanam/maTha/articles/
+Articles 	 AryaH/hinduism/branches/brAhmaH/yoga-vAsiShTha-shAstram/articles/
+Articles 	 AryaH/hinduism/branches/shaivaH/meta/articles/
+Articles 	 AryaH/hinduism/branches/shaivaH/siddhAntaH/articles/
+Articles 	 AryaH/hinduism/branches/shaivaH/trikam/articles/
+Articles 	 AryaH/hinduism/branches/vaiShNavaH/shrI-sampradAyaH/meta/articles/
+Articles 	 AryaH/hinduism/social-cultivation/clan/theory/varNa-change/articles/
+Articles 	 AryaH/hinduism/social-cultivation/dharma/Ashrama/articles/
+Articles 	 AryaH/hinduism/social-cultivation/guru/articles/
+Articles 	 AryaH/hinduism/social-cultivation/violence/animal-protection/go-raxA/articles/
+Articles 	 AryaH/hinduism/social-cultivation/violence/anugamana/articles/
+Articles 	 AryaH/hinduism/social-cultivation/violence/articles/
+Articles 	 AryaH/hinduism/tattvam/puruShArthaH/articles/
+Articles 	 AryaH/hinduism/tattvam/Rtam/articles/
+Articles 	 AryaH/iranic/articles/
+Articles 	 AryaH/iranic/zoro/articles/
+Articles 	 AryaH/mediterranian/articles/
+Articles 	 AryaH/mediterranian/platonism/articles/
+Articles 	 AryaH/meta/articles/
+Articles 	 kemet/articles/
+Articles 	 vodUn/articles/
+Ashtavakra Samhita 	 AryaH/hinduism/branches/brAhmaH/shAnakara-darshanam/articles/satyanArAyaNa-shAstrI/garaNi-rAdhAkRShNaH/english-articles/Ashtavakra_Samhita/
+Bases 	 AryaH/hinduism/bases/
+Biology 	 AryaH/hinduism/social-cultivation/biology/
+Books- Intro 	 AryaH/hinduism/bases/books/
+Boyce: Persian stronghold 	 AryaH/iranic/zoro/articles/boyce_persian-stronghold/
+Bremmer 	 AryaH/mediterranian/articles/bremmer/
+chInaH 	 chInaH/
+Communal Support 	 AryaH/hinduism/social-cultivation/communal-support/
+Confucianism 	 chInaH/confucianism/
+Connection-web ऋतम् 	 AryaH/hinduism/tattvam/Rtam/
+dANDekaraH 	 AryaH/hinduism/articles/dANDekaraH/
+Decoration 	 AryaH/hinduism/AchAraH/kriyAH/tAtkAlika-saMskAraH/sharIram/veShaH/decoration/
+Deva-s 	 AryaH/iranic/devas/
+English articles 	 AryaH/hinduism/branches/brAhmaH/shAnakara-darshanam/articles/satyanArAyaNa-shAstrI/garaNi-rAdhAkRShNaH/english-articles/
+Fiction 	 AryaH/hinduism/social-cultivation/clan/theory/fiction/
+Getting off 	 AryaH/bauddhaH/meta/articles/getting-off/
+GhorAngirasa 	 AryaH/hinduism/social-cultivation/clan/theory/articles/GA/
+ghorAngIrasa 	 AryaH/hinduism/branches/shaivaH/siddhAntaH/articles/GA/
+Guru 	 AryaH/hinduism/social-cultivation/guru/
+Hinduism insights 	 AryaH/hinduism/articles/dANDekaraH/hinduism-insights/
+History 	 AryaH/hinduism/AchAraH/kriyAH/tAtkAlika-saMskAraH/sharIram/veShaH/history/
+Holy Ground - Bakker 	 AryaH/hinduism/articles/Sacred-ground_Bakker/
+Homa Variations 	 AryaH/hinduism/articles/homa-variations/
+India: What can it teach us? 	 AryaH/hinduism/articles/muller-max/india_what_it_can_teach_us/
+Iranic 	 AryaH/iranic/
+Kaufman 	 AryaH/germanic/articles/Neitzesche/Will_to_Power/1_EUROPEAN_NIHILISM/Kaufman/
+Kaufmann 	 AryaH/germanic/articles/Neitzesche/Will_to_Power/2_CRITIQUE_OF_THE_HIGHEST_VALUES_HITHERTO/Kaufmann/
+Kaufmann 	 AryaH/germanic/articles/Neitzesche/Will_to_Power/3_PRINCIPLES_OF_A_NEW_EVALUATION/Kaufmann/
+Kaufmann 	 AryaH/germanic/articles/Neitzesche/Will_to_Power/4_Discipline_and_Breeding/Kaufmann/
+kemet 	 kemet/
+Let go 	 AryaH/hinduism/branches/brAhmaH/shAnakara-darshanam/articles/satyanArAyaNa-shAstrI/let_go/
+Ludovici 	 AryaH/germanic/articles/Neitzesche/Will_to_Power/1_EUROPEAN_NIHILISM/Ludovici/
+Ludovici 	 AryaH/germanic/articles/Neitzesche/Will_to_Power/2_CRITIQUE_OF_THE_HIGHEST_VALUES_HITHERTO/Ludovici/
+Ludovici 	 AryaH/germanic/articles/Neitzesche/Will_to_Power/3_PRINCIPLES_OF_A_NEW_EVALUATION/Ludovici/
+Ludovici 	 AryaH/germanic/articles/Neitzesche/Will_to_Power/4_Discipline_and_Breeding/Ludovici/
+M & T translation 	 AryaH/hinduism/branches/nyAya-vaisheShike/articles/vaisheShika-sUtrANi_moise_thITe/
+Marrewa 	 AryaH/hinduism/branches/shaivaH/meta/articles/marrewa/
+mAya 	 amerindian/mAya/
+Mediterranean 	 AryaH/mediterranian/
+Meta 	 AryaH/chArvAkaH/meta/
+Meta 	 AryaH/germanic/articles/Neitzesche/Will_to_Power/Meta/
+Meta-Ritual 	 AryaH/hinduism/AchAraH/kriyAH/meta-ritual/
+MT 	 AryaH/hinduism/AchAraH/kriyAH/meta-ritual/articles/MT/
+MT 	 AryaH/hinduism/AchAraH/kriyAH/tAtkAlika-saMskAraH/sharIram/veShaH/articles/MT/
+MT 	 AryaH/hinduism/social-cultivation/guru/articles/MT/
+MT 	 AryaH/hinduism/social-cultivation/violence/animal-protection/go-raxA/articles/MT/
+MT 	 AryaH/hinduism/social-cultivation/violence/articles/MT/
+MT 	 AryaH/hinduism/tattvam/mantraH/articles/MT/
+MT 	 AryaH/iranic/articles/MT/
+MT 	 AryaH/iranic/zoro/articles/MT/
+MT 	 AryaH/mediterranian/articles/MT/
+MT 	 AryaH/meta/articles/MT/
+Neitzesche 	 AryaH/germanic/articles/Neitzesche/
+NSA summary 	 AryaH/hinduism/branches/vaiShNavaH/shrI-sampradAyaH/tattvam/venkaTanAthaH/rahasya-traya-sAraH/nsa-summary/
+Pain control 	 AryaH/hinduism/bases/kathAH/pain-control/
+Platonism 	 AryaH/mediterranian/platonism/
+Pre-rAga 	 AryaH/hinduism/branches/brAhmaH/nAnaka-mArgaH/guru-granthaH/01_pre-rAga/
+Rain 	 AryaH/hinduism/AchAraH/kriyAH/meta-ritual/articles/rain/
+rAjagopAla translation 	 AryaH/hinduism/branches/vaiShNavaH/shrI-sampradAyaH/tattvam/venkaTanAthaH/rahasya-traya-sAraH/rAjagopAla-translation/
+Ritual 	 AryaH/hinduism/social-cultivation/clan/theory/shUdra/ritual/
+Roman 	 AryaH/mediterranian/roman/
+Sallustus 	 AryaH/mediterranian/platonism/sallustius/
+Self cultivation 	 AryaH/hinduism/self-cultivation/
+Semitic 	 semitic/
+SHAKTI AND SHAKTA 	 AryaH/hinduism/articles/tantrAgamAH/avalon-arthur_woodroffe/shakti_and_shAkta/
+shrī-raṅgapriya on festivals 	 AryaH/hinduism/AchAraH/kriyAH/utsavAH/articles/rangapriya-on-festivals/
+shtAneshvaraH 	 AryaH/hinduism/branches/shaivaH/trikam/articles/sthAneshvaraH/
+shUdra 	 AryaH/hinduism/social-cultivation/clan/theory/shUdra/
+Summary 	 AryaH/hinduism/branches/shaivaH/trikam/abhinavagupta-mUlam/tantrasAraH/00/Summary/
+svastika 	 AryaH/hinduism/articles/svastika/
+Talks 	 AryaH/hinduism/branches/brAhmaH/yoga-vAsiShTha-shAstram/articles/satyanArAyaNa-shAstrI/talks/
+Tantra in Practice 	 AryaH/hinduism/articles/tantrAgamAH/tantra-in-practice/
+Temple interference 	 AryaH/hinduism/AchAraH/kriyAH/meta-ritual/articles/temple-interference/
+Tolerance - Sanderson 	 AryaH/hinduism/articles/sanderson_tolerance/
+v1 	 AryaH/hinduism/branches/brAhmaH/shAnakara-darshanam/brahma-sUtrANi/sachchidAnandendraH/v1/
+Views विचारधाराः 	 AryaH/hinduism/tattvam/darshanam/
+vodUn 	 vodUn/
+Will to Power 	 AryaH/germanic/articles/Neitzesche/Will_to_Power/
+Woman स्त्रीः 	 AryaH/hinduism/social-cultivation/women/
+Zoro 	 AryaH/iranic/zoro/
+अङ्गानि 	 AryaH/hinduism/AchAraH/kriyAH/homaH/angAni/
+अङ्गानि 	 AryaH/hinduism/branches/vaiShNavaH/shrI-sampradAyaH/kriyA/prayogamAlA/angAni/
+अधि श्री-सम्प्रदायम् 	 AryaH/hinduism/branches/vaiShNavaH/shrI-sampradAyaH/meta/
+अधि-साङ्ख्यम् 	 AryaH/hinduism/branches/sAnkhyam/meta/
+अधियोगम् 	 AryaH/hinduism/branches/yogaH/meta/
+अधिशैवम् 	 AryaH/hinduism/branches/shaivaH/meta/
+अनिरुद्धसंहिता 	 AryaH/hinduism/branches/vaiShNavaH/pAncharAtrAgamaH/aniruddha-saMhitA/
+अभिचारः 	 AryaH/hinduism/bases/kathAH/abhichAraH/
+अभिनवगुप्त-मूलानि 	 AryaH/hinduism/branches/shaivaH/trikam/abhinavagupta-mUlam/
+अष्ट प्रकरणानि 	 AryaH/hinduism/branches/shaivaH/siddhAntaH/aShTa_prakaraNAni/
+आजीव-संस्कारः 	 AryaH/hinduism/AchAraH/kriyAH/AjIva-saMskAraH/
+आनन्दबोधेन्द्र-टीका 	 AryaH/hinduism/branches/brAhmaH/yoga-vAsiShTha-shAstram/Ananda-bodhendra-TIkA/
+आहारनियमः 	 AryaH/hinduism/branches/vaiShNavaH/shrI-sampradAyaH/tattvam/venkaTanAthaH/AhAra-niyamaH/
+आह्निकार्थ-प्रकाशिका 	 AryaH/hinduism/branches/vaiShNavaH/shrI-sampradAyaH/kriyA/AhnikArtha-prakAshikA/
+ईश्वरप्रत्यभिज्ञाकारिका 	 AryaH/hinduism/branches/shaivaH/trikam/Ishvara-pratyabhiJNA-kArikA/
+उपकरणानि 	 AryaH/hinduism/AchAraH/vishvAsa-matam/images/shrauta-yAga/upakaraNa/
+कथाः 	 AryaH/hinduism/bases/kathAH/
+कल्पे विश्वासमतम् 	 AryaH/hinduism/AchAraH/vishvAsa-matam/
+कारिका 	 AryaH/hinduism/branches/sAnkhyam/kArikA/
+कुलकरणि-देवरावः 	 AryaH/hinduism/branches/brAhmaH/shAnakara-darshanam/sachchidAnandendraH/kulakaraNi-devarAvaH/
+क्रिया-सागरः 	 AryaH/hinduism/branches/vaiShNavaH/pAncharAtrAgamaH/kriyA-sAgaraH/
+क्रियाकैरवचन्द्रिका 	 AryaH/hinduism/branches/vaiShNavaH/pAncharAtrAgamaH/kriyA-kairava-chandrikA/
+क्षेमराज-मूलम् 	 AryaH/hinduism/branches/shaivaH/trikam/xemarAja-mUlam/
+क्षेमराज-विमर्शिनी 	 AryaH/hinduism/branches/shaivaH/shiva-sUtrANi/kShemarAja-vimarshinI/
+खादनम् 	 AryaH/hinduism/AchAraH/kriyAH/khAdanam/
+गुणः 	 AryaH/hinduism/branches/nyAya-vaisheShike/padArthAH/guNaH/
+गुरुग्रन्थः 	 AryaH/hinduism/branches/brAhmaH/nAnaka-mArgaH/guru-granthaH/
+गुर्तू-नीलकण्ठः 	 AryaH/hinduism/branches/shaivaH/trikam/articles/gurtU-nIlakaNThaH/
+गोरक्षा 	 AryaH/hinduism/social-cultivation/violence/animal-protection/go-raxA/
+घोराङ्गीरसः 	 AryaH/hinduism/AchAraH/kriyAH/meta-ritual/articles/ghorAngIrasa/
+चतुर्वेदि-राधेश्यामः 	 AryaH/hinduism/branches/shaivaH/trikam/abhinavagupta-mUlam/tantrAlokaH/pariShkAryam/chaturvedi-rAdheshyAmaH/
+चार्वाकः 	 AryaH/chArvAkaH/
+चित्राणि 	 AryaH/bauddhaH/images/
+चित्राणि 	 AryaH/hinduism/AchAraH/kriyAH/angAni/dravyam/images/
+चित्राणि 	 AryaH/hinduism/AchAraH/kriyAH/homaH/angAni/images/
+चित्राणि 	 AryaH/hinduism/AchAraH/kriyAH/meta-ritual/images/
+चित्राणि 	 AryaH/hinduism/AchAraH/kriyAH/pUjA/images/
+चित्राणि 	 AryaH/hinduism/AchAraH/kriyAH/tAtkAlika-saMskAraH/sharIram/veShaH/images/
+चित्राणि 	 AryaH/hinduism/AchAraH/vishvAsa-matam/images/
+चित्राणि 	 AryaH/hinduism/branches/brAhmaH/shAnakara-darshanam/images/
+चित्राणि 	 AryaH/hinduism/branches/shaivaH/images/
+चित्राणि 	 AryaH/hinduism/branches/shaivaH/meta/images/
+चित्राणि 	 AryaH/hinduism/branches/shaivaH/trikam/images/
+चित्राणि 	 AryaH/hinduism/social-cultivation/dharma/Ashrama/vivAhaH/images/
+चित्राणि 	 AryaH/images/
+जयरथटीका 	 AryaH/hinduism/branches/shaivaH/trikam/abhinavagupta-mUlam/tantrAlokaH/jayaratha-TIkA/
+जयाख्यसंहिता 	 AryaH/hinduism/branches/vaiShNavaH/pAncharAtrAgamaH/jayAkhya-saMhitA/
+जू-लक्ष्मणः 	 AryaH/hinduism/branches/shaivaH/trikam/articles/jU-laxmaNaH/
+जैन-बौद्ध-चार्वाक दर्शन 	 AryaH/meta/saMskRta-vANmaya-bRhad-itihAsa/12_nAstikyam/
+तत्त्व-मुक्ता-कलापः 	 AryaH/hinduism/branches/vaiShNavaH/shrI-sampradAyaH/tattvam/venkaTanAthaH/tattva-muktA-kalApaH/
+तत्त्वम् 	 AryaH/hinduism/branches/vaiShNavaH/shrI-sampradAyaH/tattvam/
+तन्त्रसारः 	 AryaH/hinduism/branches/shaivaH/trikam/abhinavagupta-mUlam/tantrasAraH/
+तन्त्रागम 	 AryaH/meta/saMskRta-vANmaya-bRhad-itihAsa/11_tantrAgama/
+तन्त्रालोकः 	 AryaH/hinduism/branches/shaivaH/trikam/abhinavagupta-mUlam/tantrAlokaH/
+तर्कसङ्ग्रहः 	 AryaH/hinduism/branches/nyAya-vaisheShike/tarkasangrahaH/
+तात्कालिक-संस्कारः 	 AryaH/hinduism/AchAraH/kriyAH/tAtkAlika-saMskAraH/
+त्रिकम् 	 AryaH/hinduism/branches/shaivaH/trikam/
+त्रिपुरा-रहस्यम् 	 AryaH/hinduism/branches/shAktaH/tripurA-rahasyam/
+दानम् 	 AryaH/hinduism/AchAraH/dAnam/
+द्रव्यम् 	 AryaH/hinduism/branches/nyAya-vaisheShike/padArthAH/dravyam/
+नानकमार्गः 	 AryaH/hinduism/branches/brAhmaH/nAnaka-mArgaH/
+निक्षेप-रक्षा 	 AryaH/hinduism/branches/vaiShNavaH/shrI-sampradAyaH/tattvam/venkaTanAthaH/nixepa-raxA/
+नेत्रतन्त्रम् 	 AryaH/hinduism/branches/shaivaH/trikam/netra-tantram/
+न्याय-परिशुद्धिः - वेदान्तदेशिकः 	 AryaH/hinduism/branches/nyAya-vaisheShike/vishiShTAdvaiti-granthAH/nyAya-parishuddhiH_vedAnta-deshikaH/
+न्यायकुलिशः 	 AryaH/hinduism/branches/nyAya-vaisheShike/vishiShTAdvaiti-granthAH/nyAya-kulishaH/
+पदार्थाः 	 AryaH/hinduism/branches/nyAya-vaisheShike/padArthAH/
+परमहंस-मिश्रः 	 AryaH/hinduism/branches/shaivaH/trikam/abhinavagupta-mUlam/tantrAlokaH/pariShkAryam/paramahaMsa-mishraH/
+परमहंस-मिश्रानुवादः 	 AryaH/hinduism/branches/shaivaH/trikam/mAlinI-vijayottara-tantram/srotaH/paramhaMsa-mishrAnuvAdaH/
+परा-प्रवेशिका 	 AryaH/hinduism/branches/shaivaH/trikam/xemarAja-mUlam/parA-praveshikA/
+परात्रिंशिका-विवरणम् 	 AryaH/hinduism/branches/shaivaH/trikam/parAtriMshikA/
+परिष्कार्यम् 	 AryaH/hinduism/branches/shaivaH/trikam/abhinavagupta-mUlam/tantrAlokaH/pariShkAryam/
+पाञ्चरात्रागमः 	 AryaH/hinduism/branches/vaiShNavaH/pAncharAtrAgamaH/
+पाठभेदाः 	 AryaH/hinduism/branches/sAnkhyam/kArikA/pAThabhedAH/
+पुरुषार्थाः Goals of life 	 AryaH/hinduism/tattvam/puruShArthaH/
+पौष्कर संहिता 	 AryaH/hinduism/branches/vaiShNavaH/pAncharAtrAgamaH/pauShkara-saMhitA/
+प्रतिपादितविषयसङ्ग्रहः 	 AryaH/hinduism/branches/shaivaH/shiva-sUtrANi/viShaya-sangrahaH/
+प्रत्यभिज्ञा-हृदयं 	 AryaH/hinduism/branches/shaivaH/trikam/pratyabhijJNA-hRdayam/
+प्रपञ्च-सारः 	 AryaH/hinduism/branches/mishram/prapancha-sAraH/
+प्रमा 	 AryaH/hinduism/branches/nyAya-vaisheShike/pramA/
+प्रयोगमाला 	 AryaH/hinduism/branches/vaiShNavaH/shrI-sampradAyaH/kriyA/prayogamAlA/
+बलिः 	 AryaH/hinduism/AchAraH/kriyAH/baliH/
+ब्रह्म-सूत्राणि 	 AryaH/hinduism/branches/brAhmaH/shAnakara-darshanam/brahma-sUtrANi/
+ब्राह्मः 	 AryaH/hinduism/branches/brAhmaH/
+मठः 	 AryaH/hinduism/branches/brAhmaH/shAnakara-darshanam/maTha/
+मनः 	 AryaH/hinduism/AchAraH/kriyAH/tAtkAlika-saMskAraH/manaH/
+मानसतरङ्गिणीकृल्-लेखाः 	 AryaH/hinduism/bases/articles/MT/
+मानसतरङ्गिणीकृल्-लेखाः 	 AryaH/hinduism/tattvam/Rtam/articles/MT/
+मानसोल्लासः 	 AryaH/hinduism/articles/mAnasollAsaH/
+मालिनी-विजय-वार्तिकम् 	 AryaH/hinduism/branches/shaivaH/trikam/abhinavagupta-mUlam/mAlinI-vijaya-vArtikam/
+मालिनी-विजयोत्तर-तन्त्रम् 	 AryaH/hinduism/branches/shaivaH/trikam/mAlinI-vijayottara-tantram/
+मूलम् 	 AryaH/hinduism/branches/brAhmaH/shAnakara-darshanam/brahma-sUtrANi/mUlam/
+मूलम् 	 AryaH/hinduism/branches/shaivaH/trikam/abhinavagupta-mUlam/tantrasAraH/mUlam/
+मूलम् 	 AryaH/hinduism/branches/vaiShNavaH/shrI-sampradAyaH/tattvam/venkaTanAthaH/rahasya-traya-sAraH/mUlam/
+मूलाविद्यानिरासः 	 AryaH/hinduism/branches/brAhmaH/shAnakara-darshanam/sachchidAnandendraH/mUlAvidyA-nirAsaH/
+मेरुतन्त्र 	 AryaH/hinduism/branches/shaivaH/meru-tantram/
+यामुनः 	 AryaH/hinduism/branches/vaiShNavaH/shrI-sampradAyaH/tattvam/yAmunaH/
+योग-वासिष्ठ-शास्त्रम् 	 AryaH/hinduism/branches/brAhmaH/yoga-vAsiShTha-shAstram/
+योगः 	 AryaH/hinduism/branches/yogaH/
+योगसूत्राणि 	 AryaH/hinduism/branches/yogaH/yoga-sUtrANi/
+रहस्य-त्रय-सारः 	 AryaH/hinduism/branches/vaiShNavaH/shrI-sampradAyaH/tattvam/venkaTanAthaH/rahasya-traya-sAraH/
+रौरवागमः 	 AryaH/hinduism/branches/shaivaH/rauravAgamaH/
+लक्ष्मीपुर-श्रीनिवास-सङ्ग्रहः 	 AryaH/hinduism/branches/vaiShNavaH/shrI-sampradAyaH/tattvam/venkaTanAthaH/rahasya-traya-sAraH/laxmIpura-shrInivAsa-sangrahaH/
+वसुगुप्त-वार्त्तिकम् 	 AryaH/hinduism/branches/shaivaH/shiva-sUtrANi/vasugupta-vArttikam/
+वादन्यायः 	 AryaH/hinduism/branches/nyAya-vaisheShike/vAda-nyAyaH/
+विज्ञान-भैरवः 	 AryaH/hinduism/branches/shaivaH/trikam/vijJNAna-bhairavaH/
+विद्याशङ्करः 	 AryaH/hinduism/branches/brAhmaH/shAnakara-darshanam/maTha/articles/vidyAshankaraH/
+विमर्शिनी 	 AryaH/hinduism/branches/shaivaH/trikam/Ishvara-pratyabhiJNA-kArikA/vimarshinI/
+विमर्शिनीव्याख्या 	 AryaH/hinduism/branches/shaivaH/trikam/Ishvara-pratyabhiJNA-kArikA/vimarshinI-vyAkhyA/
+विशिष्टाद्वैति-ग्रन्थाः 	 AryaH/hinduism/branches/nyAya-vaisheShike/vishiShTAdvaiti-granthAH/
+विशेषाः 	 AryaH/hinduism/AchAraH/kriyAH/homaH/visheShaH/
+विष्णुदत्त-शास्त्र्य्-अनुवादः 	 AryaH/hinduism/branches/shaivaH/trikam/mAlinI-vijayottara-tantram/srotaH/viShnu-datta-Shastry-anuvAdaH/
+वृत्तिः 	 AryaH/hinduism/branches/shaivaH/trikam/Ishvara-pratyabhiJNA-kArikA/vRttiH/
+वेङ्कटनाथः 	 AryaH/hinduism/branches/vaiShNavaH/shrI-sampradAyaH/tattvam/venkaTanAthaH/
+वेदिः 	 AryaH/hinduism/AchAraH/vishvAsa-matam/images/shrauta-yAga/vedI/
+वेषः 	 AryaH/hinduism/AchAraH/kriyAH/tAtkAlika-saMskAraH/sharIram/veShaH/
+वैश्वदेवम् 	 AryaH/hinduism/branches/vaiShNavaH/shrI-sampradAyaH/kriyA/shrIvaiShNava-sadAchAra-nirNayaH/vaishvadevam/
+शत-दूषणी 	 AryaH/hinduism/branches/vaiShNavaH/shrI-sampradAyaH/tattvam/venkaTanAthaH/shata-dUShaNI/
+शरीर-संस्कारः 	 AryaH/hinduism/AchAraH/kriyAH/tAtkAlika-saMskAraH/sharIram/
+शाङ्कर-दर्शनम् 	 AryaH/hinduism/branches/brAhmaH/shAnakara-darshanam/
+शिव-सूत्राणि 	 AryaH/hinduism/branches/shaivaH/shiva-sUtrANi/
+शैवः 	 AryaH/hinduism/branches/shaivaH/
+श्राद्धम् 	 AryaH/hinduism/AchAraH/kriyAH/shrAddham/
+श्री-सम्प्रदायः 	 AryaH/hinduism/branches/vaiShNavaH/shrI-sampradAyaH/
+श्रौतयागः 	 AryaH/hinduism/AchAraH/vishvAsa-matam/images/shrauta-yAga/
+संस्कृत-वाङ्मय का बृहद इतिहास १० वेदान्त 	 AryaH/hinduism/branches/brAhmaH/articles/saMskRta-vANmaya-bRhad-itihAsa_10_vedAnta/
+संस्कृत-वाङ्मय बृहद इतिहास - 9 	 AryaH/hinduism/branches/nyAya-vaisheShike/articles/saMskRta-vANmaya-bRhad-itihAsa/
+संस्कृतवाङ्मय का बृहत् इतिहास 	 AryaH/bauddhaH/saMskRta-vANmaya-bRhad-itihAsa/
+संस्कृतवाङ्मय का बृहत् इतिहास 	 AryaH/chArvAkaH/meta/saMskRta-vANmaya-bRhad-itihAsa/
+संस्कृतवाङ्मय का बृहत् इतिहास 	 AryaH/jainaH/meta/saMskRta-vANmaya-bRhad-itihAsa/
+संस्कृतवाङ्मय का बृहत् इतिहास 	 AryaH/meta/saMskRta-vANmaya-bRhad-itihAsa/
+सच्चरित्र-रक्षा 	 AryaH/hinduism/branches/vaiShNavaH/shrI-sampradAyaH/kriyA/sachcharitra-raxA/
+सच्चिदानन्देन्द्रः 	 AryaH/hinduism/branches/brAhmaH/shAnakara-darshanam/brahma-sUtrANi/sachchidAnandendraH/
+सच्चिदानन्देन्द्रः 	 AryaH/hinduism/branches/brAhmaH/shAnakara-darshanam/sachchidAnandendraH/
+सत्यनारायण-शास्त्री 	 AryaH/hinduism/branches/brAhmaH/shAnakara-darshanam/articles/satyanArAyaNa-shAstrI/
+सत्यनारायण-शास्त्री 	 AryaH/hinduism/branches/brAhmaH/yoga-vAsiShTha-shAstram/articles/satyanArAyaNa-shAstrI/
+सम्बन्धाः 	 AryaH/hinduism/branches/nyAya-vaisheShike/padArthAH/sambandhaH/
+सर्व-प्रस्तुतिः 	 AryaH/hinduism/branches/shaivaH/trikam/mAlinI-vijayottara-tantram/sarva-prastutiH/
+साङ्ख्यम् 	 AryaH/hinduism/branches/sAnkhyam/
+सिद्धान्तः 	 AryaH/hinduism/branches/shaivaH/siddhAntaH/
+सोमानन्द-शिवदृष्टिः 	 AryaH/hinduism/branches/shaivaH/trikam/somAnanda-shivadRShTiH/
+स्पन्द-कारिका 	 AryaH/hinduism/branches/shaivaH/trikam/spanda-kArikA/
+स्रोतः 	 AryaH/hinduism/branches/shaivaH/trikam/mAlinI-vijayottara-tantram/srotaH/
+स्रोतः 	 AryaH/hinduism/branches/shaivaH/trikam/parAtriMshikA/srotaH/
+स्रोतः 	 AryaH/hinduism/branches/shaivaH/trikam/pratyabhijJNA-hRdayam/srotaH/
+स्रोतः 	 AryaH/hinduism/branches/shaivaH/trikam/spanda-kArikA/srotaH/
+स्रोतः 	 AryaH/hinduism/branches/shaivaH/trikam/vijJNAna-bhairavaH/srotaH/
+स्वायंभुव-सूत्र-संग्रहः 	 AryaH/hinduism/branches/shaivaH/svAyambhuvAgamaH/
+० 	 AryaH/hinduism/branches/vaiShNavaH/shrI-sampradAyaH/tattvam/venkaTanAthaH/rahasya-traya-sAraH/rAjagopAla-translation/0/
+० सूत्रपाठः 	 AryaH/hinduism/branches/shaivaH/shiva-sUtrANi/mUlam/
+०१ अद्वैत वेदान्त 	 AryaH/hinduism/branches/brAhmaH/articles/saMskRta-vANmaya-bRhad-itihAsa_10_vedAnta/01_advaita_vedAnta/
+०१ न्याय दर्शन 	 AryaH/hinduism/branches/nyAya-vaisheShike/articles/saMskRta-vANmaya-bRhad-itihAsa/01_nyAya_darshana/
+०१ भगवद्गीता 	 AryaH/hinduism/branches/brAhmaH/articles/saMskRta-vANmaya-bRhad-itihAsa_10_vedAnta/04_gItA_aura_yogavAsiShTha/01_bhagavadgItA/
+०१ विद्यापदः 	 AryaH/hinduism/branches/shaivaH/rauravAgamaH/01_vidyApAdaH/
+०१ विद्यापादः 	 AryaH/hinduism/branches/shaivaH/svAyambhuvAgamaH/01_vidyApAdaH/
+०१ वैष्णव मत 	 AryaH/hinduism/branches/brAhmaH/articles/saMskRta-vANmaya-bRhad-itihAsa_10_vedAnta/02_vishiShTAdvaitavAda/01_vaiShNava_mata/
+०१ सुदर्शन-पाञ्चधन्य-धारण-विधिः 	 AryaH/hinduism/branches/vaiShNavaH/shrI-sampradAyaH/kriyA/sachcharitra-raxA/01_sudarshana-pAncha-janya-dhAraNa-vidhiH/
+०१-०३ 	 AryaH/hinduism/branches/shaivaH/trikam/abhinavagupta-mUlam/tantrAlokaH/pariShkAryam/chaturvedi-rAdheshyAmaH/p1_01-03/
+०१-०३ 	 AryaH/hinduism/branches/shaivaH/trikam/abhinavagupta-mUlam/tantrAlokaH/pariShkAryam/paramahaMsa-mishraH/p1_01-03/
+०२ उत्तरसूत्रम् 	 AryaH/hinduism/branches/shaivaH/svAyambhuvAgamaH/02_uttarasUtram/
+०२ पूर्वपक्षः 	 AryaH/hinduism/branches/vaiShNavaH/shrI-sampradAyaH/tattvam/venkaTanAthaH/nixepa-raxA/02_pUrvapaxaH/
+०२ प्रतिष्ठातन्त्रम् 	 AryaH/hinduism/branches/shaivaH/svAyambhuvAgamaH/03_uttarasvAyambhuve_prakIrNam/02_pratiShThAtantram/
+०२ विशिष्टाद्वैतवाद 	 AryaH/hinduism/branches/brAhmaH/articles/saMskRta-vANmaya-bRhad-itihAsa_10_vedAnta/02_vishiShTAdvaitavAda/
+०२ वैशेषिक दर्शन 	 AryaH/hinduism/branches/nyAya-vaisheShike/articles/saMskRta-vANmaya-bRhad-itihAsa/02_vaisheShika_darshana/
+०२ शैव मत 	 AryaH/hinduism/branches/brAhmaH/articles/saMskRta-vANmaya-bRhad-itihAsa_10_vedAnta/02_vishiShTAdvaitavAda/02_shaiva_mata/
+०३ उत्तरस्वायम्भुवे प्रकीर्णम् 	 AryaH/hinduism/branches/shaivaH/svAyambhuvAgamaH/03_uttarasvAyambhuve_prakIrNam/
+०३ भगवन्-निवेदितोपयोगः 	 AryaH/hinduism/branches/vaiShNavaH/shrI-sampradAyaH/kriyA/sachcharitra-raxA/03_bhagavan-niveditopayogaH/
+०३ साङ्ख्य दर्शन 	 AryaH/hinduism/branches/nyAya-vaisheShike/articles/saMskRta-vANmaya-bRhad-itihAsa/03_sAnkhya_darshana/
+०३ सिद्धान्तः 	 AryaH/hinduism/branches/vaiShNavaH/shrI-sampradAyaH/tattvam/venkaTanAthaH/nixepa-raxA/03_siddhAntaH/
+०३ सेश्वर वेदान्त 	 AryaH/hinduism/branches/brAhmaH/articles/saMskRta-vANmaya-bRhad-itihAsa_10_vedAnta/03_seshvara_vedAnta/
+०४ गीता और योगवासिष्ठ 	 AryaH/hinduism/branches/brAhmaH/articles/saMskRta-vANmaya-bRhad-itihAsa_10_vedAnta/04_gItA_aura_yogavAsiShTha/
+०४ प्रकीर्णम् 	 AryaH/hinduism/branches/shaivaH/svAyambhuvAgamaH/04_prakIrNam/
+०४ मीमांसा दर्शन का इतिहास 	 AryaH/hinduism/branches/nyAya-vaisheShike/articles/saMskRta-vANmaya-bRhad-itihAsa/04_mImAMsA_darshana_kA_itihAsa/
+०४-०७ 	 AryaH/hinduism/branches/shaivaH/trikam/abhinavagupta-mUlam/tantrAlokaH/pariShkAryam/chaturvedi-rAdheshyAmaH/p2_04-07/
+०४-०७ 	 AryaH/hinduism/branches/shaivaH/trikam/abhinavagupta-mUlam/tantrAlokaH/pariShkAryam/paramahaMsa-mishraH/p2_04-07/
+०८-०९ 	 AryaH/hinduism/branches/shaivaH/trikam/abhinavagupta-mUlam/tantrAlokaH/pariShkAryam/paramahaMsa-mishraH/p3_08-09/
+०८-१० 	 AryaH/hinduism/branches/shaivaH/trikam/abhinavagupta-mUlam/tantrAlokaH/pariShkAryam/chaturvedi-rAdheshyAmaH/p3_08-10/
+१ 	 AryaH/hinduism/branches/brAhmaH/shAnakara-darshanam/brahma-sUtrANi/mUlam/1/1/
+१ 	 AryaH/hinduism/branches/brAhmaH/shAnakara-darshanam/brahma-sUtrANi/mUlam/1/
+१ 	 AryaH/hinduism/branches/brAhmaH/shAnakara-darshanam/brahma-sUtrANi/mUlam/2/1/
+१ 	 AryaH/hinduism/branches/brAhmaH/shAnakara-darshanam/brahma-sUtrANi/mUlam/3/1/
+१ 	 AryaH/hinduism/branches/brAhmaH/shAnakara-darshanam/brahma-sUtrANi/mUlam/4/1/
+१ 	 AryaH/hinduism/branches/brAhmaH/yoga-vAsiShTha-shAstram/Ananda-bodhendra-TIkA/6_nirvANa-prakaraNam/1/
+१ अर्थानुशासन-विभागः 	 AryaH/hinduism/branches/vaiShNavaH/shrI-sampradAyaH/tattvam/venkaTanAthaH/rahasya-traya-sAraH/nsa-summary/1_arthAnushAsana-vibhAgaH/
+१ अर्थानुशासन-विभागः 	 AryaH/hinduism/branches/vaiShNavaH/shrI-sampradAyaH/tattvam/venkaTanAthaH/rahasya-traya-sAraH/rAjagopAla-translation/1_arthAnushAsana-vibhAgaH/
+१ वैराग्य-प्रकरणम् 	 AryaH/hinduism/branches/brAhmaH/yoga-vAsiShTha-shAstram/Ananda-bodhendra-TIkA/1_vairAgya-prakaraNam/
+१०-१३ 	 AryaH/hinduism/branches/shaivaH/trikam/abhinavagupta-mUlam/tantrAlokaH/pariShkAryam/paramahaMsa-mishraH/p4_10-13/
+११-२० 	 AryaH/hinduism/branches/shaivaH/trikam/abhinavagupta-mUlam/tantrAlokaH/pariShkAryam/chaturvedi-rAdheshyAmaH/p4_11-20/
+१४-१५ 	 AryaH/hinduism/branches/shaivaH/trikam/abhinavagupta-mUlam/tantrAlokaH/pariShkAryam/paramahaMsa-mishraH/p5_14-15/
+१६-२७ 	 AryaH/hinduism/branches/shaivaH/trikam/abhinavagupta-mUlam/tantrAlokaH/pariShkAryam/paramahaMsa-mishraH/p6_16-27/
+२ 	 AryaH/hinduism/branches/brAhmaH/shAnakara-darshanam/brahma-sUtrANi/mUlam/1/2/
+२ 	 AryaH/hinduism/branches/brAhmaH/shAnakara-darshanam/brahma-sUtrANi/mUlam/2/2/
+२ 	 AryaH/hinduism/branches/brAhmaH/shAnakara-darshanam/brahma-sUtrANi/mUlam/2/
+२ 	 AryaH/hinduism/branches/brAhmaH/shAnakara-darshanam/brahma-sUtrANi/mUlam/3/2/
+२ 	 AryaH/hinduism/branches/brAhmaH/shAnakara-darshanam/brahma-sUtrANi/mUlam/4/2/
+२ 	 AryaH/hinduism/branches/brAhmaH/yoga-vAsiShTha-shAstram/Ananda-bodhendra-TIkA/6_nirvANa-prakaraNam/2/
+२ मुमुक्षु-व्यवहार-प्रकरणम् 	 AryaH/hinduism/branches/brAhmaH/yoga-vAsiShTha-shAstram/Ananda-bodhendra-TIkA/2_mumuxu-vyavahAra-prakaraNam/
+२ स्थिरी-करण-विभागः 	 AryaH/hinduism/branches/vaiShNavaH/shrI-sampradAyaH/tattvam/venkaTanAthaH/rahasya-traya-sAraH/nsa-summary/2_sthirI-karaNa-vibhAgaH/
+२ स्थिरी-करण-विभागः 	 AryaH/hinduism/branches/vaiShNavaH/shrI-sampradAyaH/tattvam/venkaTanAthaH/rahasya-traya-sAraH/rAjagopAla-translation/2_sthirI-karaNa-vibhAgaH/
+२१-३७ 	 AryaH/hinduism/branches/shaivaH/trikam/abhinavagupta-mUlam/tantrAlokaH/pariShkAryam/chaturvedi-rAdheshyAmaH/p5_21-37/
+२८-२९ 	 AryaH/hinduism/branches/shaivaH/trikam/abhinavagupta-mUlam/tantrAlokaH/pariShkAryam/paramahaMsa-mishraH/p7_28-29/
+३ 	 AryaH/hinduism/branches/brAhmaH/shAnakara-darshanam/brahma-sUtrANi/mUlam/1/3/
+३ 	 AryaH/hinduism/branches/brAhmaH/shAnakara-darshanam/brahma-sUtrANi/mUlam/2/3/
+३ 	 AryaH/hinduism/branches/brAhmaH/shAnakara-darshanam/brahma-sUtrANi/mUlam/3/3/
+३ 	 AryaH/hinduism/branches/brAhmaH/shAnakara-darshanam/brahma-sUtrANi/mUlam/3/
+३ 	 AryaH/hinduism/branches/brAhmaH/shAnakara-darshanam/brahma-sUtrANi/mUlam/4/3/
+३ उत्पत्तिप्रकरणम् 	 AryaH/hinduism/branches/brAhmaH/yoga-vAsiShTha-shAstram/Ananda-bodhendra-TIkA/3_utpattiprakaraNam/
+३ पद-वाक्य-योजना-विभागः 	 AryaH/hinduism/branches/vaiShNavaH/shrI-sampradAyaH/tattvam/venkaTanAthaH/rahasya-traya-sAraH/nsa-summary/3_pada-vAkya-yojanA-vibhAgaH/
+३ पद-वाक्य-योजना-विभागः 	 AryaH/hinduism/branches/vaiShNavaH/shrI-sampradAyaH/tattvam/venkaTanAthaH/rahasya-traya-sAraH/rAjagopAla-translation/3_pada-vAkya-yojanA-vibhAgaH/
+३०-३७ 	 AryaH/hinduism/branches/shaivaH/trikam/abhinavagupta-mUlam/tantrAlokaH/pariShkAryam/paramahaMsa-mishraH/p8_30-37_pariShiShTAni/
+४ 	 AryaH/hinduism/branches/brAhmaH/shAnakara-darshanam/brahma-sUtrANi/mUlam/1/4/
+४ 	 AryaH/hinduism/branches/brAhmaH/shAnakara-darshanam/brahma-sUtrANi/mUlam/2/4/
+४ 	 AryaH/hinduism/branches/brAhmaH/shAnakara-darshanam/brahma-sUtrANi/mUlam/3/4/
+४ 	 AryaH/hinduism/branches/brAhmaH/shAnakara-darshanam/brahma-sUtrANi/mUlam/4/4/
+४ 	 AryaH/hinduism/branches/brAhmaH/shAnakara-darshanam/brahma-sUtrANi/mUlam/4/
+४ संप्रदाय-प्रक्रिया-भागः 	 AryaH/hinduism/branches/vaiShNavaH/shrI-sampradAyaH/tattvam/venkaTanAthaH/rahasya-traya-sAraH/nsa-summary/4_saMpradAya-prakriyA-bhAgaH/
+४ संप्रदाय-प्रक्रिया-भागः 	 AryaH/hinduism/branches/vaiShNavaH/shrI-sampradAyaH/tattvam/venkaTanAthaH/rahasya-traya-sAraH/rAjagopAla-translation/4_saMpradAya-prakriyA-bhAgaH/
+४ स्थिति-प्रकरणम् 	 AryaH/hinduism/branches/brAhmaH/yoga-vAsiShTha-shAstram/Ananda-bodhendra-TIkA/4_sthiti-prakaraNam/
+५ उपशम-प्रकरणम् 	 AryaH/hinduism/branches/brAhmaH/yoga-vAsiShTha-shAstram/Ananda-bodhendra-TIkA/5_upashama-prakaraNam/
+६ निर्वाण-प्रकरणम् 	 AryaH/hinduism/branches/brAhmaH/yoga-vAsiShTha-shAstram/Ananda-bodhendra-TIkA/6_nirvANa-prakaraNam/
+ಗೀತಾ ಮಣಿ ಮಾಲೆ 	 AryaH/hinduism/branches/brAhmaH/shAnakara-darshanam/articles/satyanArAyaNa-shAstrI/garaNi-rAdhAkRShNaH/ramaNa/gItA_maNi_mAle/
+ರಮಣ 	 AryaH/hinduism/branches/brAhmaH/shAnakara-darshanam/articles/satyanArAyaNa-shAstrI/garaNi-rAdhAkRShNaH/ramaNa/
+ರಮಣ ಗೀತಾ 	 AryaH/hinduism/branches/brAhmaH/shAnakara-darshanam/articles/satyanArAyaNa-shAstrI/garaNi-rAdhAkRShNaH/ramaNa/ramaNa_gItA/
+ರಮಣ ಮಹರ್ಷಿಗಳೊಡನೆ ಸಂವಾದ 	 AryaH/hinduism/branches/brAhmaH/shAnakara-darshanam/articles/satyanArAyaNa-shAstrI/garaNi-rAdhAkRShNaH/ramaNa/ramaNa_maharShigaLoDane_saMvAda/
+೧ 	 AryaH/hinduism/branches/brAhmaH/shAnakara-darshanam/brahma-sUtrANi/sachchidAnandendraH/v1/1/
+೨ 	 AryaH/hinduism/branches/brAhmaH/shAnakara-darshanam/brahma-sUtrANi/sachchidAnandendraH/v1/2/
0 	 AryaH/germanic/articles/Neitzesche/Will_to_Power/1_EUROPEAN_NIHILISM/Kaufman/0/
0 	 AryaH/germanic/articles/Neitzesche/Will_to_Power/1_EUROPEAN_NIHILISM/Ludovici/0/
0 	 AryaH/germanic/articles/Neitzesche/Will_to_Power/Meta/0/
0 	 AryaH/hinduism/branches/nyAya-vaisheShike/articles/vaisheShika-sUtrANi_moise_thITe/0/
0 Excerpts 	 AryaH/germanic/articles/Neitzesche/Will_to_Power/2_CRITIQUE_OF_THE_HIGHEST_VALUES_HITHERTO/Kaufmann/0_Excerpts/
0 Excerpts 	 AryaH/germanic/articles/Neitzesche/Will_to_Power/4_Discipline_and_Breeding/Kaufmann/0_Excerpts/
0 Front-matter 	 AryaH/hinduism/articles/muller-max/india_what_it_can_teach_us/0_Front-matter/
0 Meta 	 AryaH/hinduism/branches/brAhmaH/shAnakara-darshanam/articles/satyanArAyaNa-shAstrI/garaNi-rAdhAkRShNaH/english-articles/Ashtavakra_Samhita/0_Meta/
00 Comments 	 AryaH/hinduism/articles/sanderson_tolerance/00_Comments/
00 Old Iranic 	 AryaH/iranic/00_old/
01 	 AryaH/hinduism/branches/nyAya-vaisheShike/articles/vaisheShika-sUtrANi_moise_thITe/3_translation/01/
01 	 AryaH/hinduism/branches/shaivaH/trikam/abhinavagupta-mUlam/tantrasAraH/00/Summary/01/
01 A Theatre of Broken Dreams 	 AryaH/hinduism/articles/Sacred-ground_Bakker/02_Studies_in_the_Early_History_and_Culture_of_North_India/01_A_Theatre_of_Broken_Dreams/
01 Acknowledgements 	 AryaH/hinduism/branches/brAhmaH/shAnakara-darshanam/articles/satyanArAyaNa-shAstrI/let_go/0/01_Acknowledgements/
01 An Indian Image of Man 	 AryaH/hinduism/articles/Sacred-ground_Bakker/01_Early_Studies_19862000/01_An_Indian_Image_of_Man/
01 Contents 	 AryaH/hinduism/articles/homa-variations/00/01_Contents/
01 DUḤKHA PARĪKṣA (EXAMINATION OF SUFFERING) 	 AryaH/hinduism/branches/brAhmaH/shAnakara-darshanam/articles/satyanArAyaNa-shAstrI/let_go/01_siddhAnta_-_THEORY/03_sukha-dukha_parIxa/01_dukha_parIxa_EXAMINATION_OF_SUFFERING/
01 Importance of *cāturmāsya* 	 AryaH/hinduism/AchAraH/kriyAH/utsavAH/articles/rangapriya-on-festivals/03_ChAturmAsya/01_Importance_of_chAturmAsya/
01 Importance of this Parva: 	 AryaH/hinduism/AchAraH/kriyAH/utsavAH/articles/rangapriya-on-festivals/01_Axaya_TRtIyA/01_Importance_of_this_Parva/
01 INDIAN RELIGION AS BHARATA DHARMA 	 AryaH/hinduism/articles/tantrAgamAH/avalon-arthur_woodroffe/shakti_and_shAkta/01_INDIAN_RELIGION_AS_BHARATA_DHARMA/
01 INTRODUCING THE *HOMA* 	 AryaH/hinduism/articles/homa-variations/01_Introduction/01_INTRODUCING_THE_HOMA/
01 INTRODUCTION 	 AryaH/hinduism/branches/brAhmaH/shAnakara-darshanam/articles/satyanArAyaNa-shAstrI/let_go/01_siddhAnta_-_THEORY/01_INTRODUCTION/
01 INTRODUCTION 	 AryaH/hinduism/branches/brAhmaH/yoga-vAsiShTha-shAstram/articles/satyanArAyaNa-shAstrI/talks/01_INTRODUCTION/
01 JÑĀNA-MĀRGA (PATH OF KNOWLEDGE) 	 AryaH/hinduism/branches/brAhmaH/shAnakara-darshanam/articles/satyanArAyaNa-shAstrI/let_go/02_sAdhana_-_PRACTICE/02_METHODS_OF_sAdhana/01_jnAna-mArga_PATH_OF_KNOWLEDGE/
01 KĀRIKĀ-S 	 AryaH/hinduism/branches/brAhmaH/shAnakara-darshanam/articles/satyanArAyaNa-shAstrI/let_go/03_LECTURES_ON_mAnDUkya_upaniShad/03_A_FEW_GEMS_FROM_gauDapAda/01_kArikA-s/
01 List of figures 	 AryaH/hinduism/articles/Sacred-ground_Bakker/00/04_References_and_Index/01_List_of_figures/
01 Māsa 	 AryaH/hinduism/AchAraH/kriyAH/utsavAH/articles/rangapriya-on-festivals/01_Axaya_TRtIyA/04_The_Science_of_Time/01_mAsa/
01 NECESSITY FOR SĀDHANA 	 AryaH/hinduism/branches/brAhmaH/shAnakara-darshanam/articles/satyanArAyaNa-shAstrI/let_go/02_sAdhana_-_PRACTICE/01_NECESSITY_FOR_sAdhana/
01 Newar Buddhist *Homa* Ritual Traditions 	 AryaH/hinduism/articles/homa-variations/04_Descriptive_Studies/01_Newar_Buddhist_Homa_Ritual_Traditions/
01 OMKĀRA UPĀSANA 	 AryaH/hinduism/branches/brAhmaH/shAnakara-darshanam/articles/satyanArAyaNa-shAstrI/let_go/03_LECTURES_ON_mAnDUkya_upaniShad/01_omkAra_upAsana/
01 PREFACE 	 AryaH/iranic/zoro/articles/boyce_persian-stronghold/00/01_PREFACE/
01 Puṇya and Pāpa 	 AryaH/hinduism/AchAraH/kriyAH/utsavAH/articles/rangapriya-on-festivals/01_Axaya_TRtIyA/05_gangA_snAna/01_puNya_and_pApa/
01 Reconfiguration 	 AryaH/iranic/zoro/reconfiguration/
01 Sources for Reconstructing Ancient Forms of Siva Worship ´ 	 AryaH/hinduism/articles/Sacred-ground_Bakker/03_Studies_in_Early_Saivism/01_Sources_for_Reconstructing_Ancient_Forms_of_Siv/
01 Table of Contents 	 AryaH/hinduism/articles/Sacred-ground_Bakker/00/01_Table_of_Contents/
01 The Ritual Interplay of Fire and Water in Hindu and Buddhist Tantras 	 AryaH/hinduism/articles/homa-variations/02_Symbolic_and_Comparative_Studies/01_The_Ritual_Interplay_of_Fire_and_Water_in_Hindu_and_Buddhist_Tantras/
01 The Tantric Guru 	 AryaH/hinduism/articles/tantrAgamAH/tantra-in-practice/01_Gurus_and_Adepts/01_The_Tantric_Guru/
01 The Vedic *Homa* and the Standardization of Hindu *Pūjā* 	 AryaH/hinduism/articles/homa-variations/03_Textual_Studies/01_The_Vedic_Homa_and_the_Standardization_of_Hindu_Pj/
01 THE VILLAGE OF THE TWO 'CATHEDRAL' FIRES 	 AryaH/iranic/zoro/articles/boyce_persian-stronghold/01_THE_VILLAGE_OF_THE_TWO_CATHEDRAL_FIRES/
01 Time 	 AryaH/hinduism/AchAraH/kriyAH/utsavAH/articles/rangapriya-on-festivals/02_AnantapadmanAbha_Vrata/01_When_should_this_Anantana_Vrata_be_celebrated/
01 उपोद्घातः 	 AryaH/hinduism/branches/vaiShNavaH/shrI-sampradAyaH/tattvam/venkaTanAthaH/nixepa-raxA/01_upodghAtaH/
01 पूर्वाचार्यश्लोकदूषणम् 	 AryaH/hinduism/branches/vaiShNavaH/shrI-sampradAyaH/kriyA/sachcharitra-raxA/01_sudarshana-pAncha-janya-dhAraNa-vidhiH/01_pUrvAchAryashlokadUShaNam/
01 विज्ञान-भेद-प्रकाशनम् 	 AryaH/hinduism/branches/shaivaH/trikam/abhinavagupta-mUlam/tantrasAraH/01_vijnAna-bheda-prakAshanam/
01 सृष्ट्यधिकारः 	 AryaH/hinduism/branches/shaivaH/trikam/mAlinI-vijayottara-tantram/sarva-prastutiH/01_sRShTyadhikAraH/
02 	 AryaH/hinduism/branches/nyAya-vaisheShike/articles/vaisheShika-sUtrANi_moise_thITe/3_translation/02/
02 	 AryaH/hinduism/branches/shaivaH/trikam/abhinavagupta-mUlam/tantrasAraH/00/Summary/02/
02 *Preface* 	 AryaH/hinduism/articles/homa-variations/00/02_Preface/
02 At the Right Side of the Teacher 	 AryaH/hinduism/articles/Sacred-ground_Bakker/03_Studies_in_Early_Saivism/02_At_the_Right_Side_of_the_Teacher/
02 Buddhist Permutations and Symbolism of Fire 	 AryaH/hinduism/articles/homa-variations/02_Symbolic_and_Comparative_Studies/02_Buddhist_Permutations_and_Symbolism_of_Fire/
02 Die indische Herausforderung 	 AryaH/hinduism/articles/Sacred-ground_Bakker/01_Early_Studies_19862000/02_Die_indische_Herausforderung/
02 Gaṅgā eminence 	 AryaH/hinduism/AchAraH/kriyAH/utsavAH/articles/rangapriya-on-festivals/01_Axaya_TRtIyA/05_gangA_snAna/02_gangA_eminence/
02 How to celebrate 	 AryaH/hinduism/AchAraH/kriyAH/utsavAH/articles/rangapriya-on-festivals/02_AnantapadmanAbha_Vrata/02_How_to_celebrate_the_Vrata/
02 IN SEARCH OF OUR TRUE NATURE - AN OVERVIEW 	 AryaH/hinduism/branches/brAhmaH/shAnakara-darshanam/articles/satyanArAyaNa-shAstrI/let_go/01_siddhAnta_-_THEORY/02_IN_SEARCH_OF_OUR_TRUE_NATURE_-_AN_OVERVIEW/
02 King Kunji's Banquet 	 AryaH/hinduism/articles/tantrAgamAH/tantra-in-practice/01_Gurus_and_Adepts/02_King_Kunjis_Banquet/
02 LIST OF PLATES 	 AryaH/iranic/zoro/articles/boyce_persian-stronghold/00/02_LIST_OF_PLATES/
02 List of plates 	 AryaH/hinduism/articles/Sacred-ground_Bakker/00/04_References_and_Index/02_List_of_plates/
02 Names and their etymology: 	 AryaH/hinduism/AchAraH/kriyAH/utsavAH/articles/rangapriya-on-festivals/03_ChAturmAsya/02_Names_and_their_etymology/
02 Oblation, Non-conception, and Body 	 AryaH/hinduism/articles/homa-variations/03_Textual_Studies/02_Oblation_Non-conception_and_Body/
02 Preface 	 AryaH/hinduism/articles/Sacred-ground_Bakker/00/02_Preface/
02 Preface to the second edition 	 AryaH/hinduism/branches/brAhmaH/shAnakara-darshanam/articles/satyanArAyaNa-shAstrI/let_go/0/02_Preface_to_the_second_edition/
02 RITUAL, CEREMONIAL, FESTIVAL 	 AryaH/hinduism/articles/homa-variations/01_Introduction/02_RITUAL_CEREMONIAL_FESTIVAL/
02 Royal Patronage and Religious Tolerance 	 AryaH/hinduism/articles/Sacred-ground_Bakker/02_Studies_in_the_Early_History_and_Culture_of_North_India/02_Royal_Patronage_and_Religious_Tolerance/
02 SHAKTI: THE WORLD AS POWER 	 AryaH/hinduism/articles/tantrAgamAH/avalon-arthur_woodroffe/shakti_and_shAkta/02_SHAKTI_THE_WORLD_AS_POWER/
02 STATES OF EXISTANCE 	 AryaH/hinduism/branches/brAhmaH/shAnakara-darshanam/articles/satyanArAyaNa-shAstrI/let_go/03_LECTURES_ON_mAnDUkya_upaniShad/02_STATES_OF_EXISTANCE/
02 SUKHA PARĪKṣA (HAPPINESS ANALYSED) 	 AryaH/hinduism/branches/brAhmaH/shAnakara-darshanam/articles/satyanArAyaNa-shAstrI/let_go/01_siddhAnta_-_THEORY/03_sukha-dukha_parIxa/02_SUKHA_parIxa_HAPPINESS_ANALYSED/
02 The *Navarātra Homa* 	 AryaH/hinduism/articles/homa-variations/04_Descriptive_Studies/02_The_Navartra_Homa/
02 THE INWARD JOURNEY 	 AryaH/hinduism/branches/brAhmaH/yoga-vAsiShTha-shAstram/articles/satyanArAyaNa-shAstrI/talks/02_THE_INWARD_JOURNEY/
02 The time of observance: 	 AryaH/hinduism/AchAraH/kriyAH/utsavAH/articles/rangapriya-on-festivals/01_Axaya_TRtIyA/02_The_time_of_observance/
02 THE WORSHIP OF OHRMAZD AND THE CREATIONS 	 AryaH/iranic/zoro/articles/boyce_persian-stronghold/02_THE_WORSHIP_OF_OHRMAZD_AND_THE_CREATIONS/
02 Tithi 	 AryaH/hinduism/AchAraH/kriyAH/utsavAH/articles/rangapriya-on-festivals/01_Axaya_TRtIyA/04_The_Science_of_Time/02_Tithi/
02 YOGA MĀRGA (PATH OF YOGA) 	 AryaH/hinduism/branches/brAhmaH/shAnakara-darshanam/articles/satyanArAyaNa-shAstrI/let_go/02_sAdhana_-_PRACTICE/02_METHODS_OF_sAdhana/02_YOGA_mArga_PATH_OF_YOGA/
02 अनुपाय-प्रकाशनम् 	 AryaH/hinduism/branches/shaivaH/trikam/abhinavagupta-mUlam/tantrasAraH/02_anupAya-prakAshanam/
02 पूर्वपक्षः 	 AryaH/hinduism/branches/vaiShNavaH/shrI-sampradAyaH/tattvam/venkaTanAthaH/nixepa-raxA/02_pUrvapaxaH/02_pUrvapaxaH/
02 व्याप्त्यधिकारः 	 AryaH/hinduism/branches/shaivaH/trikam/mAlinI-vijayottara-tantram/sarva-prastutiH/02_vyAptyadhikAraH/
02 सिद्धान्तः 	 AryaH/hinduism/branches/vaiShNavaH/shrI-sampradAyaH/kriyA/sachcharitra-raxA/01_sudarshana-pAncha-janya-dhAraNa-vidhiH/02_siddhAntaH/
03 	 AryaH/hinduism/branches/shaivaH/trikam/abhinavagupta-mUlam/tantrasAraH/00/Summary/03/
03 *Acknowledgments* 	 AryaH/hinduism/articles/homa-variations/00/03_Acknowledgments/
03 ABBREVIATIONS 	 AryaH/iranic/zoro/articles/boyce_persian-stronghold/00/03_ABBREVIATIONS/
03 Ayodhyā : le nom et le lieu 	 AryaH/hinduism/articles/Sacred-ground_Bakker/01_Early_Studies_19862000/03_ayodhyA_le_nom_et_le_lieu/
03 Bibliography 	 AryaH/hinduism/articles/Sacred-ground_Bakker/00/04_References_and_Index/03_Bibliography/
03 Description of the time of observance: 	 AryaH/hinduism/AchAraH/kriyAH/utsavAH/articles/rangapriya-on-festivals/03_ChAturmAsya/03_Description_of_the_time_of_observance/
03 Editors Note 	 AryaH/hinduism/branches/brAhmaH/shAnakara-darshanam/articles/satyanArAyaNa-shAstrI/let_go/0/03_Editors_Note/
03 Fire on the Mountain 	 AryaH/hinduism/articles/homa-variations/04_Descriptive_Studies/03_Fire_on_the_Mountain/
03 Gaṅgā - ailments and health 	 AryaH/hinduism/AchAraH/kriyAH/utsavAH/articles/rangapriya-on-festivals/01_Axaya_TRtIyA/05_gangA_snAna/03_gangA_-_ailments_and_health/
03 Interviews with a Tantric Kali Priest: 	 AryaH/hinduism/articles/tantrAgamAH/tantra-in-practice/01_Gurus_and_Adepts/03_Interviews_with_a_Tantric_Kali_Priest/
03 Introduction 	 AryaH/hinduism/articles/sanderson_tolerance/03_Introduction/
03 LAVAṆŌPĀKHYĀNAM 	 AryaH/hinduism/branches/brAhmaH/yoga-vAsiShTha-shAstram/articles/satyanArAyaNa-shAstrI/talks/03_lavaNopAkhyAnam/
03 Rāma’s Hill 	 AryaH/hinduism/articles/Sacred-ground_Bakker/02_Studies_in_the_Early_History_and_Culture_of_North_India/03_rAmas_Hill/
03 SOME INDIVIDUAL RITES 	 AryaH/iranic/zoro/articles/boyce_persian-stronghold/03_SOME_INDIVIDUAL_RITES/
03 STUDYING THE DYNAMICS OF RITUAL CHANGE: THE *LONGUE DURÉE* 	 AryaH/hinduism/articles/homa-variations/01_Introduction/03_STUDYING_THE_DYNAMICS_OF_RITUAL_CHANGE_THE_LONGUE_DURE/
03 Thanesar, the Pāśupata Order and the Skandapurāṇa 	 AryaH/hinduism/articles/Sacred-ground_Bakker/03_Studies_in_Early_Saivism/03_Thanesar_the_pAshupata_Order_and_the_skandapurA/
03 The Structure of Japanese Buddhist *Homa* 	 AryaH/hinduism/articles/homa-variations/02_Symbolic_and_Comparative_Studies/03_The_Structure_of_Japanese_Buddhist_Homa/
03 The Three Types of Fire Sacrifice According to Kāṇha’s *Śrīcakrasaṃvara-homavidhi* 	 AryaH/hinduism/articles/homa-variations/03_Textual_Studies/03_The_Three_Types_of_Fire_Sacrifice_According_to_Khas_rcakrasavara-homavidhi/
03 Vrata Parva procedures 	 AryaH/hinduism/AchAraH/kriyAH/utsavAH/articles/rangapriya-on-festivals/01_Axaya_TRtIyA/03_Vrata_Parva_procedures/
03 Vāra and Nakshatra 	 AryaH/hinduism/AchAraH/kriyAH/utsavAH/articles/rangapriya-on-festivals/01_Axaya_TRtIyA/04_The_Science_of_Time/03_vAra_and_Nakshatra/
03 WHAT ARE THE TANTRAS AND THEIR SIGNIFICANCE? 	 AryaH/hinduism/articles/tantrAgamAH/avalon-arthur_woodroffe/shakti_and_shAkta/03_WHAT_ARE_THE_TANTRAS_AND_THEIR_SIGNIFICANCE/
03 Worship of *AnantaPadmanābha* 	 AryaH/hinduism/AchAraH/kriyAH/utsavAH/articles/rangapriya-on-festivals/02_AnantapadmanAbha_Vrata/03_Worship_of_anantapadmanAbha/
03 ŚUBHAKARMA (PIOUS NEUTRAL ACTIVITIES) 	 AryaH/hinduism/branches/brAhmaH/shAnakara-darshanam/articles/satyanArAyaNa-shAstrI/let_go/02_sAdhana_-_PRACTICE/02_METHODS_OF_sAdhana/03_shubhakarma_PIOUS_NEUTRAL_ACTIVITIES/
03 मन्त्रोद्धाराधिकारः 	 AryaH/hinduism/branches/shaivaH/trikam/mAlinI-vijayottara-tantram/sarva-prastutiH/03_mantroddhArAdhikAraH/
03 शाम्भवोपायः 	 AryaH/hinduism/branches/shaivaH/trikam/abhinavagupta-mUlam/tantrasAraH/03_shAmbhavopAyaH/
03 श्रुतीनामन्यथात्वशङ्का 	 AryaH/hinduism/branches/vaiShNavaH/shrI-sampradAyaH/kriyA/sachcharitra-raxA/01_sudarshana-pAncha-janya-dhAraNa-vidhiH/03_shrutInAmanyathAtvashankA/
03 स्वरूपानुपपत्तिसमर्थनम् 	 AryaH/hinduism/branches/vaiShNavaH/shrI-sampradAyaH/tattvam/venkaTanAthaH/nixepa-raxA/02_pUrvapaxaH/03_svarUpAnupapattisamarthanam/
04 	 AryaH/hinduism/branches/nyAya-vaisheShike/articles/vaisheShika-sUtrANi_moise_thITe/3_translation/04/
04 	 AryaH/hinduism/branches/shaivaH/trikam/abhinavagupta-mUlam/tantrasAraH/00/Summary/04/
04 *Agnihotra* Rituals in Nepal 	 AryaH/hinduism/articles/homa-variations/04_Descriptive_Studies/04_Agnihotra_Rituals_in_Nepal/
04 *Contributors* 	 AryaH/hinduism/articles/homa-variations/00/04_Contributors/
04 A New Interpretation of Rāmagiri Evidence 	 AryaH/hinduism/articles/Sacred-ground_Bakker/02_Studies_in_the_Early_History_and_Culture_of_North_India/04_A_New_Interpretation_of_rAmagiri_Evidence/
04 A Parody of the Kapalikas in the Mattavilasa 	 AryaH/hinduism/articles/tantrAgamAH/tantra-in-practice/01_Gurus_and_Adepts/04_A_Parody_of_the_Kapalikas_in_the_Mattavilasa/
04 Application to the festival 	 AryaH/hinduism/AchAraH/kriyAH/utsavAH/articles/rangapriya-on-festivals/01_Axaya_TRtIyA/04_The_Science_of_Time/04_Application_to_the_festival/
04 AVASTHĀ-TRAYA-PARĪKṣĀ 	 AryaH/hinduism/branches/brAhmaH/shAnakara-darshanam/articles/satyanArAyaNa-shAstrI/let_go/01_siddhAnta_-_THEORY/04_avasthA-traya-parIxA/
04 Ayodhyā: A Hindu Jerusalem 	 AryaH/hinduism/articles/Sacred-ground_Bakker/01_Early_Studies_19862000/04_ayodhyA_A_Hindu_Jerusalem/
04 BIBLIOGRAPHY 	 AryaH/iranic/zoro/articles/boyce_persian-stronghold/00/04_BIBLIOGRAPHY/
04 dīpāvaḷi 	 AryaH/hinduism/AchAraH/kriyAH/utsavAH/articles/rangapriya-on-festivals/04_DIpAvali/
04 Few objections 	 AryaH/hinduism/AchAraH/kriyAH/utsavAH/articles/rangapriya-on-festivals/03_ChAturmAsya/04_Few_objections/
04 Fire Rituals by the Queen of Siddhas 	 AryaH/hinduism/articles/homa-variations/03_Textual_Studies/04_Fire_Rituals_by_the_Queen_of_Siddhas/
04 Foreword 	 AryaH/hinduism/branches/brAhmaH/shAnakara-darshanam/articles/satyanArAyaNa-shAstrI/let_go/0/04_Foreword/
04 GLOSSARY 	 AryaH/hinduism/branches/brAhmaH/shAnakara-darshanam/articles/satyanArAyaNa-shAstrI/let_go/04_GLOSSARY/
04 HOW TO CROSS THE *LONGUE DURÉE*: TEXTS \+ ETHNOGRAPHY 	 AryaH/hinduism/articles/homa-variations/01_Introduction/04_HOW_TO_CROSS_THE_LONGUE_DURE_TEXTS_ETHNOGRAPHY/
04 Index 	 AryaH/hinduism/articles/Sacred-ground_Bakker/00/04_References_and_Index/04_Index/
04 Modern views 	 AryaH/hinduism/AchAraH/kriyAH/utsavAH/articles/rangapriya-on-festivals/01_Axaya_TRtIyA/05_gangA_snAna/04_Modern_views/
04 SACRED FIRES AND EMPTY SHRINES 	 AryaH/iranic/zoro/articles/boyce_persian-stronghold/04_SACRED_FIRES_AND_EMPTY_SHRINES/
04 SAPTA-PADAM 	 AryaH/hinduism/branches/brAhmaH/yoga-vAsiShTha-shAstram/articles/satyanArAyaNa-shAstrI/talks/04_SAPTA-PADAM/
04 SĀKĀRADHYĀNA (MEDITATION ON A FORM) 	 AryaH/hinduism/branches/brAhmaH/shAnakara-darshanam/articles/satyanArAyaNa-shAstrI/let_go/02_sAdhana_-_PRACTICE/02_METHODS_OF_sAdhana/04_sAkAradhyAna_MEDITATION_ON_A_FORM/
04 TANTRA SHASTRA AND VEDA 	 AryaH/hinduism/articles/tantrAgamAH/avalon-arthur_woodroffe/shakti_and_shAkta/04_TANTRA_SHASTRA_AND_VEDA/
04 The Gospel of Kauṇḍinya 	 AryaH/hinduism/articles/Sacred-ground_Bakker/03_Studies_in_Early_Saivism/04_The_Gospel_of_kauNDinya/
04 Vaidika Exclusivity 	 AryaH/hinduism/articles/sanderson_tolerance/04_Vaidika_Exclusivity/
04 परिहारोपपादनम् 	 AryaH/hinduism/branches/vaiShNavaH/shrI-sampradAyaH/kriyA/sachcharitra-raxA/01_sudarshana-pAncha-janya-dhAraNa-vidhiH/04_parihAropapAdanam/
04 योगलक्षणधिकारः 	 AryaH/hinduism/branches/shaivaH/trikam/mAlinI-vijayottara-tantram/sarva-prastutiH/04_yogalaxaNadhikAraH/
04 लक्षणानुपपत्तिसमर्थनम् 	 AryaH/hinduism/branches/vaiShNavaH/shrI-sampradAyaH/tattvam/venkaTanAthaH/nixepa-raxA/02_pUrvapaxaH/04_laxaNAnupapattisamarthanam/
04 शाक्तोपायः 	 AryaH/hinduism/branches/shaivaH/trikam/abhinavagupta-mUlam/tantrasAraH/04_shAktopAyaH/
05 	 AryaH/hinduism/branches/nyAya-vaisheShike/articles/vaisheShika-sUtrANi_moise_thITe/3_translation/05/
05 *Homa* Rituals in the Indian *Kālacakra-tantra* Tradition 	 AryaH/hinduism/articles/homa-variations/03_Textual_Studies/05_Homa_Rituals_in_the_Indian_Klacakra-tantra_Tradition/
05 *Index* 	 AryaH/hinduism/articles/homa-variations/00/05_Index/
05 A Trance Healing Session with Mataji 	 AryaH/hinduism/articles/tantrAgamAH/tantra-in-practice/01_Gurus_and_Adepts/05_A_Trance_Healing_Session_with_Mataji/
05 Gaṅgatīrtha qualities 	 AryaH/hinduism/AchAraH/kriyAH/utsavAH/articles/rangapriya-on-festivals/01_Axaya_TRtIyA/05_gangA_snAna/05_gangatIrtha_qualities/
05 Gaṇeśa chaturthī 	 AryaH/hinduism/AchAraH/kriyAH/utsavAH/articles/rangapriya-on-festivals/05_gaNesha_ChaturthI/
05 GENERAL INDEX 	 AryaH/iranic/zoro/articles/boyce_persian-stronghold/00/05_GENERAL_INDEX/
05 JAPA (CHANTING OF HOLY NAME) 	 AryaH/hinduism/branches/brAhmaH/shAnakara-darshanam/articles/satyanArAyaNa-shAstrI/let_go/02_sAdhana_-_PRACTICE/02_METHODS_OF_sAdhana/05_JAPA_CHANTING_OF_HOLY_NAME/
05 ORGANIZATION AND CONTENTS OF THIS COLLECTION 	 AryaH/hinduism/articles/homa-variations/01_Introduction/05_ORGANIZATION_AND_CONTENTS_OF_THIS_COLLECTION/
05 PANCA KOŚA VIVĒKA 	 AryaH/hinduism/branches/brAhmaH/shAnakara-darshanam/articles/satyanArAyaNa-shAstrI/let_go/01_siddhAnta_-_THEORY/05_PANCA_kosha_vivka/
05 SAPTA-BHŪMIKĀ 	 AryaH/hinduism/branches/brAhmaH/yoga-vAsiShTha-shAstram/articles/satyanArAyaNa-shAstrI/talks/05_sapta-bhUmikA/
05 Skandagupta’s Bhitarī Stone Pillar Inscription 	 AryaH/hinduism/articles/Sacred-ground_Bakker/02_Studies_in_the_Early_History_and_Culture_of_North_India/05_Skandaguptas_bhitarI_Stone_Pillar_Inscription/
05 THE LAWS AND RITES OF PURITY 	 AryaH/iranic/zoro/articles/boyce_persian-stronghold/05_THE_LAWS_AND_RITES_OF_PURITY/
05 The modalities of the *vrata* 	 AryaH/hinduism/AchAraH/kriyAH/utsavAH/articles/rangapriya-on-festivals/03_ChAturmAsya/05_The_modalities_of_the_vrata/
05 The Quest for the Pāśupata Weapon 	 AryaH/hinduism/articles/Sacred-ground_Bakker/03_Studies_in_Early_Saivism/05_The_Quest_for_the_pAshupata_Weapon/
05 The Ramtek Inscriptions I 	 AryaH/hinduism/articles/Sacred-ground_Bakker/01_Early_Studies_19862000/05_The_Ramtek_Inscriptions_I/
05 THE TANTRAS AND RELIGION OF THE SHAKTAS 	 AryaH/hinduism/articles/tantrAgamAH/avalon-arthur_woodroffe/shakti_and_shAkta/05_THE_TANTRAS_AND_RELIGION_OF_THE_SHAKTAS/
05 The Śaivas’ Inclusivist View of Their Own and the Vaidikas’ Religion 	 AryaH/hinduism/articles/sanderson_tolerance/05_The_shaivas_Inclusivist_View_of_Their_Own_and_the_Vaidikas_Religion/
05 Why read this book? 	 AryaH/hinduism/branches/brAhmaH/shAnakara-darshanam/articles/satyanArAyaNa-shAstrI/let_go/0/05_Why_read_this_book/
05 अनुष्ठानानुपपत्तिः 	 AryaH/hinduism/branches/vaiShNavaH/shrI-sampradAyaH/tattvam/venkaTanAthaH/nixepa-raxA/02_pUrvapaxaH/05_anuShThAnAnupapattiH/
05 आणव-प्रकाशनम् 	 AryaH/hinduism/branches/shaivaH/trikam/abhinavagupta-mUlam/tantrasAraH/00/Summary/05/
05 आणव-प्रकाशनम् 	 AryaH/hinduism/branches/shaivaH/trikam/abhinavagupta-mUlam/tantrasAraH/05_ANava-prakAshanam/
05 द्वितीयहेतुनिरासः 	 AryaH/hinduism/branches/vaiShNavaH/shrI-sampradAyaH/kriyA/sachcharitra-raxA/01_sudarshana-pAncha-janya-dhAraNa-vidhiH/05_dvitIyahetunirAsaH/
05 भुवनाध्वाधिकारः 	 AryaH/hinduism/branches/shaivaH/trikam/mAlinI-vijayottara-tantram/sarva-prastutiH/05_bhuvanAdhvAdhikAraH/
06 	 AryaH/hinduism/branches/nyAya-vaisheShike/articles/vaisheShika-sUtrANi_moise_thITe/3_translation/06/
06 	 AryaH/hinduism/branches/shaivaH/trikam/abhinavagupta-mUlam/tantrasAraH/00/Summary/06/
06 CONCLUSION 	 AryaH/hinduism/articles/homa-variations/01_Introduction/06_CONCLUSION/
06 DEATH AND THE MYSTERIES OF THE DOG 	 AryaH/iranic/zoro/articles/boyce_persian-stronghold/06_DEATH_AND_THE_MYSTERIES_OF_THE_DOG/
06 Gaurī Festival 	 AryaH/hinduism/AchAraH/kriyAH/utsavAH/articles/rangapriya-on-festivals/06_gaurI_Festival/
06 Jaunpur Stone Inscription 	 AryaH/hinduism/articles/Sacred-ground_Bakker/02_Studies_in_the_Early_History_and_Culture_of_North_India/06_Jaunpur_Stone_Inscription/
06 Modalities \(of worship\) 	 AryaH/hinduism/AchAraH/kriyAH/utsavAH/articles/rangapriya-on-festivals/01_Axaya_TRtIyA/06_Modalities_of_worship/
06 OTHER NEUTRAL ACTIVITIES 	 AryaH/hinduism/branches/brAhmaH/shAnakara-darshanam/articles/satyanArAyaNa-shAstrI/let_go/02_sAdhana_-_PRACTICE/02_METHODS_OF_sAdhana/06_OTHER_NEUTRAL_ACTIVITIES/
06 PRAHLĀDŌPĀKHYĀNAM 	 AryaH/hinduism/branches/brAhmaH/yoga-vAsiShTha-shAstram/articles/satyanArAyaNa-shAstrI/talks/06_prahlAdopAkhyAnam/
06 Representative of Principles-a symbol 	 AryaH/hinduism/AchAraH/kriyAH/utsavAH/articles/rangapriya-on-festivals/01_Axaya_TRtIyA/05_gangA_snAna/06_Representative_of_Principles-a_symbol/
06 Ritual Subjects 	 AryaH/hinduism/articles/homa-variations/03_Textual_Studies/06_Ritual_Subjects/
06 SHAKTI AND SHAKTA 	 AryaH/hinduism/articles/tantrAgamAH/avalon-arthur_woodroffe/shakti_and_shAkta/06_SHAKTI_AND_SHAKTA/
06 The benefits of observing *Cāturmāsya*: 	 AryaH/hinduism/AchAraH/kriyAH/utsavAH/articles/rangapriya-on-festivals/03_ChAturmAsya/06_The_benefits_of_observing_chAturmAsya/
06 The Consecration of the Monastic Compound at Mount Koya by Kukai 	 AryaH/hinduism/articles/tantrAgamAH/tantra-in-practice/02_Kings_and_Priests/06_The_Consecration_of_the_Monastic_Compound_at_Mount_Koya_by_Kukai/
06 The Properly Śaiva Attitude of Śaivas Towards Their Vaidika Rites 	 AryaH/hinduism/articles/sanderson_tolerance/06_The_Properly_shaiva_Attitude_of_shaivas_Towards_Their_Vaidika_Rites/
06 The Ramtek Inscriptions II 	 AryaH/hinduism/articles/Sacred-ground_Bakker/01_Early_Studies_19862000/06_The_Ramtek_Inscriptions_II/
06 कालाध्वप्रकाशनम् 	 AryaH/hinduism/branches/shaivaH/trikam/abhinavagupta-mUlam/tantrasAraH/06_kAlAdhvaprakAshanam/
06 तृतीयहेतुनिरासः 	 AryaH/hinduism/branches/vaiShNavaH/shrI-sampradAyaH/kriyA/sachcharitra-raxA/01_sudarshana-pAncha-janya-dhAraNa-vidhiH/06_tRtIyahetunirAsaH/
06 देहमार्गाधिकारः 	 AryaH/hinduism/branches/shaivaH/trikam/mAlinI-vijayottara-tantram/sarva-prastutiH/06_dehamArgAdhikAraH/
06 विध्यनुपपत्तिः 	 AryaH/hinduism/branches/vaiShNavaH/shrI-sampradAyaH/tattvam/venkaTanAthaH/nixepa-raxA/02_pUrvapaxaH/06_vidhyanupapattiH/
07 	 AryaH/hinduism/branches/nyAya-vaisheShike/articles/vaisheShika-sUtrANi_moise_thITe/3_translation/07/
07 	 AryaH/hinduism/branches/shaivaH/trikam/abhinavagupta-mUlam/tantrasAraH/00/Summary/07/
07  देशाध्व-प्रकाशनम् 	 AryaH/hinduism/branches/shaivaH/trikam/abhinavagupta-mUlam/tantrasAraH/07_deshAdhva-prakAshanam/
07 *Cāturmāsya* of *sanyāsis* 	 AryaH/hinduism/AchAraH/kriyAH/utsavAH/articles/rangapriya-on-festivals/03_ChAturmAsya/07_chAturmAsya_of_sanyAsis/
07 BHUŚUṆḌŌPĀKHYĀNAM 	 AryaH/hinduism/branches/brAhmaH/yoga-vAsiShTha-shAstram/articles/satyanArAyaNa-shAstrI/talks/07_bhushuNDopAkhyAnam/
07 IS SHAKTI FORCE? 	 AryaH/hinduism/articles/tantrAgamAH/avalon-arthur_woodroffe/shakti_and_shAkta/07_IS_SHAKTI_FORCE/
07 KARMAYOGA (PATH OF SELFLESS ACTION) 	 AryaH/hinduism/branches/brAhmaH/shAnakara-darshanam/articles/satyanArAyaNa-shAstrI/let_go/02_sAdhana_-_PRACTICE/02_METHODS_OF_sAdhana/07_KARMAYOGA_PATH_OF_SELFLESS_ACTION/
07 NOTES 	 AryaH/hinduism/articles/homa-variations/01_Introduction/07_NOTES/
07 Praises of the Drunken Peacocks 	 AryaH/hinduism/articles/tantrAgamAH/tantra-in-practice/02_Kings_and_Priests/07_Praises_of_the_Drunken_Peacocks/
07 The map of tattvas 	 AryaH/hinduism/AchAraH/kriyAH/utsavAH/articles/rangapriya-on-festivals/01_Axaya_TRtIyA/05_gangA_snAna/07_The_map_of_tattvas/
07 THE SPRING NEW YEAR 	 AryaH/iranic/zoro/articles/boyce_persian-stronghold/07_THE_SPRING_NEW_YEAR/
07 The Temple of Maṇḍaleśvarasvāmin 	 AryaH/hinduism/articles/Sacred-ground_Bakker/02_Studies_in_the_Early_History_and_Culture_of_North_India/07_The_Temple_of_maNDaleshvarasvAmin/
07 The Śākta-Śaiva Attitude Towards Vaidika Observance Among Initiates 	 AryaH/hinduism/articles/sanderson_tolerance/07_The_shAkta-shaiva_Attitude_Towards_Vaidika_Observance_Among_Initiates/
07 Throne and Temple 	 AryaH/hinduism/articles/Sacred-ground_Bakker/01_Early_Studies_19862000/07_Throne_and_Temple/
07 चतुर्थहेतुनिरासः 	 AryaH/hinduism/branches/vaiShNavaH/shrI-sampradAyaH/kriyA/sachcharitra-raxA/01_sudarshana-pAncha-janya-dhAraNa-vidhiH/07_chaturthahetunirAsaH/
07 निषेधसमर्थनम् 	 AryaH/hinduism/branches/vaiShNavaH/shrI-sampradAyaH/tattvam/venkaTanAthaH/nixepa-raxA/02_pUrvapaxaH/07_niShedhasamarthanam/
07 मुद्राधिकारः 	 AryaH/hinduism/branches/shaivaH/trikam/mAlinI-vijayottara-tantram/sarva-prastutiH/07_mudrAdhikAraH/
07 ḥanumajjayantī 	 AryaH/hinduism/AchAraH/kriyAH/utsavAH/articles/rangapriya-on-festivals/07_HanumajjayantI/
08 	 AryaH/hinduism/branches/nyAya-vaisheShike/articles/vaisheShika-sUtrANi_moise_thITe/3_translation/08/
08 	 AryaH/hinduism/branches/shaivaH/trikam/abhinavagupta-mUlam/tantrasAraH/00/Summary/08/
08 CINACARA \(VASHISHTHA AND BUDDHA\) 	 AryaH/hinduism/articles/tantrAgamAH/avalon-arthur_woodroffe/shakti_and_shAkta/08_CINACARA_VASHISHTHA_AND_BUDDHA/
08 CONCLUSION 	 AryaH/hinduism/branches/brAhmaH/yoga-vAsiShTha-shAstram/articles/satyanArAyaNa-shAstrI/talks/08_CONCLUSION/
08 Holikotsava, holi habba, Vasantotsava 	 AryaH/hinduism/AchAraH/kriyAH/utsavAH/articles/rangapriya-on-festivals/08_Holikotsava_Holi_Habba_Vasantotsava/
08 Little Kr̥ṣṇa’s Play with the Moon 	 AryaH/hinduism/articles/Sacred-ground_Bakker/01_Early_Studies_19862000/08_Little_kRShNas_Play_with_the_Moon/
08 Monuments to the Dead in Ancient North India 	 AryaH/hinduism/articles/Sacred-ground_Bakker/02_Studies_in_the_Early_History_and_Culture_of_North_India/08_Monuments_to_the_Dead_in_Ancient_North_India/
08 Precepts for an Emperor 	 AryaH/hinduism/articles/tantrAgamAH/tantra-in-practice/02_Kings_and_Priests/08_Precepts_for_an_Emperor/
08 PREMA AND BHAKTI (LOVE AND DEVOTION) 	 AryaH/hinduism/branches/brAhmaH/shAnakara-darshanam/articles/satyanArAyaNa-shAstrI/let_go/02_sAdhana_-_PRACTICE/02_METHODS_OF_sAdhana/08_PREMA_AND_BHAKTI_LOVE_AND_DEVOTION/
08 SOME RITES OF EXPIATION 	 AryaH/iranic/zoro/articles/boyce_persian-stronghold/08_SOME_RITES_OF_EXPIATION/
08 The forms and features of Goddess *Gaṅgā* 	 AryaH/hinduism/AchAraH/kriyAH/utsavAH/articles/rangapriya-on-festivals/01_Axaya_TRtIyA/05_gangA_snAna/08_The_forms_and_features_of_Goddess_gangA/
08 The Loss of Transcendence 	 AryaH/hinduism/articles/sanderson_tolerance/08_The_Loss_of_Transcendence/
08 ऐक्यसमर्थनम् 	 AryaH/hinduism/branches/vaiShNavaH/shrI-sampradAyaH/tattvam/venkaTanAthaH/nixepa-raxA/02_pUrvapaxaH/08_aikyasamarthanam/
08 तत्त्व-स्वरूप-प्रकाशनम् 	 AryaH/hinduism/branches/shaivaH/trikam/abhinavagupta-mUlam/tantrasAraH/08_tattva-svarUpa-prakAshanam/
08 दक्षिणेत्विति प्रथममन्त्रार्थः 	 AryaH/hinduism/branches/vaiShNavaH/shrI-sampradAyaH/kriyA/sachcharitra-raxA/01_sudarshana-pAncha-janya-dhAraNa-vidhiH/08_daxiNetviti_prathamamantrArthaH/
08 समयाधिकारः 	 AryaH/hinduism/branches/shaivaH/trikam/mAlinI-vijayottara-tantram/sarva-prastutiH/08_samayAdhikAraH/
09 	 AryaH/hinduism/branches/nyAya-vaisheShike/articles/vaisheShika-sUtrANi_moise_thITe/3_translation/09/
09 	 AryaH/hinduism/branches/shaivaH/trikam/abhinavagupta-mUlam/tantrasAraH/00/Summary/09/
09 DHARMA (RIGHTEOUNESS) – AS A TOOL OF SĀDHANA 	 AryaH/hinduism/branches/brAhmaH/shAnakara-darshanam/articles/satyanArAyaNa-shAstrI/let_go/02_sAdhana_-_PRACTICE/02_METHODS_OF_sAdhana/09_DHARMA_RIGHTEOUNESS_AS_A_TOOL_OF_sAdhana/
09 FESTIVALS OF ALL SOULS 	 AryaH/iranic/zoro/articles/boyce_persian-stronghold/09_FESTIVALS_OF_ALL_SOULS/
09 janma dina and puṇya ṭithi 	 AryaH/hinduism/AchAraH/kriyAH/utsavAH/articles/rangapriya-on-festivals/09_janma_dina_And_puNya_Tithi_of_shrI_guru-AchAryas/
09 Jayanta 	 AryaH/hinduism/articles/sanderson_tolerance/09_Jayanta/
09 Ordinary view 	 AryaH/hinduism/AchAraH/kriyAH/utsavAH/articles/rangapriya-on-festivals/01_Axaya_TRtIyA/05_gangA_snAna/09_Ordinary_view/
09 Puranic Literature Methodology 	 AryaH/hinduism/articles/Sacred-ground_Bakker/01_Early_Studies_19862000/09_Puranic_Literature_Methodology/
09 Raising Snakes in Bengal 	 AryaH/hinduism/articles/tantrAgamAH/tantra-in-practice/03_Devotees_and_Deities/09_Raising_Snakes_in_Bengal/
09 Rāma Devotion in a Saiva Holy Place ´ 	 AryaH/hinduism/articles/Sacred-ground_Bakker/02_Studies_in_the_Early_History_and_Culture_of_North_India/09_rAma_Devotion_in_a_Saiva_Holy_Place/
09 THE TANTRA SHASTRAS IN CHINA 	 AryaH/hinduism/articles/tantrAgamAH/avalon-arthur_woodroffe/shakti_and_shAkta/09_THE_TANTRA_SHASTRAS_IN_CHINA/
09 अशक्तिसमर्थनम् 	 AryaH/hinduism/branches/vaiShNavaH/shrI-sampradAyaH/tattvam/venkaTanAthaH/nixepa-raxA/02_pUrvapaxaH/09_ashaktisamarthanam/
09 क्रियादीक्षाधिकारः 	 AryaH/hinduism/branches/shaivaH/trikam/mAlinI-vijayottara-tantram/sarva-prastutiH/09_kriyAdIxAdhikAraH/
09 तत्त्वभेद-प्रकाशनम् 	 AryaH/hinduism/branches/shaivaH/trikam/abhinavagupta-mUlam/tantrasAraH/09_tattvabheda-prakAshanam/
09 धृतोर्ध्वपुण्ड्र इति प्रथममन्त्रर्थः 	 AryaH/hinduism/branches/vaiShNavaH/shrI-sampradAyaH/kriyA/sachcharitra-raxA/01_sudarshana-pAncha-janya-dhAraNa-vidhiH/09_dhRtordhvapuNDra_iti_prathamamantrarthaH/
1 	 AryaH/bauddhaH/meta/articles/getting-off/1/
1 CRITICISM OF RELIGION 	 AryaH/germanic/articles/Neitzesche/Will_to_Power/2_CRITIQUE_OF_THE_HIGHEST_VALUES_HITHERTO/Ludovici/1_CRITICISM_OF_RELIGION/
1 CRITIQUE OF RELIGION 	 AryaH/germanic/articles/Neitzesche/Will_to_Power/2_CRITIQUE_OF_THE_HIGHEST_VALUES_HITHERTO/Kaufmann/1_CRITIQUE_OF_RELIGION/
1 EUROPEAN NIHILISM 	 AryaH/germanic/articles/Neitzesche/Will_to_Power/1_EUROPEAN_NIHILISM/
1 Introduction to Indian philosophy and Vaiśeṣika 	 AryaH/hinduism/branches/nyAya-vaisheShike/articles/vaisheShika-sUtrANi_moise_thITe/1_Introduction_to_Indian_philosophy_and_VaisheShika/
1 NIHILISM 	 AryaH/germanic/articles/Neitzesche/Will_to_Power/1_EUROPEAN_NIHILISM/Kaufman/1_NIHILISM/
1 NIHILISM 	 AryaH/germanic/articles/Neitzesche/Will_to_Power/1_EUROPEAN_NIHILISM/Ludovici/1_NIHILISM/
1 Order of Rank 	 AryaH/germanic/articles/Neitzesche/Will_to_Power/4_Discipline_and_Breeding/Kaufmann/1_Order_of_Rank/
1 THE ORDER OF RANK 	 AryaH/germanic/articles/Neitzesche/Will_to_Power/4_Discipline_and_Breeding/Ludovici/1_THE_ORDER_OF_RANK/
1 THE WILL TO POWER AS KNOWLEDGE 	 AryaH/germanic/articles/Neitzesche/Will_to_Power/3_PRINCIPLES_OF_A_NEW_EVALUATION/Kaufmann/1_THE_WILL_TO_POWER_AS_KNOWLEDGE/
1 WHAT CAN INDIA TEACH US? 	 AryaH/hinduism/articles/muller-max/india_what_it_can_teach_us/1_WHAT_CAN_INDIA_TEACH_US/
1 WOP in science 	 AryaH/germanic/articles/Neitzesche/Will_to_Power/3_PRINCIPLES_OF_A_NEW_EVALUATION/Ludovici/1_WOP_in_science/
10 	 AryaH/hinduism/branches/nyAya-vaisheShike/articles/vaisheShika-sUtrANi_moise_thITe/3_translation/10/
10 	 AryaH/hinduism/branches/shaivaH/trikam/abhinavagupta-mUlam/tantrasAraH/00/Summary/10/
10 A TIBETAN TANTRA 	 AryaH/hinduism/articles/tantrAgamAH/avalon-arthur_woodroffe/shakti_and_shAkta/10_A_TIBETAN_TANTRA/
10 Bhaṭṭa Rāmakaṇṭha II’s Śaivas without Pride of Transcendence 	 AryaH/hinduism/articles/sanderson_tolerance/10_bhaTTa_rAmakaNTha_IIs_shaivas_without_Pride_of_Transcendence/
10 Exrta-ordinary view 	 AryaH/hinduism/AchAraH/kriyAH/utsavAH/articles/rangapriya-on-festivals/01_Axaya_TRtIyA/05_gangA_snAna/10_Exrta-ordinary_view/
10 INITIATIONS AND PILGRIMAGES 	 AryaH/iranic/zoro/articles/boyce_persian-stronghold/10_INITIATIONS_AND_PILGRIMAGES/
10 Mokṣadharma 187 and 239–241 Reconsidered 	 AryaH/hinduism/articles/Sacred-ground_Bakker/01_Early_Studies_19862000/10_moxadharma_187_and_239241_Reconsidered/
10 The Hindu Religion and War 	 AryaH/hinduism/articles/Sacred-ground_Bakker/02_Studies_in_the_Early_History_and_Culture_of_North_India/10_The_Hindu_Religion_and_War/
10 The Wedding of Siva and the Goddess 	 AryaH/hinduism/articles/tantrAgamAH/tantra-in-practice/03_Devotees_and_Deities/10_The_Wedding_of_Siva_and_the_Goddess/
10 Śrī Kṛśṇa jayantī—janmāśṭamī 	 AryaH/hinduism/AchAraH/kriyAH/utsavAH/articles/rangapriya-on-festivals/10_shrI_kRshNa_jayantI/
10 अख्यातिसमर्थनम् 	 AryaH/hinduism/branches/vaiShNavaH/shrI-sampradAyaH/tattvam/venkaTanAthaH/nixepa-raxA/02_pUrvapaxaH/10_akhyAtisamarthanam/
10 अभिषेकाधिकारः 	 AryaH/hinduism/branches/shaivaH/trikam/mAlinI-vijayottara-tantram/sarva-prastutiH/10_abhiShekAdhikAraH/
10 कलाद्य्-अध्व-प्रकाशनम् 	 AryaH/hinduism/branches/shaivaH/trikam/abhinavagupta-mUlam/tantrasAraH/10_kalAdy-adhva-prakAshanam/
10 प्रते इति मन्त्रार्थः 	 AryaH/hinduism/branches/vaiShNavaH/shrI-sampradAyaH/kriyA/sachcharitra-raxA/01_sudarshana-pAncha-janya-dhAraNa-vidhiH/10_prate_iti_mantrArthaH/
10: Quietude 	 AryaH/hinduism/branches/brAhmaH/shAnakara-darshanam/articles/satyanArAyaNa-shAstrI/garaNi-rAdhAkRShNaH/english-articles/Ashtavakra_Samhita/10_Quietude/
11 	 AryaH/hinduism/branches/shaivaH/trikam/abhinavagupta-mUlam/tantrasAraH/00/Summary/11/
11 An Advertised Secret: The Goddess Taleju and the King of Kathmandu 	 AryaH/hinduism/articles/tantrAgamAH/tantra-in-practice/03_Devotees_and_Deities/11_An_Advertised_Secret_The_Goddess_Taleju_and_the_King_of_Kathmandu/
11 Aparāditya’s Śaivas by Birth 	 AryaH/hinduism/articles/sanderson_tolerance/11_aparAdityas_shaivas_by_Birth/
11 Dakṣiṇa Kosala 	 AryaH/hinduism/articles/Sacred-ground_Bakker/01_Early_Studies_19862000/11_daxiNa_Kosala/
11 Kṛttikā dīpotsava 	 AryaH/hinduism/AchAraH/kriyAH/utsavAH/articles/rangapriya-on-festivals/11_kRttikA_DIpotsava_shivadIpa_vishNudIpa_Mahotsavas/
11 SHAKTI IN TAOISM 	 AryaH/hinduism/articles/tantrAgamAH/avalon-arthur_woodroffe/shakti_and_shAkta/11_SHAKTI_IN_TAOISM/
11 Some problems 	 AryaH/hinduism/AchAraH/kriyAH/utsavAH/articles/rangapriya-on-festivals/01_Axaya_TRtIyA/05_gangA_snAna/11_Some_problems/
11 दीक्षाधिकारः 	 AryaH/hinduism/branches/shaivaH/trikam/mAlinI-vijayottara-tantram/sarva-prastutiH/11_dIxAdhikAraH/
11 निचिक्षेपेति मन्त्रार्थः 	 AryaH/hinduism/branches/vaiShNavaH/shrI-sampradAyaH/kriyA/sachcharitra-raxA/01_sudarshana-pAncha-janya-dhAraNa-vidhiH/11_nichixepeti_mantrArthaH/
11 शक्तिपात-प्रकाशनम् 	 AryaH/hinduism/branches/shaivaH/trikam/abhinavagupta-mUlam/tantrasAraH/11_shaktipAta-prakAshanam/
11 संप्रदायविरोधसमर्थनम् 	 AryaH/hinduism/branches/vaiShNavaH/shrI-sampradAyaH/tattvam/venkaTanAthaH/nixepa-raxA/02_pUrvapaxaH/11_saMpradAyavirodhasamarthanam/
11: Wisdom 	 AryaH/hinduism/branches/brAhmaH/shAnakara-darshanam/articles/satyanArAyaNa-shAstrI/garaNi-rAdhAkRShNaH/english-articles/Ashtavakra_Samhita/11_Wisdom/
12 	 AryaH/hinduism/branches/shaivaH/trikam/abhinavagupta-mUlam/tantrasAraH/00/Summary/12/
12 ALLEGED CONFLICT OF SHASTRAS 	 AryaH/hinduism/articles/tantrAgamAH/avalon-arthur_woodroffe/shakti_and_shAkta/12_ALLEGED_CONFLICT_OF_SHASTRAS/
12 mahāśivarātri 	 AryaH/hinduism/AchAraH/kriyAH/utsavAH/articles/rangapriya-on-festivals/12_MahAshivarAtri/
12 Religion and the State: A Maximally Tolerant View of What Is Acceptable in Matters of Religion 	 AryaH/hinduism/articles/sanderson_tolerance/12_Religion_and_the_State_A_Maximally_Tolerant_View_of_What_Is_Acceptable_in_Matters_of_Religion/
12 Somaśarman, Somavaṁśa and Somasiddhānta 	 AryaH/hinduism/articles/Sacred-ground_Bakker/01_Early_Studies_19862000/12_somasharman_somavaMsha_and_somasiddhAnta/
12 Tantric Rites in Antal's Poetry 	 AryaH/hinduism/articles/tantrAgamAH/tantra-in-practice/03_Devotees_and_Deities/12_Tantric_Rites_in_Antals_Poetry/
12 चमूषदिति श्रुत्यर्थः 	 AryaH/hinduism/branches/vaiShNavaH/shrI-sampradAyaH/kriyA/sachcharitra-raxA/01_sudarshana-pAncha-janya-dhAraNa-vidhiH/12_chamUShaditi_shrutyarthaH/
12 प्रथमधारणाधिकारः 	 AryaH/hinduism/branches/shaivaH/trikam/mAlinI-vijayottara-tantram/sarva-prastutiH/12_prathamadhAraNAdhikAraH/
12 स्नान-प्रकाशनम् 	 AryaH/hinduism/branches/shaivaH/trikam/abhinavagupta-mUlam/tantrasAraH/12_snAna-prakAshanam/
12 स्वरूपसमर्थनम् 	 AryaH/hinduism/branches/vaiShNavaH/shrI-sampradAyaH/tattvam/venkaTanAthaH/nixepa-raxA/03_siddhAntaH/12_svarUpasamarthanam/
12: Abiding in the Self 	 AryaH/hinduism/branches/brAhmaH/shAnakara-darshanam/articles/satyanArAyaNa-shAstrI/garaNi-rAdhAkRShNaH/english-articles/Ashtavakra_Samhita/12_Abiding_in_the_Self/
13 	 AryaH/hinduism/branches/shaivaH/trikam/abhinavagupta-mUlam/tantrasAraH/00/Summary/13/
13 Persecution 	 AryaH/hinduism/articles/sanderson_tolerance/13_Persecution/
13 SARVANANDANATHA 	 AryaH/hinduism/articles/tantrAgamAH/avalon-arthur_woodroffe/shakti_and_shAkta/13_SARVANANDANATHA/
13 saṅkrānti , ūttarāyaṇa puṇyakāla 	 AryaH/hinduism/AchAraH/kriyAH/utsavAH/articles/rangapriya-on-festivals/13_ShankrAnti_Makara_ShankrAnti_UttarAyaNa_puNyakAla/
13 The Jain Monk Jinapati Suri Gets the Better of a Nath Yogi 	 AryaH/hinduism/articles/tantrAgamAH/tantra-in-practice/04_Traditions_in_Transition_and_Conflict/13_The_Jain_Monk_Jinapati_Suri_Gets_the_Better_of_a_Nath_Yogi/
13 एभिरिति श्रुत्यर्थः 	 AryaH/hinduism/branches/vaiShNavaH/shrI-sampradAyaH/kriyA/sachcharitra-raxA/01_sudarshana-pAncha-janya-dhAraNa-vidhiH/13_ebhiriti_shrutyarthaH/
13 भूतजयाधिकारः 	 AryaH/hinduism/branches/shaivaH/trikam/mAlinI-vijayottara-tantram/sarva-prastutiH/13_bhUtajayAdhikAraH/
13 लक्षणसमर्थनम् 	 AryaH/hinduism/branches/vaiShNavaH/shrI-sampradAyaH/tattvam/venkaTanAthaH/nixepa-raxA/03_siddhAntaH/13_laxaNasamarthanam/
13 समयि-दीक्षा 	 AryaH/hinduism/branches/shaivaH/trikam/abhinavagupta-mUlam/tantrasAraH/13_samayi-dIxA/
13: Happiness 	 AryaH/hinduism/branches/brAhmaH/shAnakara-darshanam/articles/satyanArAyaNa-shAstrI/garaNi-rAdhAkRShNaH/english-articles/Ashtavakra_Samhita/13_Happiness/
14 	 AryaH/hinduism/branches/shaivaH/trikam/abhinavagupta-mUlam/tantrasAraH/00/Summary/14/
14 CIT-SHAKTI \(THE CONSCIOUSNESS ASPECT OF THE UNIVERSE\) 	 AryaH/hinduism/articles/tantrAgamAH/avalon-arthur_woodroffe/shakti_and_shAkta/14_CIT-SHAKTI_THE_CONSCIOUSNESS_ASPECT_OF_THE_UNIVERSE/
14 Longchenpa and the Possession of the Dakinis 	 AryaH/hinduism/articles/tantrAgamAH/tantra-in-practice/04_Traditions_in_Transition_and_Conflict/14_Longchenpa_and_the_Possession_of_the_Dakinis/
14 nāgapūjā- nāgarapañcamī 	 AryaH/hinduism/AchAraH/kriyAH/utsavAH/articles/rangapriya-on-festivals/14_NAgapUjA-_NAgarapanchamI_Serpent_Worship/
14 References 	 AryaH/hinduism/articles/sanderson_tolerance/14_References/
14 अनुष्ठानसमर्थनम् 	 AryaH/hinduism/branches/vaiShNavaH/shrI-sampradAyaH/tattvam/venkaTanAthaH/nixepa-raxA/03_siddhAntaH/14_anuShThAnasamarthanam/
14 चक्रं बिभर्ति इति श्रुत्यर्थोपक्रमः 	 AryaH/hinduism/branches/vaiShNavaH/shrI-sampradAyaH/kriyA/sachcharitra-raxA/01_sudarshana-pAncha-janya-dhAraNa-vidhiH/14_chakraM_bibharti_iti_shrutyarthopakramaH/
14 तन्मात्रधारणाधिकारः 	 AryaH/hinduism/branches/shaivaH/trikam/mAlinI-vijayottara-tantram/sarva-prastutiH/14_tanmAtradhAraNAdhikAraH/
14 पुत्रक-दीक्षा 	 AryaH/hinduism/branches/shaivaH/trikam/abhinavagupta-mUlam/tantrasAraH/14_putraka-dIxA/
14: Tranquility 	 AryaH/hinduism/branches/brAhmaH/shAnakara-darshanam/articles/satyanArAyaNa-shAstrI/garaNi-rAdhAkRShNaH/english-articles/Ashtavakra_Samhita/14_Tranquility/
15 	 AryaH/hinduism/branches/shaivaH/trikam/abhinavagupta-mUlam/tantrasAraH/00/Summary/15/
15 MAYA-SHAKTI \(THE PSYCHO-PHYSICAL ASPECT OF THE UNIVERSE\) 	 AryaH/hinduism/articles/tantrAgamAH/avalon-arthur_woodroffe/shakti_and_shAkta/15_MAYA-SHAKTI_THE_PSYCHO-PHYSICAL_ASPECT_OF_THE_UNIVERSE/
15 narasimha jayantī 	 AryaH/hinduism/AchAraH/kriyAH/utsavAH/articles/rangapriya-on-festivals/15_Narasimha_jayantI/
15 The Anonymous Agama Prakasa 	 AryaH/hinduism/articles/tantrAgamAH/tantra-in-practice/04_Traditions_in_Transition_and_Conflict/15_The_Anonymous_Agama_Prakasa/
15 अक्षधारणाधिकारः 	 AryaH/hinduism/branches/shaivaH/trikam/mAlinI-vijayottara-tantram/sarva-prastutiH/15_axadhAraNAdhikAraH/
15 पवित्रमिति अग्निरिति इति श्रुत्यर्थः 	 AryaH/hinduism/branches/vaiShNavaH/shrI-sampradAyaH/kriyA/sachcharitra-raxA/01_sudarshana-pAncha-janya-dhAraNa-vidhiH/15_pavitramiti_agniriti_iti_shrutyarthaH/
15 विधिसमर्थनम् 	 AryaH/hinduism/branches/vaiShNavaH/shrI-sampradAyaH/tattvam/venkaTanAthaH/nixepa-raxA/03_siddhAntaH/15_vidhisamarthanam/
15 सप्रत्यय-दीक्षा 	 AryaH/hinduism/branches/shaivaH/trikam/abhinavagupta-mUlam/tantrasAraH/15_sapratyaya-dIxA/
15: Knowledge of the Self 	 AryaH/hinduism/branches/brAhmaH/shAnakara-darshanam/articles/satyanArAyaNa-shAstrI/garaNi-rAdhAkRShNaH/english-articles/Ashtavakra_Samhita/15_Knowledge_of_the_Self/
15CE विभागः 	 AryaH/hinduism/branches/nyAya-vaisheShike/padArthAH/dravyam/15ce-vibhAgaH/
16 	 AryaH/hinduism/branches/shaivaH/trikam/abhinavagupta-mUlam/tantrasAraH/00/Summary/16/
16 Conversation between Guru Hasan Kabiruddm and Jogi Kanipha 	 AryaH/hinduism/articles/tantrAgamAH/tantra-in-practice/04_Traditions_in_Transition_and_Conflict/16_Conversation_between_Guru_Hasan_Kabiruddm_and_Jogi_Kanipha/
16 MATTER AND CONSCIOUSNESS 	 AryaH/hinduism/articles/tantrAgamAH/avalon-arthur_woodroffe/shakti_and_shAkta/16_MATTER_AND_CONSCIOUSNESS/
16 Navarātra mahotsava 	 AryaH/hinduism/AchAraH/kriyAH/utsavAH/articles/rangapriya-on-festivals/16_NavarAtra_Mahotsava/
16 धारणाधिकारः 	 AryaH/hinduism/branches/shaivaH/trikam/mAlinI-vijayottara-tantram/sarva-prastutiH/16_dhAraNAdhikAraH/
16 निषेधभङ्गः 	 AryaH/hinduism/branches/vaiShNavaH/shrI-sampradAyaH/tattvam/venkaTanAthaH/nixepa-raxA/03_siddhAntaH/16_niShedhabhangaH/
16 परोक्ष-दीक्षा 	 AryaH/hinduism/branches/shaivaH/trikam/abhinavagupta-mUlam/tantrasAraH/16_paroxa-dIxA/
16 पवित्रं ते इति श्रुत्यर्थः 	 AryaH/hinduism/branches/vaiShNavaH/shrI-sampradAyaH/kriyA/sachcharitra-raxA/01_sudarshana-pAncha-janya-dhAraNa-vidhiH/16_pavitraM_te_iti_shrutyarthaH/
16: Special Instruction 	 AryaH/hinduism/branches/brAhmaH/shAnakara-darshanam/articles/satyanArAyaNa-shAstrI/garaNi-rAdhAkRShNaH/english-articles/Ashtavakra_Samhita/16_Special_Instruction/
17 	 AryaH/hinduism/branches/shaivaH/trikam/abhinavagupta-mUlam/tantrasAraH/00/Summary/17/
17 Emptiness and Dust: Zen Dharma 	 AryaH/hinduism/articles/tantrAgamAH/tantra-in-practice/05_Tantric_Paths/17_Emptiness_and_Dust_Zen_Dharma/
17 phrathamaikādaśī 	 AryaH/hinduism/AchAraH/kriyAH/utsavAH/articles/rangapriya-on-festivals/17_phrathamaikAdashI/
17 SHAKTI AND MAYA 	 AryaH/hinduism/articles/tantrAgamAH/avalon-arthur_woodroffe/shakti_and_shAkta/17_SHAKTI_AND_MAYA/
17 ऐक्यभङ्गः 	 AryaH/hinduism/branches/vaiShNavaH/shrI-sampradAyaH/tattvam/venkaTanAthaH/nixepa-raxA/03_siddhAntaH/17_aikyabhangaH/
17 चरणं पवित्रमिति श्रुत्यर्थः 	 AryaH/hinduism/branches/vaiShNavaH/shrI-sampradAyaH/kriyA/sachcharitra-raxA/01_sudarshana-pAncha-janya-dhAraNa-vidhiH/17_charaNaM_pavitramiti_shrutyarthaH/
17 लिङ्गोद्धरणम् 	 AryaH/hinduism/branches/shaivaH/trikam/abhinavagupta-mUlam/tantrasAraH/17_lingoddharaNam/
17 षडङ्गयोगाधिकारः 	 AryaH/hinduism/branches/shaivaH/trikam/mAlinI-vijayottara-tantram/sarva-prastutiH/17_ShaDangayogAdhikAraH/
17: The True Knower 	 AryaH/hinduism/branches/brAhmaH/shAnakara-darshanam/articles/satyanArAyaNa-shAstrI/garaNi-rAdhAkRShNaH/english-articles/Ashtavakra_Samhita/17_The_True_Knower/
18 	 AryaH/hinduism/branches/shaivaH/trikam/abhinavagupta-mUlam/tantrasAraH/00/Summary/18/
18 Peace 	 AryaH/hinduism/branches/brAhmaH/shAnakara-darshanam/articles/satyanArAyaNa-shAstrI/garaNi-rAdhAkRShNaH/english-articles/Ashtavakra_Samhita/18_Peace/
18 SHAKTA ADVAITAVADA 	 AryaH/hinduism/articles/tantrAgamAH/avalon-arthur_woodroffe/shakti_and_shAkta/18_SHAKTA_ADVAITAVADA/
18 The Necklace of Immortality: A Seventeenth-Century Vaisnava Sahajiya Text 	 AryaH/hinduism/articles/tantrAgamAH/tantra-in-practice/05_Tantric_Paths/18_The_Necklace_of_Immortality_A_Seventeenth-Century_Vaisnava_Sahajiya_Text/
18 Śrī rāmanavamī 	 AryaH/hinduism/AchAraH/kriyAH/utsavAH/articles/rangapriya-on-festivals/18_shrI_RAmanavamI/
18 अभिषेक-प्रकाशनम् 	 AryaH/hinduism/branches/shaivaH/trikam/abhinavagupta-mUlam/tantrasAraH/18_abhiSheka-prakAshanam/
18 अशक्तिभङ्गः 	 AryaH/hinduism/branches/vaiShNavaH/shrI-sampradAyaH/tattvam/venkaTanAthaH/nixepa-raxA/03_siddhAntaH/18_ashaktibhangaH/
18 परमविद्याधिकारः 	 AryaH/hinduism/branches/shaivaH/trikam/mAlinI-vijayottara-tantram/sarva-prastutiH/18_paramavidyAdhikAraH/
18 स्मृत्युदाहरणम् 	 AryaH/hinduism/branches/vaiShNavaH/shrI-sampradAyaH/kriyA/sachcharitra-raxA/01_sudarshana-pAncha-janya-dhAraNa-vidhiH/18_smRtyudAharaNam/
19 	 AryaH/hinduism/branches/shaivaH/trikam/abhinavagupta-mUlam/tantrasAraH/00/Summary/19/
19 CREATION AS EXPLAINED IN THE NON-DUALIST TANTRAS 	 AryaH/hinduism/articles/tantrAgamAH/avalon-arthur_woodroffe/shakti_and_shAkta/19_CREATION_AS_EXPLAINED_IN_THE_NON-DUALIST_TANTRAS/
19 rathaṣaptamī 	 AryaH/hinduism/AchAraH/kriyAH/utsavAH/articles/rangapriya-on-festivals/19_RathaShaptamI/
19 Repose in the Self 	 AryaH/hinduism/branches/brAhmaH/shAnakara-darshanam/articles/satyanArAyaNa-shAstrI/garaNi-rAdhAkRShNaH/english-articles/Ashtavakra_Samhita/19_Repose_in_the_Self/
19 The Tibetan Practice of the Mantra Path 	 AryaH/hinduism/articles/tantrAgamAH/tantra-in-practice/05_Tantric_Paths/19_The_Tibetan_Practice_of_the_Mantra_Path/
19 अख्यातिभङ्गः 	 AryaH/hinduism/branches/vaiShNavaH/shrI-sampradAyaH/tattvam/venkaTanAthaH/nixepa-raxA/03_siddhAntaH/19_akhyAtibhangaH/
19 इतिहासोदाहरणम् 	 AryaH/hinduism/branches/vaiShNavaH/shrI-sampradAyaH/kriyA/sachcharitra-raxA/01_sudarshana-pAncha-janya-dhAraNa-vidhiH/19_itihAsodAharaNam/
19 कुलचक्राधिकारः 	 AryaH/hinduism/branches/shaivaH/trikam/mAlinI-vijayottara-tantram/sarva-prastutiH/19_kulachakrAdhikAraH/
19 श्राद्ध-दीक्षा 	 AryaH/hinduism/branches/shaivaH/trikam/abhinavagupta-mUlam/tantrasAraH/19_shrAddha-dIxA/
1: Instruction on Self-Realization 	 AryaH/hinduism/branches/brAhmaH/shAnakara-darshanam/articles/satyanArAyaNa-shAstrI/garaNi-rAdhAkRShNaH/english-articles/Ashtavakra_Samhita/1_Instruction_on_Self-Realization/
1st person rudra experience 	 AryaH/hinduism/branches/shaivaH/meta/articles/MT/first-person-rudra-experience/
2 	 AryaH/bauddhaH/meta/articles/getting-off/2/
2 A CRITICISM OF MORALITY 	 AryaH/germanic/articles/Neitzesche/Will_to_Power/2_CRITIQUE_OF_THE_HIGHEST_VALUES_HITHERTO/Ludovici/2_A_CRITICISM_OF_MORALITY/
2 CRITIQUE OF MORALITY 	 AryaH/germanic/articles/Neitzesche/Will_to_Power/2_CRITIQUE_OF_THE_HIGHEST_VALUES_HITHERTO/Kaufmann/2_CRITIQUE_OF_MORALITY/
2 CRITIQUE OF THE HIGHEST VALUES HITHERTO 	 AryaH/germanic/articles/Neitzesche/Will_to_Power/2_CRITIQUE_OF_THE_HIGHEST_VALUES_HITHERTO/
2 DIONYSUS 	 AryaH/germanic/articles/Neitzesche/Will_to_Power/4_Discipline_and_Breeding/Kaufmann/2_DIONYSUS/
2 DIONYSUS 	 AryaH/germanic/articles/Neitzesche/Will_to_Power/4_Discipline_and_Breeding/Ludovici/2_DIONYSUS/
2 HISTORY OF EUROPEAN NIHILISM 	 AryaH/germanic/articles/Neitzesche/Will_to_Power/1_EUROPEAN_NIHILISM/Kaufman/2_HISTORY_OF_EUROPEAN_NIHILISM/
2 HISTORY OF EUROPEAN NIHILISM 	 AryaH/germanic/articles/Neitzesche/Will_to_Power/1_EUROPEAN_NIHILISM/Ludovici/2_HISTORY_OF_EUROPEAN_NIHILISM/
2 Sources and resources on Vaiśeṣikasūtra 	 AryaH/hinduism/branches/nyAya-vaisheShike/articles/vaisheShika-sUtrANi_moise_thITe/2_Sources_and_resources_on_VaisheShika-sUtra/
2 Truthful Character of the Hindus 	 AryaH/hinduism/articles/muller-max/india_what_it_can_teach_us/2_Truthful_Character_of_the_Hindus/
2 Will to power in nature 	 AryaH/germanic/articles/Neitzesche/Will_to_Power/3_PRINCIPLES_OF_A_NEW_EVALUATION/Kaufmann/2_Will_to_power_in_nature/
2 WOP in nature 	 AryaH/germanic/articles/Neitzesche/Will_to_Power/3_PRINCIPLES_OF_A_NEW_EVALUATION/Ludovici/2_WOP_in_nature/
20 	 AryaH/hinduism/branches/shaivaH/trikam/abhinavagupta-mUlam/tantrasAraH/00/Summary/20/
20 Liberation-in-Life 	 AryaH/hinduism/branches/brAhmaH/shAnakara-darshanam/articles/satyanArAyaNa-shAstrI/garaNi-rAdhAkRShNaH/english-articles/Ashtavakra_Samhita/20_Liberation-in-Life/
20 subbarāyana ṣaśṭhī 	 AryaH/hinduism/AchAraH/kriyAH/utsavAH/articles/rangapriya-on-festivals/20_SubbarAyana_ShashThI/
20 THE INDIAN MAGNA MATER 	 AryaH/hinduism/articles/tantrAgamAH/avalon-arthur_woodroffe/shakti_and_shAkta/20_THE_INDIAN_MAGNA_MATER/
20 The Ocean of the Heart: Selections from 	 AryaH/hinduism/articles/tantrAgamAH/tantra-in-practice/05_Tantric_Paths/20_The_Ocean_of_the_Heart_Selections_from/
20 कृतलक्षणशब्दार्थप्रपञ्चनम् 	 AryaH/hinduism/branches/vaiShNavaH/shrI-sampradAyaH/kriyA/sachcharitra-raxA/01_sudarshana-pAncha-janya-dhAraNa-vidhiH/20_kRtalaxaNashabdArthaprapanchanam/
20 शेष-वर्तन-प्रकाशनम् 	 AryaH/hinduism/branches/shaivaH/trikam/abhinavagupta-mUlam/tantrasAraH/20_sheSha-vartana-prakAshanam/
20 संप्रदायविरोधभङ्गः 	 AryaH/hinduism/branches/vaiShNavaH/shrI-sampradAyaH/tattvam/venkaTanAthaH/nixepa-raxA/03_siddhAntaH/20_saMpradAyavirodhabhangaH/
20 सर्वमन्त्रनिर्णयः 	 AryaH/hinduism/branches/shaivaH/trikam/mAlinI-vijayottara-tantram/sarva-prastutiH/20_sarvamantranirNayaH/
21 	 AryaH/hinduism/branches/shaivaH/trikam/abhinavagupta-mUlam/tantrasAraH/00/Summary/21/
21 HINDU RITUAL 	 AryaH/hinduism/articles/tantrAgamAH/avalon-arthur_woodroffe/shakti_and_shAkta/21_HINDU_RITUAL/
21 Tantric Buddhism and Chinese Thoughtin East Asia 	 AryaH/hinduism/articles/tantrAgamAH/tantra-in-practice/05_Tantric_Paths/21_Tantric_Buddhism_and_Chinese_Thoughtin_East_Asia/
21 Yugādi\* Festival 	 AryaH/hinduism/AchAraH/kriyAH/utsavAH/articles/rangapriya-on-festivals/21_UgAdi_Festival/
21 आगम-प्रामाण्य-प्रकाशनम् 	 AryaH/hinduism/branches/shaivaH/trikam/abhinavagupta-mUlam/tantrasAraH/21_Agama-prAmANya-prakAshanam/
21 कृतलक्षणशब्दार्थनिगमनम् 	 AryaH/hinduism/branches/vaiShNavaH/shrI-sampradAyaH/kriyA/sachcharitra-raxA/01_sudarshana-pAncha-janya-dhAraNa-vidhiH/21_kRtalaxaNashabdArthanigamanam/
21 चन्द्राकृष्ट्यधिकारः 	 AryaH/hinduism/branches/shaivaH/trikam/mAlinI-vijayottara-tantram/sarva-prastutiH/21_chandrAkRShTyadhikAraH/
22 	 AryaH/hinduism/branches/shaivaH/trikam/abhinavagupta-mUlam/tantrasAraH/00/Summary/22/
22 VEDANTA AND TANTRA SHASTRA 	 AryaH/hinduism/articles/tantrAgamAH/avalon-arthur_woodroffe/shakti_and_shAkta/22_VEDANTA_AND_TANTRA_SHASTRA/
22 Worship of the Ladies of the Dipper 	 AryaH/hinduism/articles/tantrAgamAH/tantra-in-practice/06_Rites_and_Techniques/22_Worship_of_the_Ladies_of_the_Dipper/
22 ūpākarma 	 AryaH/hinduism/AchAraH/kriyAH/utsavAH/articles/rangapriya-on-festivals/22_UpAkarma/
22 कुल-याग-प्रकाशनम् 	 AryaH/hinduism/branches/shaivaH/trikam/abhinavagupta-mUlam/tantrasAraH/22_kula-yAga-prakAshanam/
22 चक्राद्यङ्कने पुराणोदाहरणम् 	 AryaH/hinduism/branches/vaiShNavaH/shrI-sampradAyaH/kriyA/sachcharitra-raxA/01_sudarshana-pAncha-janya-dhAraNa-vidhiH/22_chakrAdyankane_purANodAharaNam/
22 सूर्याकृष्ट्यधिकारः 	 AryaH/hinduism/branches/shaivaH/trikam/mAlinI-vijayottara-tantram/sarva-prastutiH/22_sUryAkRShTyadhikAraH/
23 The Great Wisdom Mother and the Good Tradition 	 AryaH/hinduism/articles/tantrAgamAH/tantra-in-practice/06_Rites_and_Techniques/23_The_Great_Wisdom_Mother_and_the_Good_Tradition/
23 THE PSYCHOLOGY OF HINDU RELIGIOUS RITUAL 	 AryaH/hinduism/articles/tantrAgamAH/avalon-arthur_woodroffe/shakti_and_shAkta/23_THE_PSYCHOLOGY_OF_HINDU_RELIGIOUS_RITUAL/
23 ūtsarjana 	 AryaH/hinduism/AchAraH/kriyAH/utsavAH/articles/rangapriya-on-festivals/23_Utsarjana/
23 अन्तिमः 	 AryaH/hinduism/branches/shaivaH/trikam/mAlinI-vijayottara-tantram/sarva-prastutiH/23_antimaH/
23 उपपुराणप्रदर्शनम् 	 AryaH/hinduism/branches/vaiShNavaH/shrI-sampradAyaH/kriyA/sachcharitra-raxA/01_sudarshana-pAncha-janya-dhAraNa-vidhiH/23_upapurANapradarshanam/
24 SHAKTI AS MANTRA \(MANTRAMAYI SHAKTI\) 	 AryaH/hinduism/articles/tantrAgamAH/avalon-arthur_woodroffe/shakti_and_shAkta/24_SHAKTI_AS_MANTRA_MANTRAMAYI_SHAKTI/
24 utthānadvādaśī 	 AryaH/hinduism/AchAraH/kriyAH/utsavAH/articles/rangapriya-on-festivals/24_UtthAnadvAdashI/
24 Worship of Bell-Ears the Great Hero, a Jain Tantric Deity 	 AryaH/hinduism/articles/tantrAgamAH/tantra-in-practice/06_Rites_and_Techniques/24_Worship_of_Bell-Ears_the_Great_Hero_a_Jain_Tantric_Deity/
24 आचारस्यापि अत्र प्रमाणता 	 AryaH/hinduism/branches/vaiShNavaH/shrI-sampradAyaH/kriyA/sachcharitra-raxA/01_sudarshana-pAncha-janya-dhAraNa-vidhiH/24_AchArasyApi_atra_pramANatA/
25 Secret Yantras and Erotic Display for Hindu Temples 	 AryaH/hinduism/articles/tantrAgamAH/tantra-in-practice/06_Rites_and_Techniques/25_Secret_Yantras_and_Erotic_Display_for_Hindu_Temples/
25 Varamahālakṣmīvrata 	 AryaH/hinduism/AchAraH/kriyAH/utsavAH/articles/rangapriya-on-festivals/25_varamahAlaxmIvrata/
25 VARNAMALA \(THE GARLAND OF LETTERS\) 	 AryaH/hinduism/articles/tantrAgamAH/avalon-arthur_woodroffe/shakti_and_shAkta/25_VARNAMALA_THE_GARLAND_OF_LETTERS/
25 पर्वपक्षदूषितपूर्वाचार्यश्लोक निरदुष्टत्वनिगमनम् 	 AryaH/hinduism/branches/vaiShNavaH/shrI-sampradAyaH/kriyA/sachcharitra-raxA/01_sudarshana-pAncha-janya-dhAraNa-vidhiH/25_parvapaxadUShitapUrvAchAryashloka_niraduShTatvanigamanam/
26 Meta 	 AryaH/hinduism/AchAraH/kriyAH/utsavAH/articles/rangapriya-on-festivals/26_Meta/
26 SHAKTA SADHANA \(THE ORDINARY RITUAL\) 	 AryaH/hinduism/articles/tantrAgamAH/avalon-arthur_woodroffe/shakti_and_shAkta/26_SHAKTA_SADHANA_THE_ORDINARY_RITUAL/
26 The Six Rites of Magic 	 AryaH/hinduism/articles/tantrAgamAH/tantra-in-practice/06_Rites_and_Techniques/26_The_Six_Rites_of_Magic/
26 उपोद्घातः 	 AryaH/hinduism/branches/vaiShNavaH/shrI-sampradAyaH/kriyA/sachcharitra-raxA/02_Urdhva-puNDra-dhAraNam/26_upodghAtaH/
27 THE PAÑCATATTVA \(THE SECRET RITUAL\) 	 AryaH/hinduism/articles/tantrAgamAH/avalon-arthur_woodroffe/shakti_and_shAkta/27_THE_PACATATTVA_THE_SECRET_RITUAL/
27 The Worship of Kali According to the Todala Tantra 	 AryaH/hinduism/articles/tantrAgamAH/tantra-in-practice/06_Rites_and_Techniques/27_The_Worship_of_Kali_According_to_the_Todala_Tantra/
27 द्वितीयाधिकारे ऊर्ध्वपुण्ड्रे श्रुतिप्रमाणप्रदर्शनम् 	 AryaH/hinduism/branches/vaiShNavaH/shrI-sampradAyaH/kriyA/sachcharitra-raxA/02_Urdhva-puNDra-dhAraNam/27_dvitIyAdhikAre_UrdhvapuNDre_shrutipramANapradarshanam/
28 MATAM RUTRA \(THE RIGHT AND WRONG INTERPRETATION\) 	 AryaH/hinduism/articles/tantrAgamAH/avalon-arthur_woodroffe/shakti_and_shAkta/28_MATAM_RUTRA_THE_RIGHT_AND_WRONG_INTERPRETATION/
28 Ritual Manual for the Protective Fire Offering Devoted to Manjusri, Chuin Lineage 	 AryaH/hinduism/articles/tantrAgamAH/tantra-in-practice/06_Rites_and_Techniques/28_Ritual_Manual_for_the_Protective_Fire_Offering_Devoted_to_Manjusri_Chuin_Lineage/
28 ऊर्ध्वपुण्ड्रस्य सर्वसाधारण्ये स्मृत्याद्युदाहरणम् 	 AryaH/hinduism/branches/vaiShNavaH/shrI-sampradAyaH/kriyA/sachcharitra-raxA/02_Urdhva-puNDra-dhAraNam/28_UrdhvapuNDrasya_sarvasAdhAraNye_smRtyAdyudAharaNam/
29 KUNDALINI SHAKTA \(YOGA\) 	 AryaH/hinduism/articles/tantrAgamAH/avalon-arthur_woodroffe/shakti_and_shAkta/29_KUNDALINI_SHAKTA_YOGA/
29 The Purification of the Body 	 AryaH/hinduism/articles/tantrAgamAH/tantra-in-practice/06_Rites_and_Techniques/29_The_Purification_of_the_Body/
29 नित्यस्यैवास्य फलार्थत्वमि 	 AryaH/hinduism/branches/vaiShNavaH/shrI-sampradAyaH/kriyA/sachcharitra-raxA/02_Urdhva-puNDra-dhAraNam/29_nityasyaivAsya_phalArthatvami/
2: Joy of Self-Realization 	 AryaH/hinduism/branches/brAhmaH/shAnakara-darshanam/articles/satyanArAyaNa-shAstrI/garaNi-rAdhAkRShNaH/english-articles/Ashtavakra_Samhita/2_Joy_of_Self-Realization/
3 	 AryaH/bauddhaH/meta/articles/getting-off/3/
3 CRITICISM OF PHILOSOPHY 	 AryaH/germanic/articles/Neitzesche/Will_to_Power/2_CRITIQUE_OF_THE_HIGHEST_VALUES_HITHERTO/Ludovici/3_CRITICISM_OF_PHILOSOPHY/
3 CRITIQUE OF PHILOSOPHY 	 AryaH/germanic/articles/Neitzesche/Will_to_Power/2_CRITIQUE_OF_THE_HIGHEST_VALUES_HITHERTO/Kaufmann/3_CRITIQUE_OF_PHILOSOPHY/
3 ETERNAL RECURRENCE 	 AryaH/germanic/articles/Neitzesche/Will_to_Power/4_Discipline_and_Breeding/Ludovici/3_ETERNAL_RECURRENCE/
3 HUMAN INTEREST OF SANSKRIT LITERATURE 	 AryaH/hinduism/articles/muller-max/india_what_it_can_teach_us/3_HUMAN_INTEREST_OF_SANSKRIT_LITERATURE/
3 PRINCIPLES OF A NEW EVALUATION 	 AryaH/germanic/articles/Neitzesche/Will_to_Power/3_PRINCIPLES_OF_A_NEW_EVALUATION/
3 THE ETERNAL RECURRENCE 	 AryaH/germanic/articles/Neitzesche/Will_to_Power/4_Discipline_and_Breeding/Kaufmann/3_THE_ETERNAL_RECURRENCE/
3 WOP AS SOCIETY AND INDIVIDUAL 	 AryaH/germanic/articles/Neitzesche/Will_to_Power/3_PRINCIPLES_OF_A_NEW_EVALUATION/Kaufmann/3_WOP_AS_SOCIETY_AND_INDIVIDUAL/
3 WOP in society and individual 	 AryaH/germanic/articles/Neitzesche/Will_to_Power/3_PRINCIPLES_OF_A_NEW_EVALUATION/Ludovici/3_WOP_in_society_and_individual/
30 A Tantric Meditation on Emptiness 	 AryaH/hinduism/articles/tantrAgamAH/tantra-in-practice/07_Yoga_and_Meditation/30_A_Tantric_Meditation_on_Emptiness/
30 CONCLUSIONS 	 AryaH/hinduism/articles/tantrAgamAH/avalon-arthur_woodroffe/shakti_and_shAkta/30_CONCLUSIONS/
30 द्रव्यविचारः 	 AryaH/hinduism/branches/vaiShNavaH/shrI-sampradAyaH/kriyA/sachcharitra-raxA/02_Urdhva-puNDra-dhAraNam/30_dravyavichAraH/
31 Japanese Tantra, the Tachikawa-ryu, and Ryobu Shinto 	 AryaH/hinduism/articles/tantrAgamAH/tantra-in-practice/07_Yoga_and_Meditation/31_Japanese_Tantra_the_Tachikawa-ryu_and_Ryobu_Shinto/
31 श्रीवकुलभूषणदिव्यसूरिचरिवचनस्य भस्मासाधकता 	 AryaH/hinduism/branches/vaiShNavaH/shrI-sampradAyaH/kriyA/sachcharitra-raxA/02_Urdhva-puNDra-dhAraNam/31_shrIvakulabhUShaNadivyasUricharivachanasya_bhasmAsAdhakatA/
32 Assorted Topics of the Great Completeness by Dodrupchen III 	 AryaH/hinduism/articles/tantrAgamAH/tantra-in-practice/07_Yoga_and_Meditation/32_Assorted_Topics_of_the_Great_Completeness_by_Dodrupchen_III/
32 भगवत्क्षेत्रतो द्रव्यग्राह्यता 	 AryaH/hinduism/branches/vaiShNavaH/shrI-sampradAyaH/kriyA/sachcharitra-raxA/02_Urdhva-puNDra-dhAraNam/32_bhagavatxetrato_dravyagrAhyatA/
33 On the Seal of Sambhu: A Poem 	 AryaH/hinduism/articles/tantrAgamAH/tantra-in-practice/07_Yoga_and_Meditation/33_On_the_Seal_of_Sambhu_A_Poem/
33 पञ्चमृत्तिका विवरणम् 	 AryaH/hinduism/branches/vaiShNavaH/shrI-sampradAyaH/kriyA/sachcharitra-raxA/02_Urdhva-puNDra-dhAraNam/33_panchamRttikA_vivaraNam/
34 द्रव्यवर्णविचारः 	 AryaH/hinduism/branches/vaiShNavaH/shrI-sampradAyaH/kriyA/sachcharitra-raxA/02_Urdhva-puNDra-dhAraNam/34_dravyavarNavichAraH/
35 Jain Tantra: Divinatory and Meditative Practices in the Twelfth-Century Yogasastra of Hemacandra 	 AryaH/hinduism/articles/tantrAgamAH/tantra-in-practice/07_Yoga_and_Meditation/35_Jain_Tantra_Divinatory_and_Meditative_Practices_in_the_Twelfth-Century_Yogasastra_of_Hemacandra/
35 संस्थानविचारः लक्ष्म्यासहस्थितिश्च 	 AryaH/hinduism/branches/vaiShNavaH/shrI-sampradAyaH/kriyA/sachcharitra-raxA/02_Urdhva-puNDra-dhAraNam/35_saMsthAnavichAraH_laxmyAsahasthitishcha/
36 Cheating Death 	 AryaH/hinduism/articles/tantrAgamAH/tantra-in-practice/07_Yoga_and_Meditation/36_Cheating_Death/
36 हरिपादाकृतिमुख्यता 	 AryaH/hinduism/branches/vaiShNavaH/shrI-sampradAyaH/kriyA/sachcharitra-raxA/02_Urdhva-puNDra-dhAraNam/36_haripAdAkRtimukhyatA/
37 सच्छिद्रत्वम् 	 AryaH/hinduism/branches/vaiShNavaH/shrI-sampradAyaH/kriyA/sachcharitra-raxA/02_Urdhva-puNDra-dhAraNam/37_sachChidratvam/
38 पुण्ड्रसंख्यादिविचारः 	 AryaH/hinduism/branches/vaiShNavaH/shrI-sampradAyaH/kriyA/sachcharitra-raxA/02_Urdhva-puNDra-dhAraNam/38_puNDrasaMkhyAdivichAraH/
39 समन्त्रकप्रयोगः 	 AryaH/hinduism/branches/vaiShNavaH/shrI-sampradAyaH/kriyA/sachcharitra-raxA/02_Urdhva-puNDra-dhAraNam/39_samantrakaprayogaH/
3: Test of Self-Realization 	 AryaH/hinduism/branches/brAhmaH/shAnakara-darshanam/articles/satyanArAyaNa-shAstrI/garaNi-rAdhAkRShNaH/english-articles/Ashtavakra_Samhita/3_Test_of_Self-Realization/
4 	 AryaH/bauddhaH/meta/articles/getting-off/4/
4 OBJECTIONS 	 AryaH/hinduism/articles/muller-max/india_what_it_can_teach_us/4_OBJECTIONS/
4 THE WILL TO POWER AS ART 	 AryaH/germanic/articles/Neitzesche/Will_to_Power/3_PRINCIPLES_OF_A_NEW_EVALUATION/Kaufmann/4_THE_WILL_TO_POWER_AS_ART/
4 WOP in Art 	 AryaH/germanic/articles/Neitzesche/Will_to_Power/3_PRINCIPLES_OF_A_NEW_EVALUATION/Ludovici/4_WOP_in_Art/
40 देवतामूर्तिवर्णादि 	 AryaH/hinduism/branches/vaiShNavaH/shrI-sampradAyaH/kriyA/sachcharitra-raxA/02_Urdhva-puNDra-dhAraNam/40_devatAmUrtivarNAdi/
41 पुण्ड्रपरिमाणं संख्या च 	 AryaH/hinduism/branches/vaiShNavaH/shrI-sampradAyaH/kriyA/sachcharitra-raxA/02_Urdhva-puNDra-dhAraNam/41_puNDraparimANaM_saMkhyA_cha/
42 उपोद्घातः 	 AryaH/hinduism/branches/vaiShNavaH/shrI-sampradAyaH/kriyA/sachcharitra-raxA/03_bhagavan-niveditopayogaH/42_upodghAtaH/
43 तृतीयाधिकारे भगवन्निवेदितोपयाग विषये पूर्वपक्षः 	 AryaH/hinduism/branches/vaiShNavaH/shrI-sampradAyaH/kriyA/sachcharitra-raxA/03_bhagavan-niveditopayogaH/43_tRtIyAdhikAre_bhagavanniveditopayAga_viShaye_pUrvapaxaH/
44 सिद्धान्तिसमर्थनानुवादः 	 AryaH/hinduism/branches/vaiShNavaH/shrI-sampradAyaH/kriyA/sachcharitra-raxA/03_bhagavan-niveditopayogaH/44_siddhAntisamarthanAnuvAdaH/
45 अनूदित सिद्धान्ति पूर्वपक्ष खण्डनम् 	 AryaH/hinduism/branches/vaiShNavaH/shrI-sampradAyaH/kriyA/sachcharitra-raxA/03_bhagavan-niveditopayogaH/45_anUdita_siddhAnti_pUrvapaxa_khaNDanam/
46 सिद्धान्तारम्भः 	 AryaH/hinduism/branches/vaiShNavaH/shrI-sampradAyaH/kriyA/sachcharitra-raxA/03_bhagavan-niveditopayogaH/46_siddhAntArambhaH/
47 भगवच्छास्त्रगतनिर्माल्यनिषेधनिर्वाहः 	 AryaH/hinduism/branches/vaiShNavaH/shrI-sampradAyaH/kriyA/sachcharitra-raxA/03_bhagavan-niveditopayogaH/47_bhagavachChAstragatanirmAlyaniShedhanirvAhaH/
48 केरलाद्याचारस्य अश्रद्धेयत्वम् 	 AryaH/hinduism/branches/vaiShNavaH/shrI-sampradAyaH/kriyA/sachcharitra-raxA/03_bhagavan-niveditopayogaH/48_keralAdyAchArasya_ashraddheyatvam/
49 बोधायनीयस्य पाञ्चरात्रानुसारित्वम् 	 AryaH/hinduism/branches/vaiShNavaH/shrI-sampradAyaH/kriyA/sachcharitra-raxA/03_bhagavan-niveditopayogaH/49_bodhAyanIyasya_pAncharAtrAnusAritvam/
4: Glorification of Self-Realization 	 AryaH/hinduism/branches/brAhmaH/shAnakara-darshanam/articles/satyanArAyaNa-shAstrI/garaNi-rAdhAkRShNaH/english-articles/Ashtavakra_Samhita/4_Glorification_of_Self-Realization/
5 	 AryaH/bauddhaH/meta/articles/getting-off/5/
5 THE LESSONS OF THE VEDA 	 AryaH/hinduism/articles/muller-max/india_what_it_can_teach_us/5_THE_LESSONS_OF_THE_VEDA/
50 श्रीमद्रामायणोक्तस्य पाञ्चरात्रानुसारित्वम् 	 AryaH/hinduism/branches/vaiShNavaH/shrI-sampradAyaH/kriyA/sachcharitra-raxA/03_bhagavan-niveditopayogaH/50_shrImadrAmAyaNoktasya_pAncharAtrAnusAritvam/
51 आज्यस्य भगवद्देवताकत्वे श्रुतिः 	 AryaH/hinduism/branches/vaiShNavaH/shrI-sampradAyaH/kriyA/sachcharitra-raxA/03_bhagavan-niveditopayogaH/51_Ajyasya_bhagavaddevatAkatve_shrutiH/
52 अत्र महद्दैवतं न रुद्र इति स्थापनम् 	 AryaH/hinduism/branches/vaiShNavaH/shrI-sampradAyaH/kriyA/sachcharitra-raxA/03_bhagavan-niveditopayogaH/52_atra_mahaddaivataM_na_rudra_iti_sthApanam/
53 निवेदितनिवेदनायोगपूर्वपक्षः 	 AryaH/hinduism/branches/vaiShNavaH/shrI-sampradAyaH/kriyA/sachcharitra-raxA/03_bhagavan-niveditopayogaH/53_niveditanivedanAyogapUrvapaxaH/
54 निवेदितनिवेदनस्य यथाप्रमाणमिष्टिः 	 AryaH/hinduism/branches/vaiShNavaH/shrI-sampradAyaH/kriyA/sachcharitra-raxA/03_bhagavan-niveditopayogaH/54_niveditanivedanasya_yathApramANamiShTiH/
55 वैश्वदेवानर्हत्वप्रयुक्ताभोज्यत्वभङ्गः 	 AryaH/hinduism/branches/vaiShNavaH/shrI-sampradAyaH/kriyA/sachcharitra-raxA/03_bhagavan-niveditopayogaH/55_vaishvadevAnarhatvaprayuktAbhojyatvabhangaH/
56 प्राणाहुतेर्निवेदितैककार्यत्वम् 	 AryaH/hinduism/branches/vaiShNavaH/shrI-sampradAyaH/kriyA/sachcharitra-raxA/03_bhagavan-niveditopayogaH/56_prANAhuterniveditaikakAryatvam/
5: Four Ways to Dissolution 	 AryaH/hinduism/branches/brAhmaH/shAnakara-darshanam/articles/satyanArAyaNa-shAstrI/garaNi-rAdhAkRShNaH/english-articles/Ashtavakra_Samhita/5_Four_Ways_to_Dissolution/
6 	 AryaH/bauddhaH/meta/articles/getting-off/6/
6 VEDIC DEITIES 	 AryaH/hinduism/articles/muller-max/india_what_it_can_teach_us/6_VEDIC_DEITIES/
6: The Higher Knowledge 	 AryaH/hinduism/branches/brAhmaH/shAnakara-darshanam/articles/satyanArAyaNa-shAstrI/garaNi-rAdhAkRShNaH/english-articles/Ashtavakra_Samhita/6_The_Higher_Knowledge/
7 	 AryaH/bauddhaH/meta/articles/getting-off/7/
7 VEDA AND VEDANTA 	 AryaH/hinduism/articles/muller-max/india_what_it_can_teach_us/7_VEDA_AND_VEDANTA/
7: Nature of Self-Realization 	 AryaH/hinduism/branches/brAhmaH/shAnakara-darshanam/articles/satyanArAyaNa-shAstrI/garaNi-rAdhAkRShNaH/english-articles/Ashtavakra_Samhita/7_Nature_of_Self-Realization/
8 	 AryaH/bauddhaH/meta/articles/getting-off/8/
8: Bondage and Liberation 	 AryaH/hinduism/branches/brAhmaH/shAnakara-darshanam/articles/satyanArAyaNa-shAstrI/garaNi-rAdhAkRShNaH/english-articles/Ashtavakra_Samhita/8_Bondage_and_Liberation/
9 	 AryaH/bauddhaH/meta/articles/getting-off/9/
9: Detachment 	 AryaH/hinduism/branches/brAhmaH/shAnakara-darshanam/articles/satyanArAyaNa-shAstrI/garaNi-rAdhAkRShNaH/english-articles/Ashtavakra_Samhita/9_Detachment/
Abaris 	 AryaH/iranic/articles/MT/abaris/
Abortion 	 AryaH/hinduism/social-cultivation/violence/abortion/
About the Translator 	 AryaH/hinduism/branches/shaivaH/trikam/abhinavagupta-mUlam/tantrasAraH/00/About_the_Translator/
Access to education and scholarship 	 AryaH/hinduism/social-cultivation/women/Access_to_education_and_scholarship/
Access to lore and ritual 	 AryaH/hinduism/social-cultivation/women/Access_to_lore_and_ritual/
Agama-mImAMsA 	 AryaH/hinduism/articles/tantrAgamAH/MT/Agama-mImAMsA/
agni-stambhanam 	 AryaH/hinduism/bases/kathAH/agni-stambhanam/
ahUra puruSha 	 AryaH/iranic/zoro/articles/MT/ahUra-puruSha/
akShaya-tRtIya perversion 	 AryaH/hinduism/AchAraH/kriyAH/utsavAH/articles/akShaya-tRtIya-perversion/
alaknkAra limits 	 AryaH/hinduism/branches/shaivaH/siddhAntaH/articles/GA/alankAra-limits/
Amerindian 	 amerindian/
An early shaiva formula 	 AryaH/hinduism/branches/shaivaH/meta/articles/MT/2006-05-12_an-early-shaiva-formula/
Ananda access 	 AryaH/hinduism/social-cultivation/clan/theory/Ananda-access/
Ananda addiction 	 AryaH/hinduism/tattvam/puruShArthaH/Ananda-problem/
anAshrama-flaw 	 AryaH/hinduism/social-cultivation/dharma/Ashrama/anAshrama-flaw/
Ancestral vs Divine origins 	 vodUn/articles/ancestral-vs-divine-origins/
ANCIENT INDIAN PHILOSOPHY 	 AryaH/hinduism/articles/dANDekaraH/hinduism-insights/ANCIENT_INDIAN_PHILOSOPHY/
Andhra 	 AryaH/hinduism/AchAraH/kriyAH/meta-ritual/articles/temple-interference/Andhra/
Animal products 	 AryaH/hinduism/AchAraH/food/MT_lekhAH/animal-products/
Animals 	 AryaH/hinduism/social-cultivation/clan/theory/animal_observations/
Anumita shruti 	 AryaH/hinduism/bases/articles/MT/anumita-shruti/
Appendices 	 AryaH/hinduism/branches/nyAya-vaisheShike/articles/vaisheShika-sUtrANi_moise_thITe/Appendices/
Archaka job 	 AryaH/hinduism/social-cultivation/clan/theory/occupation/archaka/
archaka-classes 	 AryaH/hinduism/branches/shaivaH/siddhAntaH/articles/GA/archaka-classes/
Armenian trimUrti 	 AryaH/iranic/articles/MT/Armenian-trimUrti/
Arthur Avalon / Woodroffe 	 AryaH/hinduism/articles/tantrAgamAH/avalon-arthur_woodroffe/
Aryndhati - Royal Life 	 AryaH/hinduism/articles/mAnasollAsaH/arundhati__royal-life/
Asada anugamana 	 AryaH/hinduism/social-cultivation/violence/anugamana/articles/asada-anugamana/
Attribute-based गुण-धर्मः 	 AryaH/hinduism/social-cultivation/dharma/guna-dharma/
Author 	 AryaH/bauddhaH/meta/articles/getting-off/author/
Babaisms and apports 	 AryaH/hinduism/articles/tantrAgamAH/MT/bAbaisms_and_apports/
bAlagangAdhara religion summary 	 AryaH/bauddhaH/meta/articles/bAlagangAdhara-religion-summary/
Being different 	 AryaH/hinduism/social-cultivation/communal-support/distinctness/
Benefits 	 AryaH/hinduism/AchAraH/benefits/
Benefits 	 AryaH/hinduism/social-cultivation/dharma/benefits/
Benefits and apologetics 	 AryaH/hinduism/social-cultivation/violence/animal-sacrifice/Benefits_and_apologetics/
Benefits प्रयोजनम् 	 AryaH/hinduism/branches/mishram/hindu-id/benefits/
Bhaoo conversion 	 AryaH/hinduism/branches/vaiShNavaH/mahAnubhAvaH/articles/bhaoo-conversion/
bhuvanAdhvA 	 AryaH/hinduism/branches/shaivaH/siddhAntaH/articles/GA/bhuvanAdhvA/
Bibliography 	 AryaH/hinduism/branches/nyAya-vaisheShike/articles/vaisheShika-sUtrANi_moise_thITe/Bibliography/
Bibliography 	 AryaH/hinduism/branches/shaivaH/trikam/abhinavagupta-mUlam/tantrasAraH/Bibliography/
Birth progression 	 AryaH/hinduism/social-cultivation/clan/theory/articles/GA/birth-progression/
Book adoration 	 AryaH/hinduism/branches/shaivaH/siddhAntaH/articles/GA/book-adoration/
Books 	 AryaH/hinduism/books/
BRAHMA VIDYA 	 AryaH/hinduism/branches/brAhmaH/shAnakara-darshanam/articles/satyanArAyaNa-shAstrI/garaNi-rAdhAkRShNaH/english-articles/BRAHMA_VIDYA/
Brit ghost sightings 	 AryaH/hinduism/tattvam/articles/MT/brit-ghost-sightings/
Categories 	 categories/
Cattle 	 kemet/cattle/
chera hiraNyagarbha 	 AryaH/hinduism/social-cultivation/clan/theory/varNa-change/articles/chera-hiraNyagarbha/
Chesterton fence 	 AryaH/hinduism/AchAraH/kriyAH/meta-ritual/articles/chesterton-fence/
chIna daiva dice 	 AryaH/hinduism/branches/shaivaH/meta/articles/MT/chIna-daiva-dice/
chinna-jIyAr on harmony 	 AryaH/hinduism/social-cultivation/clan/theory/articles/chinna-jIyAr_on_harmony/
Christian mask 	 amerindian/mAya/christian-mask/
Compatibility 	 AryaH/hinduism/social-cultivation/guru/articles/MT/compatibility/
Conflict सङ्ग्रामः 	 AryaH/hinduism/tattvam/eternal_conflict/
Consciousness - Hard problem 	 AryaH/hinduism/branches/nyAya-vaisheShike/articles/MT/consciousness-hard-problem/
CONTENTS 	 AryaH/hinduism/articles/tantrAgamAH/tantra-in-practice/00/CONTENTS/
Contents 	 AryaH/hinduism/branches/shaivaH/trikam/abhinavagupta-mUlam/tantrasAraH/00/Contents/
CONTENTS BY COUNTRY 	 AryaH/hinduism/articles/tantrAgamAH/tantra-in-practice/00/CONTENTS_BY_COUNTRY/
CONTENTS BY TRADITION 	 AryaH/hinduism/articles/tantrAgamAH/tantra-in-practice/00/CONTENTS_BY_TRADITION/
Context in conflict 	 AryaH/hinduism/social-cultivation/violence/animal-protection/go-raxA/Context_in_conflict/
Contra prapatti-based-degeneracy 	 AryaH/hinduism/branches/vaiShNavaH/shrI-sampradAyaH/meta/contra-prapatti-based-degeneracy/
Contra-bauddha-resistance: Mongol, Japan 	 AryaH/bauddhaH/meta/articles/MT_lekhAH/mongol-japan-resistance/
Contrast with individualism 	 AryaH/hinduism/social-cultivation/clan/theory/contrast_with_individualism/
Contrasts 	 AryaH/hinduism/bases/books/contrasts/
Convent children 	 vodUn/articles/convent-children/
Convert's caste 	 AryaH/hinduism/articles/conversion_to_hinduism/
Creation and suffering 	 AryaH/hinduism/tattvam/creation/
Criticism and counters 	 AryaH/hinduism/social-cultivation/clan/criticism/
Cross-cultural comparison 	 AryaH/hinduism/social-cultivation/violence/animal-protection/go-raxA/Cross-cultural_comparison/
Crossing seas 	 AryaH/hinduism/social-cultivation/clan/theory/seas/
Current situation 	 AryaH/hinduism/social-cultivation/violence/animal-protection/go-raxA/Current_situation/
Deriving knowledge 	 AryaH/hinduism/bases/books/deciding/
Deviance 	 AryaH/hinduism/social-cultivation/deviance/
Dharma Today 	 AryaH/hinduism/social-cultivation/dharma/today/
Dominance hierarchy 	 AryaH/hinduism/social-cultivation/biology/dominance_hierarchy/
Don't RIP 	 AryaH/hinduism/AchAraH/kriyAH/no_RIP/
DVG: ऋतं सत्यं धर्मः 	 AryaH/hinduism/tattvam/articles/DVG_Rtam_satyam_dharmaH/
dvijas and non-dvijas in the shaiva cults 	 AryaH/hinduism/branches/shaivaH/meta/articles/MT/2005-03-26_dvijas-and-non-dvijas-in-the-shaiva-cults/
dvivedi-vraja-vallabhaH 	 AryaH/hinduism/branches/shaivaH/trikam/vijJNAna-bhairavaH/srotaH/dvivedi-vraja-vallabhaH/
Dyczkowski Horvatic interview 	 AryaH/hinduism/branches/shaivaH/meta/articles/Dyczkowski_Hortavik_interview/
Early religion 	 AryaH/mediterranian/roman/early_religion/
Evolution of dakShiNashaiva system 	 AryaH/hinduism/branches/shaivaH/meta/articles/MT/2010-01-05_a-discursion-on-the-sanatkumariya-panchabrahma-siddha-shamkara-tantra-and-the-early-evolution-of-the-dakshinashaiva-system/
Exclusivity अधिकार-भेदः 	 AryaH/hinduism/social-cultivation/communal-support/exclusivity/
Experience levels 	 AryaH/hinduism/branches/shaivaH/trikam/articles/sthAneshvaraH/experience-levels/
EXPLANATION OF DIFFICULT VEDANTIC TERMS 	 AryaH/hinduism/branches/brAhmaH/shAnakara-darshanam/articles/satyanArAyaNa-shAstrI/garaNi-rAdhAkRShNaH/english-articles/EXPLANATION_OF_DIFFICULT_VEDANTIC_TERMS/
Female foeticide 	 AryaH/hinduism/social-cultivation/women/Female_foeticide/
Fluid dharma 	 AryaH/hinduism/social-cultivation/dharma/dharma-fluid/
Forbidden jewish magic books 	 AryaH/hinduism/tattvam/mantraH/articles/forbidden-jewish-magic-books/
Foreign influences 	 AryaH/mediterranian/roman/foreign_influences/
Foreword 	 AryaH/hinduism/branches/shaivaH/trikam/abhinavagupta-mUlam/tantrasAraH/00/Foreword/
Frequency evolution 	 AryaH/hinduism/branches/shaivaH/meta/articles/MT/frequency-evolution/
From the parAtrIshikhA section of the rudra yAmala 	 AryaH/hinduism/branches/shaivaH/meta/articles/MT/2005-03-21_from-the-paratrishikha-section-of-the-rudra-yamala/
Funerary similarity 	 AryaH/iranic/zoro/articles/funerary-similarity/
Future 	 AryaH/hinduism/social-cultivation/clan/future/
GA on anugamana 	 AryaH/hinduism/social-cultivation/violence/anugamana/articles/ghorAngIrasa_on_anugamana/
GAYATRI MANTRA 	 AryaH/hinduism/branches/brAhmaH/shAnakara-darshanam/articles/satyanArAyaNa-shAstrI/garaNi-rAdhAkRShNaH/english-articles/GAYATRI_MANTRA/
ghAna vodun spirituality 	 vodUn/articles/ghAna-vodun/
GL Krishna on Romantic 	 AryaH/hinduism/tattvam/puruShArthaH/articles/GL-kRShNa_on_romantic-fulfillment/
Glossary 	 AryaH/bauddhaH/meta/articles/getting-off/glossary/
GOD IN HINDU THOUGHT 	 AryaH/hinduism/articles/dANDekaraH/hinduism-insights/GOD_IN_HINDU_THOUGHT/
goraxa-sampradAya 	 AryaH/hinduism/branches/shaivaH/meta/articles/MT/goraxa-sampradAya/
Graha of Alma 	 AryaH/hinduism/tattvam/articles/MT/graha_of_alma/
gRhastha 	 AryaH/hinduism/social-cultivation/dharma/Ashrama/gRhastha/
Guidelines to shAnkara-vedAnta 	 AryaH/hinduism/branches/brAhmaH/shAnakara-darshanam/sachchidAnandendraH/kulakaraNi-devarAvaH/guidelines-to-shAnkara-vedAnta/
Guru गुरुः 	 AryaH/hinduism/social-cultivation/guru/guru/
Guru-kula 	 AryaH/hinduism/social-cultivation/guru/guru-kula/
Hereditary brAhmaNa priests 	 AryaH/hinduism/social-cultivation/clan/theory/articles/GA/hereditary-brAhmaNa-priests/
Hindu groupings 	 AryaH/hinduism/branches/mishram/hindu-id/articles/hindu-groupings/
Hindu literalism 	 AryaH/hinduism/articles/MT/hindu-literalism/
Hindu literalism 	 AryaH/hinduism/articles/tantrAgamAH/MT/hindu-literalism/
HINDUISM - RETROSPECT AND PROSPECT 	 AryaH/hinduism/articles/dANDekaraH/hinduism-insights/HINDUISM_-_RETROSPECT_AND_PROSPECT/
HINDUISM AND THE BHAGAVADGĪTĀ 	 AryaH/hinduism/articles/dANDekaraH/hinduism-insights/HINDUISM_AND_THE_BHAGAVADGT/
History 	 AryaH/hinduism/AchAraH/kriyAH/history/
History 	 AryaH/hinduism/bases/articles/MT/history/
History by MT 	 AryaH/hinduism/social-cultivation/violence/animal-protection/go-raxA/articles/MT/History_by_MT/
Hooked cross vs svastika 	 AryaH/hinduism/articles/svastika/hooked-cross_vs_svastika/
Human sacrifice 	 AryaH/hinduism/social-cultivation/violence/human-sacrifice/
Hygene by P 	 AryaH/hinduism/AchAraH/articles/hygene-P/
Iamblichus on prayer 	 AryaH/mediterranian/platonism/articles/iamblichus_on_prayer/
Icon worship 	 AryaH/hinduism/AchAraH/kriyAH/pUjA/mUrti-pUjA/
Ideal Realm 	 AryaH/hinduism/tattvam/Rtam/articles/MT/ideal-realm/
Inbreeding 	 AryaH/hinduism/social-cultivation/dharma/Ashrama/vivAhaH/inbreeding/
INDEX 	 AryaH/hinduism/articles/dANDekaraH/hinduism-insights/INDEX/
Index 	 AryaH/hinduism/branches/nyAya-vaisheShike/articles/vaisheShika-sUtrANi_moise_thITe/Index/
Index of shlokas quoted 	 AryaH/hinduism/branches/vaiShNavaH/shrI-sampradAyaH/tattvam/venkaTanAthaH/rahasya-traya-sAraH/nsa-summary/0/Index_of_shlokas_quoted/
Intellect, sentiment 	 AryaH/hinduism/social-cultivation/intellect-sentiment/
Intro 	 AryaH/hinduism/branches/shaivaH/trikam/abhinavagupta-mUlam/tantrasAraH/00/Intro/
INTRODUCTION 	 AryaH/hinduism/articles/tantrAgamAH/tantra-in-practice/00/INTRODUCTION/
INTRODUCTION 	 AryaH/hinduism/branches/brAhmaH/shAnakara-darshanam/sachchidAnandendraH/mUlAvidyA-nirAsaH/0/INTRODUCTION/
jayadeva-siMhaH 	 AryaH/hinduism/branches/shaivaH/trikam/vijJNAna-bhairavaH/srotaH/jayadeva-siMhaH/
Jilted GF fall 	 AryaH/hinduism/bases/kathAH/abhichAraH/jilted-gf-fall/
John Jones - sati 	 AryaH/hinduism/social-cultivation/violence/anugamana/articles/john_jones_sati/
jyotirmaTha lineage 	 AryaH/hinduism/branches/brAhmaH/shAnakara-darshanam/maTha/articles/vidyAshankaraH/jyotirmaTha-lineage/
K to men 	 AryaH/hinduism/social-cultivation/dharma/Ashrama/vivAhaH/articles/advice/k_to_men/
K to women 	 AryaH/hinduism/social-cultivation/dharma/Ashrama/vivAhaH/articles/advice/k_to_women/
kAlAmukhas-II 	 AryaH/hinduism/branches/shaivaH/meta/articles/MT/2005-03-23_kalamukhas-ii/
kAnchI-maTha-history 94 	 AryaH/hinduism/branches/brAhmaH/shAnakara-darshanam/maTha/articles/vidyAshankaraH/kAnchI-maTha-history_94/
kaNNappa 	 AryaH/hinduism/branches/shaivaH/siddhAntaH/articles/GA/kaNNappa/
kapilaH 	 AryaH/hinduism/branches/vaiShNavaH/meta/MT_lekhAH/kapilaH/
karma 	 AryaH/hinduism/tattvam/Rtam/karma/
kAshmIr shaivism schools 	 AryaH/hinduism/branches/shaivaH/trikam/articles/jU-laxmaNaH/kAshmIr-shaivism-schools/
Kerala commies 	 AryaH/hinduism/AchAraH/kriyAH/meta-ritual/articles/temple-interference/kerala-commies/
King and pratiloma-s 	 AryaH/hinduism/social-cultivation/clan/theory/articles/king-and-pratilomas/
Kingship 	 AryaH/hinduism/social-cultivation/clan/theory/occupation/kingship/
Knowledge & ritual access 	 AryaH/hinduism/social-cultivation/clan/theory/articles/GA/knowledge_ritual_access/
kShatriya 	 AryaH/hinduism/social-cultivation/clan/theory/varNa-change/kShatriya/
Labeling 	 AryaH/hinduism/tattvam/darshanam/labeling/
Learn from platonists 	 AryaH/hinduism/tattvam/articles/MT/learn_from_platonists/
Leidecker 	 AryaH/hinduism/branches/shaivaH/trikam/pratyabhijJNA-hRdayam/srotaH/leidecker/
Lindahl: Trauma among Vajrayānists 	 AryaH/bauddhaH/meta/articles/somatic-energies_trauma_vajrayAna/
Lineage 	 AryaH/hinduism/social-cultivation/clan/gotras/
Linus: On nautre 	 AryaH/mediterranian/articles/MT/linus_on_nature/
Literalism 	 meta/literalism/
LITERATURE OF BRAHMANISM IN SANSKRIT 	 AryaH/hinduism/articles/dANDekaraH/hinduism-insights/LITERATURE_OF_BRAHMANISM_IN_SANSKRIT/
Ludovici 	 AryaH/germanic/articles/Neitzesche/Will_to_Power/Meta/Ludovici/
mahAdevI-vyAkaraNa 	 AryaH/bauddhaH/meta/articles/MT_lekhAH/mahAdevI-vyAkaraNa/
MAN IN HINDU THOUGHT 	 AryaH/hinduism/articles/dANDekaraH/hinduism-insights/MAN_IN_HINDU_THOUGHT/
Manichaean 	 AryaH/iranic/Manichaean/
Mantra 	 AryaH/hinduism/articles/sthAneshvara_mantra_intro/
mantra vs goons 	 AryaH/hinduism/bases/kathAH/abhichAraH/mantra-vs-goons/
Mark Dyczkowski self intro 	 AryaH/hinduism/branches/shaivaH/meta/articles/Mark_Dyczkowski_self_intro/
Max Muller 	 AryaH/hinduism/articles/muller-max/
Meaning 	 AryaH/hinduism/tattvam/mantraH/articles/MT/meaning/
Meaning 	 AryaH/hinduism/tattvam/mantraH/meaning/
Ministership 	 AryaH/hinduism/social-cultivation/clan/theory/occupation/ministership/
Mirror Divination 	 AryaH/hinduism/AchAraH/kriyAH/meta-ritual/articles/MT/mirror-divination/
Mixed marriage detection 	 AryaH/hinduism/social-cultivation/clan/theory/varNa-change/articles/mixed-marriage-detection/
Mohit on deshI vs videshI 	 AryaH/hinduism/social-cultivation/violence/animal-protection/go-raxA/articles/mohit_deshI_vs_videshI/
mRgayAtrA 	 AryaH/hinduism/branches/shaivaH/meta/articles/MT/mRgayAtrA/
mRgendrAgama quote 	 AryaH/hinduism/branches/shaivaH/siddhAntaH/articles/GA/mRgendrAgama-quote/
Musings 	 AryaH/hinduism/branches/brAhmaH/shAnakara-darshanam/articles/satyanArAyaNa-shAstrI/musings/
muslmis among nAths 	 AryaH/hinduism/branches/shaivaH/meta/articles/muslims-among-nAths/
MYTHOLOGY OF SOUTH NDIA 	 AryaH/hinduism/articles/dANDekaraH/hinduism-insights/MYTHOLOGY_OF_SOUTH_NDIA/
NAASADIYA SUKTA 	 AryaH/hinduism/branches/brAhmaH/shAnakara-darshanam/articles/satyanArAyaNa-shAstrI/garaNi-rAdhAkRShNaH/english-articles/NAASADIYA_SUKTA/
naming of the initiates as per the classic siddhAnta tantras 	 AryaH/hinduism/branches/shaivaH/meta/articles/MT/2006-10-07_naming-of-the-initiates-as-per-the-classic-siddhanta-tantras/
nandanAr 	 AryaH/hinduism/branches/shaivaH/siddhAntaH/articles/nandanAr/
nAtha sampradAya and muslim texts 	 AryaH/hinduism/branches/shaivaH/meta/articles/marrewa/nAtha-sampradAya-muslim-texts/
nAtha-s and mogols 	 AryaH/hinduism/branches/shaivaH/meta/articles/marrewa/nAthas_and_mogols/
Nepal trika survival 	 AryaH/hinduism/branches/shaivaH/trikam/articles/nepal-trika-survival/
netra tantraM 	 AryaH/hinduism/branches/shaivaH/meta/articles/MT/2006-06-24_some-words-on-the-netra-tantram/
Nithin Shridhar - perspective 	 AryaH/hinduism/social-cultivation/violence/anugamana/articles/shrIdhar-nitin-perspective/
nitya-shrAddham 	 AryaH/hinduism/AchAraH/articles/nitya-shrAddham/
Non brAhmaNa gotras 	 AryaH/hinduism/social-cultivation/clan/abrAhmaNa-gotram/
Non-absoluteness 	 AryaH/hinduism/bases/books/non-absoluteness/
Non-hindu cases 	 AryaH/hinduism/social-cultivation/violence/anugamana/non-hindu-cases/
Non-tamil siddhAnta provenance 	 AryaH/hinduism/branches/shaivaH/siddhAntaH/articles/GA/non-tamiL-siddhAnta-provenance/
Non-vedic animal sacrifice 	 AryaH/hinduism/social-cultivation/violence/animal-sacrifice/Non-vedic_animal_sacrifice/
nonnus-purANa 	 AryaH/mediterranian/articles/MT/nonnus-purANa/
NOTE ON TRANSLITERATION 	 AryaH/hinduism/articles/tantrAgamAH/tantra-in-practice/00/NOTE_ON_TRANSLITERATION/
Notes 	 AryaH/hinduism/branches/shaivaH/trikam/abhinavagupta-mUlam/tantrasAraH/Notes/
Occupation 	 AryaH/hinduism/social-cultivation/clan/theory/shUdra/occupation/
Occupation differences 	 AryaH/hinduism/social-cultivation/clan/theory/occupation/
Odd ritual items 	 AryaH/hinduism/AchAraH/kriyAH/meta-ritual/unusual/
Olivelle on Dharmaśāstra 	 AryaH/hinduism/tattvam/puruShArthaH/articles/olivelle-on-dharma/
Omniscience / sarvajJNatA 	 AryaH/hinduism/bases/omniscience/
On the Gods and The World by Sallustius 	 AryaH/mediterranian/platonism/sallustius/on-the-gods/
Opposition 	 AryaH/hinduism/social-cultivation/violence/animal-sacrifice/Opposition/
Orissa pot burying 	 AryaH/hinduism/AchAraH/kriyAH/meta-ritual/articles/rain/orissa-pot-burying/
Overall status 	 AryaH/hinduism/social-cultivation/women/Overall_status/
paNDharapura 	 AryaH/hinduism/AchAraH/kriyAH/meta-ritual/articles/temple-interference/paNDharapura/
Pannobhasa On War 	 AryaH/bauddhaH/meta/articles/pannobhasa_on_war/
Parpola - Vedic time human sacrifice 	 AryaH/hinduism/social-cultivation/violence/articles/parpola_vedic-time-human-sacrifice/
Patrilineal ancestry as ritual input 	 AryaH/hinduism/AchAraH/kriyAH/meta-ritual/articles/ghorAngIrasa/patrilineal-ancestry_as_ritual-input/
Pedigree and corruption 	 AryaH/hinduism/bases/books/authority-contests/
Peripherality 	 AryaH/hinduism/AchAraH/kriyAH/tAtkAlika-saMskAraH/sharIram/veShaH/articles/MT/peripherality/
Peshva prohibition 	 AryaH/hinduism/branches/vaiShNavaH/mahAnubhAvaH/articles/peshva-prohibition/
Physical deformity 	 AryaH/hinduism/bases/kathAH/physical-deformity/
Political orientation 	 AryaH/hinduism/social-cultivation/biology/political_orientation/
Polytheistic dualsim 	 AryaH/iranic/zoro/articles/polytheistic-dualism/
popol vuh 	 amerindian/mAya/popol_vuh/
Porphyry on priests 	 kemet/articles/porphyry_on_priests/
pratyangira reversal 	 AryaH/hinduism/bases/kathAH/abhichAraH/pratyangira-injury-reversal/
Preface 	 AryaH/hinduism/branches/shaivaH/trikam/abhinavagupta-mUlam/tantrasAraH/00/Preface/
Presentations 	 AryaH/hinduism/AchAraH/kriyAH/meta-ritual/presentations/
Privileges 	 AryaH/hinduism/social-cultivation/clan/theory/shUdra/privileges/
Proclus: divine penetration in reality 	 AryaH/mediterranian/platonism/articles/proclus_divine-penetration_in_reality/
Professional dimorphism 	 AryaH/hinduism/social-cultivation/women/Professional_dimorphism/
Proofreader note 	 AryaH/hinduism/branches/vaiShNavaH/shrI-sampradAyaH/tattvam/venkaTanAthaH/rahasya-traya-sAraH/rAjagopAla-translation/0/proofreader-note/
Pros 	 AryaH/hinduism/social-cultivation/clan/theory/pros/
Protected species 	 AryaH/hinduism/social-cultivation/violence/animal-protection/go-raxA/articles/MT/protected-species/
Pseudo orthodoxy 	 AryaH/hinduism/social-cultivation/pseudo_orthodoxy/
Public ed Limits 	 AryaH/hinduism/articles/MT/public-ed-limits/
PUBLISHERS NOTE 	 AryaH/hinduism/branches/brAhmaH/shAnakara-darshanam/sachchidAnandendraH/mUlAvidyA-nirAsaH/0/PUBLISHERS_NOTE/
punarjanma 	 AryaH/hinduism/tattvam/articles/MT/punarjanman/
Quartz article 	 AryaH/hinduism/articles/svastika/quartz-article/
rAjarShi on tantra 	 AryaH/hinduism/articles/tantrAgamAH/rAjarShi-on-tantra/
rAmAnuja harmony 	 AryaH/hinduism/branches/vaiShNavaH/shrI-sampradAyaH/meta/articles/rAmAnuja-harmony/
Rape 	 AryaH/hinduism/social-cultivation/women/Rape/
Reading list 	 meta/articles/MT_lekhAH/reading-list/
References 	 AryaH/hinduism/branches/sAnkhyam/kArikA/pAThabhedAH/refs/
References to animal sacrifice 	 AryaH/hinduism/social-cultivation/violence/animal-sacrifice/References_to_animal_sacrifice/
Religion? 	 AryaH/hinduism/branches/mishram/hindu-id/religion/
Remarriage 	 AryaH/hinduism/social-cultivation/women/Remarriage/
Response to nILA 	 AryaH/hinduism/AchAraH/articles/response_to_nILA/
Right to property 	 AryaH/hinduism/social-cultivation/women/Right_to_property/
Ritual participation and ritual reality 	 AryaH/hinduism/AchAraH/kriyAH/meta-ritual/articles/ghorAngIrasa/ritual-participation_and_ritual-reality/
Ritual reality 	 AryaH/hinduism/AchAraH/kriyAH/meta-ritual/ritual_reality/
Royal enforcement 	 AryaH/hinduism/social-cultivation/violence/animal-protection/go-raxA/Royal_enforcement/
Royal kumAra worshippers 	 AryaH/hinduism/branches/shaivaH/meta/articles/MT/2005-10-28_royal-kumara-worshippers/
rupAvalIya 	 AryaH/bauddhaH/meta/articles/MT_lekhAH/rUpAvalIya/
Sacred groves 	 AryaH/hinduism/AchAraH/articles/sacred-groves/
Safaitic 	 semitic/safaitic/
saMskAra 	 AryaH/hinduism/social-cultivation/clan/theory/shUdra/ritual/saMskAra/
Science and magic 	 AryaH/hinduism/tattvam/science-magic/
Shaṅkaravijaya History 	 AryaH/hinduism/branches/brAhmaH/shAnakara-darshanam/maTha/articles/vidyAshankaraH/shankaravijaya-history/
shiShTa-authority-defence 	 AryaH/hinduism/bases/articles/shiShTa-authority-defence/
shishu AngIrasa 	 AryaH/hinduism/social-cultivation/clan/theory/articles/GA/shishv-AngIrasa/
shiva in kAraNDavyUha 	 AryaH/bauddhaH/meta/articles/MT_lekhAH/shiva-in-kAraNDavyUha/
shivAlaya-dharmakartA 	 AryaH/hinduism/branches/shaivaH/siddhAntaH/articles/GA/shivAlaya-dharmakartA/
Shri Satchidanandendra Saraswati Swamiji 	 AryaH/hinduism/branches/brAhmaH/shAnakara-darshanam/sachchidAnandendraH/mUlAvidyA-nirAsaH/0/Shri_Satchidanandendra_Saraswati_Swamiji/
shUdra standards 	 AryaH/hinduism/social-cultivation/clan/theory/articles/GA/shUdra-standards/
siddha vs paNDita 	 AryaH/hinduism/articles/tantrAgamAH/MT/siddha_vs_paNDita/
siddhAnta loss outside TN 	 AryaH/hinduism/branches/shaivaH/siddhAntaH/articles/GA/siddhAnta-loss-outside-TN/
siddhAnta tantrics and mainstream 	 AryaH/hinduism/branches/shaivaH/meta/articles/MT/2006-06-23_siddhanta-tantrics-and-the-mainstream-brahminical-path/
simhAsanAdhipatis 	 AryaH/hinduism/branches/vaiShNavaH/shrI-sampradAyaH/meta/articles/siMhAsanAdhipatis/
smRti 	 AryaH/hinduism/social-cultivation/clan/theory/shUdra/ritual/smRti/
Social status 	 AryaH/hinduism/social-cultivation/clan/theory/shUdra/social_status/
Social-media-classes 	 AryaH/hinduism/branches/mishram/hindu-id/articles/social-media-classes/
Some considerations on the tantric path 	 AryaH/hinduism/branches/shaivaH/meta/articles/MT/2005-11-15_some-considerations-on-the-tantric-path/
Soothsaying 	 AryaH/mediterranian/articles/MT/soothsaying/
Sources 	 AryaH/hinduism/social-cultivation/dharma/sources/
Split-brain Anand venkaTarAman talk 	 AryaH/hinduism/tattvam/articles/split-brain_anand-venkaTarAman/
Stranger Ari 	 AryaH/hinduism/social-cultivation/clan/theory/articles/stranger-ari/
Subversion पाटनम् 	 AryaH/hinduism/social-cultivation/subversion/
Suicide 	 AryaH/hinduism/social-cultivation/violence/suicide/
Summary 	 AryaH/mediterranian/platonism/sallustius/summary/
sundaranAtha (tirumUlar)’s lineage 	 AryaH/hinduism/branches/shaivaH/meta/articles/MT/2006-08-25_sundaranatha-tirumulars-lineage/
svastika history 	 AryaH/hinduism/articles/svastika/svastika-history-bbc/
svAtantrya 	 AryaH/hinduism/branches/shaivaH/trikam/articles/sthAneshvaraH/svAtantrya/
Tags 	 tags/
Temple making in kAmikAgama 	 AryaH/hinduism/branches/shaivaH/siddhAntaH/articles/GA/temple-making-kAmikAgama/
Temple ritual 	 kemet/articles/temple_ritual/
Temple ritual inputs 	 AryaH/hinduism/AchAraH/kriyAH/meta-ritual/articles/ghorAngIrasa/temple-ritual-inputs/
Tendencies 	 AryaH/hinduism/tattvam/darshanam/tendencies/
Tengrism 	 tengrism/
Territoriality 	 AryaH/hinduism/social-cultivation/biology/territoriality/
The akShara puruSha maNDala of the pUrva srotas 	 AryaH/hinduism/branches/shaivaH/meta/articles/MT/2006-07-14_the-akshara-purusha-mandala-of-the-purva-srotas/
THE BEGINNINGS OF VAISHNAVISM 	 AryaH/hinduism/articles/dANDekaraH/hinduism-insights/THE_BEGINNINGS_OF_VAISHNAVISM/
The goal 	 AryaH/hinduism/self-cultivation/The_goal/
The heart of the tantra 	 AryaH/hinduism/branches/shaivaH/meta/articles/MT/2005-03-11_the-heart-of-the-tantra/
The kAlAmukhas-I 	 AryaH/hinduism/branches/shaivaH/meta/articles/MT/2005-02-23_the-kalamukhas-i/
The matta-mayUra vaMsha 	 AryaH/hinduism/branches/shaivaH/meta/articles/MT/2006-12-10_the-matta-mayura-vamsha-of-mantra-marga-siddhantin-s/
The mythology of tirumUlar 	 AryaH/hinduism/branches/shaivaH/meta/articles/MT/2006-08-25_the-mythology-of-tirumular/
The pa~ncha vaktra chakra of the pUrva srotas 	 AryaH/hinduism/branches/shaivaH/meta/articles/MT/2006-07-13_the-pancha-vaktra-chakra-of-the-purva-srotas/
The primary tantras of rudra 	 AryaH/hinduism/branches/shaivaH/meta/articles/MT/2005-03-26_the-primary-tantras-of-rudra/
The shaiva cult in the tamil country 	 AryaH/hinduism/branches/shaivaH/meta/articles/MT/2004-05-19_the-shaiva-cult-in-the-tamil-country/
The shaivas: the pAshupata-s 	 AryaH/hinduism/branches/shaivaH/meta/articles/MT/2006-05-10_the-shaivas-the-pashupata-s/
The trayodashi rite of the kaTha dIkShita-s 	 AryaH/hinduism/branches/shaivaH/meta/articles/MT/2006-08-15_the-trayodashi-rite-of-the-katha-dikshita-s/
The unmatta bhairava tantraM of the saMmohana tradition 	 AryaH/hinduism/branches/shaivaH/meta/articles/MT/2006-11-11_the-unmatta-bhairava-tantram-of-the-sammohana-tradition/
Tibetan Buddhist celibacy fitness 	 AryaH/hinduism/social-cultivation/dharma/Ashrama/articles/Tibetan-buddhist-celibacy-fitness/
TN Audit fee 	 AryaH/hinduism/AchAraH/kriyAH/meta-ritual/articles/temple-interference/tn-audit-fee/
TN Temple control 	 AryaH/hinduism/articles/TN-temple-control/
Toilet 	 AryaH/hinduism/self-cultivation/toilet/
Tradition 	 AryaH/mediterranian/platonism/tradition/
trika-siddhAnta-tension 	 AryaH/hinduism/branches/shaivaH/meta/articles/MT/trika-siddhAnta-tension/
UNHEAD MELODIES 	 AryaH/hinduism/branches/brAhmaH/shAnakara-darshanam/articles/satyanArAyaNa-shAstrI/garaNi-rAdhAkRShNaH/english-articles/UNHEAD_MELODIES/
UNIVERSE IN HINDU THOUGHT 	 AryaH/hinduism/articles/dANDekaraH/hinduism-insights/UNIVERSE_IN_HINDU_THOUGHT/
Unsedated surgery 	 AryaH/hinduism/bases/kathAH/pain-control/unsedated-surgery/
Untouchability 	 AryaH/hinduism/social-cultivation/clan/theory/untouchability/
Vaishnavism and Shaivism 	 AryaH/hinduism/articles/dANDekaraH/hinduism-insights/Vaishnavism_and_Shaivism/
Vapors of Delphi 	 AryaH/mediterranian/articles/vapors_of_delphi/
Varna change 	 AryaH/hinduism/social-cultivation/clan/theory/varNa-change/
varNavatI वर्णवती 	 AryaH/hinduism/social-cultivation/clan/theory/fiction/varnavatii/
vAyavya tradition in garuDapurANa 	 AryaH/hinduism/branches/vaiShNavaH/meta/vAyavya-tradition_in_garuDa-purANa/
Vedic Animal sacrifices 	 AryaH/hinduism/social-cultivation/violence/animal-sacrifice/Vedic_Animal_sacrifices/
Vedic provenance 	 AryaH/hinduism/AchAraH/kriyAH/pUjA/articles/vedic-provenance/
Vedic sacrifice 	 AryaH/hinduism/social-cultivation/clan/theory/shUdra/ritual/vedic-sacrifice/
Venkatanatha [Vedantadesika]: Nyayaparisuddhi, bhumika 	 AryaH/hinduism/branches/nyAya-vaisheShike/vishiShTAdvaiti-granthAH/nyAya-parishuddhiH_vedAnta-deshikaH/bhumika/
Vesta 	 AryaH/mediterranian/roman/vesta/
Violence हिंसा 	 AryaH/hinduism/social-cultivation/violence/
vishiShTAdvaita and panentheism 	 AryaH/hinduism/branches/brAhmaH/articles/vishiShTAdvaita_panentheism/
War 	 AryaH/bauddhaH/war/
WHAT IS HINDUISM 	 AryaH/hinduism/articles/dANDekaraH/hinduism-insights/WHAT_IS_HINDUISM/
Wood 	 AryaH/hinduism/branches/shaivaH/meta/articles/MT/wood/
Word Index 	 AryaH/hinduism/branches/sAnkhyam/kArikA/pAThabhedAH/word-index/
World eye 	 AryaH/meta/articles/MT/world-eye/
yavana shaiva 	 AryaH/hinduism/branches/shaivaH/meta/articles/MT/yavana-shaiva/
अग्निः 	 AryaH/hinduism/AchAraH/kriyAH/homaH/angAni/agniH/
अग्निरक्षा 	 AryaH/hinduism/AchAraH/kriyAH/homaH/angAni/agni-raxA/
अथर्व-शिर-उपनिषत् शैवी 	 AryaH/hinduism/branches/shaivaH/atharva-shIra-upaniShat/
अध्याय-उपाकर्म 	 AryaH/hinduism/AchAraH/kriyAH/homaH/visheShaH/upAkarma/
अनुक्रमणिका 	 AryaH/hinduism/branches/brAhmaH/articles/saMskRta-vANmaya-bRhad-itihAsa_10_vedAnta/anukramaNikA/
अनुज्ञाङ्गम् 	 AryaH/hinduism/AchAraH/kriyAH/homaH/angAni/anujJNA/
अनुमितिः 	 AryaH/hinduism/branches/nyAya-vaisheShike/pramA/anumitiH/
अपत्य-जननम् 	 AryaH/hinduism/bases/kathAH/apatya-jananam/
अपत्यजनने सन्तानगोपालकः 	 AryaH/hinduism/bases/kathAH/apatya-janane_santAna-gopAlakaH/
अपाम् उपस्पर्शः 	 AryaH/hinduism/AchAraH/kriyAH/tAtkAlika-saMskAraH/manaH/apAm-upasparshaH/
अप्रमा 	 AryaH/hinduism/branches/nyAya-vaisheShike/pramA/apramA/
अभावः 	 AryaH/hinduism/branches/nyAya-vaisheShike/padArthAH/abhAvaH/
अभिनयः 	 AryaH/hinduism/AchAraH/kriyAH/abhinayaH/
अभिनवगुप्तोक्त-द्विजता 	 AryaH/hinduism/social-cultivation/clan/theory/varNa-change/articles/abhinavaguptokta-dvijatA/
अभिवादनम् आशीर्वादश्च 	 AryaH/hinduism/AchAraH/kriyAH/abhivAdanam/
अवघुण्टनम् Veil 	 AryaH/hinduism/AchAraH/kriyAH/tAtkAlika-saMskAraH/sharIram/veShaH/history/avaghuNTanam/
आखेटकम् 	 AryaH/hinduism/branches/vaiShNavaH/meta/MT_lekhAH/AkheTakam/
आगम-शिक्षणम् 	 AryaH/hinduism/articles/tantrAgamAH/MT/Agama-shixaNam/
आगमप्रामाण्यम् 	 AryaH/hinduism/branches/vaiShNavaH/pAncharAtrAgamaH/AgamaprAmANyam/
आग्रयणम् 	 AryaH/hinduism/AchAraH/kriyAH/homaH/visheShaH/AgrayaNam/
आचमनम् 	 AryaH/hinduism/AchAraH/kriyAH/tAtkAlika-saMskAraH/manaH/Achamanam/
आधारशक्त्यादि 	 AryaH/hinduism/branches/vaiShNavaH/shrI-sampradAyaH/kriyA/AhnikArtha-prakAshikA/Adharashaktyadi/
आधारशक्त्यादितर्पणक्रमः 	 AryaH/hinduism/branches/vaiShNavaH/shrI-sampradAyaH/kriyA/shrIvaiShNava-sadAchAra-nirNayaH/AdhArashaktyAdi/
आहुति-तन्त्रम् 	 AryaH/hinduism/AchAraH/kriyAH/homaH/angAni/AhutiH/
उत्तरीयम् 	 AryaH/hinduism/AchAraH/kriyAH/tAtkAlika-saMskAraH/sharIram/veShaH/uttarIyam/
उत्तरीयम् उपवीतञ्च 	 AryaH/hinduism/AchAraH/kriyAH/tAtkAlika-saMskAraH/sharIram/veShaH/history/uttarIyam_upavItaM_cha/
उपनयनम् 	 AryaH/hinduism/AchAraH/upanayanam/
उपवीतपरिवर्तनम् 	 AryaH/hinduism/AchAraH/kriyAH/angAni/upavIta-parivartanam/
उपवीतम् 	 AryaH/hinduism/AchAraH/kriyAH/tAtkAlika-saMskAraH/sharIram/veShaH/articles/MT/upavItam/
उपोद्घातः 	 AryaH/hinduism/branches/brAhmaH/shAnakara-darshanam/sachchidAnandendraH/mUlAvidyA-nirAsaH/0/upodghAtaH/
उल्कादानम् 	 AryaH/hinduism/AchAraH/kriyAH/utsavAH/ulkAdAnam/
एकायनशाखा 	 AryaH/hinduism/branches/vaiShNavaH/meta/MT_lekhAH/ekAyana-shAkHA/
औपासनम् 	 AryaH/hinduism/AchAraH/kriyAH/homaH/visheShaH/aupAsanam/
कर्मावलिः 	 AryaH/hinduism/AchAraH/kriyAH/karmAvaliH/
कार्य-कारण-भावः 	 AryaH/hinduism/branches/nyAya-vaisheShike/padArthAH/sambandhaH/kArya-kAraNa-bhAvaH/
कालः 	 AryaH/hinduism/AchAraH/kriyAH/angAni/kaalaH/
कूष्माण्डहोमः 	 AryaH/hinduism/branches/vaiShNavaH/shrI-sampradAyaH/kriyA/shrIvaiShNava-sadAchAra-nirNayaH/kUShmANDa-homaH/
कृष्णयजुर्वेदिषु 	 AryaH/hinduism/AchAraH/kriyAH/sandhyAvandanam/kyv/
कौमदी-मूलम् 	 AryaH/hinduism/branches/shaivaH/trikam/vijJNAna-bhairavaH/srotaH/kaumadI-mUlam/
क्रिया 	 AryaH/hinduism/branches/vaiShNavaH/pAncharAtrAgamaH/kriyA-kairava-chandrikA/01_kriyA/
क्रिया 	 AryaH/hinduism/branches/vaiShNavaH/shrI-sampradAyaH/kriyA/
क्षेमराज-निर्णयः 	 AryaH/hinduism/branches/shaivaH/trikam/spanda-kArikA/srotaH/xema-rAja-nirNayaH/
गरणि-राधाकृष्णः 	 AryaH/hinduism/branches/brAhmaH/shAnakara-darshanam/articles/satyanArAyaNa-shAstrI/garaNi-rAdhAkRShNaH/
गीतार्थ-सङ्ग्रहः 	 AryaH/hinduism/branches/vaiShNavaH/shrI-sampradAyaH/tattvam/yAmunaH/gItArtha-sangrahaH/
गुरुटू-नीलकण्ठः 	 AryaH/hinduism/branches/shaivaH/trikam/parAtriMshikA/srotaH/guruTU-nIlakaNThaH/
गुरुटू-नीलकण्ठः 	 AryaH/hinduism/branches/shaivaH/trikam/spanda-kArikA/srotaH/guruTU-nIlakaNThaH/
गुरुटू-नीलकण्ठः 	 AryaH/hinduism/branches/shaivaH/trikam/xemarAja-mUlam/parA-praveshikA/guruTU-nIlakaNThaH/
ग्रन्थविभागानुक्रमः 	 AryaH/hinduism/branches/brAhmaH/shAnakara-darshanam/sachchidAnandendraH/mUlAvidyA-nirAsaH/0/granthavibhAgAnukramaH/
ग्रन्थावलिः 	 AryaH/hinduism/branches/brAhmaH/shAnakara-darshanam/sachchidAnandendraH/mUlAvidyA-nirAsaH/0/granthAvaliH/
चतुश्-श्लोकि-भाष्यम् 	 AryaH/hinduism/branches/vaiShNavaH/shrI-sampradAyaH/tattvam/yAmunaH/chatush-shloki-bhAShyam/
चर्या 	 AryaH/hinduism/branches/vaiShNavaH/pAncharAtrAgamaH/kriyA-kairava-chandrikA/02_charyA/
चान्द्रमानम् 	 AryaH/hinduism/AchAraH/kriyAH/utsavAH/chAndra-mAnam/
चित् Consciousness 	 AryaH/hinduism/tattvam/chit/
जयदेव-सिंहः 	 AryaH/hinduism/branches/shaivaH/trikam/pratyabhijJNA-hRdayam/srotaH/jayadeva-siMhaH/
ज्ञान-कलिका-स्तोत्रम् 	 AryaH/hinduism/branches/shAktaH/tripurA-rahasyam/jnAna-kalikA-stotram/
ज्ञानखण्डम् - श्रीनिवास-टीका 	 AryaH/hinduism/branches/shAktaH/tripurA-rahasyam/jnAnakhaNDam_shrInivAsa-TIkA/
तत्त्वकौमुदी 	 AryaH/hinduism/branches/sAnkhyam/kArikA/sAnkhya-tattva-kaumudI/
तत्त्वत्रयनिर्णयः 	 AryaH/hinduism/branches/shaivaH/siddhAntaH/aShTa_prakaraNAni/tattva-traya-nirNayaH/
तत्त्वप्रकाशः 	 AryaH/hinduism/branches/shaivaH/siddhAntaH/aShTa_prakaraNAni/tattva-prakAshaH/
तत्त्वबोधः 	 AryaH/hinduism/branches/brAhmaH/shAnakara-darshanam/tattvabodhaH/
तत्त्वसंग्रहः 	 AryaH/hinduism/branches/shaivaH/siddhAntaH/aShTa_prakaraNAni/tattva-saMgrahaH/
तर्पणम् 	 AryaH/hinduism/AchAraH/kriyAH/tarpaNam/
त्रिपुरारहस्य माहत्म्यकण्ढम् 	 AryaH/hinduism/branches/shAktaH/tripurA-rahasyam/mAhatmya-kaNDham/
दण्डः 	 AryaH/hinduism/social-cultivation/violence/daNDaH/
दर्भाः 	 AryaH/hinduism/AchAraH/kriyAH/angAni/dravyam/darbhaH/
दर्वी 	 AryaH/hinduism/AchAraH/kriyAH/angAni/dravyam/darvI/
देवर्षि-पितृ-तर्पणम् 	 AryaH/hinduism/branches/vaiShNavaH/shrI-sampradAyaH/kriyA/AhnikArtha-prakAshikA/devaRShi-pitR-tarpaNam/
देवेषु प्रतिपत्तिः 	 AryaH/hinduism/branches/brAhmaH/shAnakara-darshanam/deveShu_pratipattiH/
द्रव्यम् 	 AryaH/hinduism/AchAraH/kriyAH/tAtkAlika-saMskAraH/dravyam/
द्राविडमानम् 	 AryaH/hinduism/AchAraH/kriyAH/utsavAH/drAviDa-mAnam/
धारणम् 	 AryaH/hinduism/AchAraH/kriyAH/angAni/dhAraNam/
धुण्डिकवेर् दुराचारावलिः 	 AryaH/hinduism/AchAraH/articles/dhuNDikavIshvara-durAchArAH/
नादकारिका 	 AryaH/hinduism/branches/shaivaH/siddhAntaH/aShTa_prakaraNAni/nAdakArikA/
नामकरणम् 	 AryaH/hinduism/AchAraH/kriyAH/AjIva-saMskAraH/nAmakaraNam/
नित्यकर्मसूचिः 	 AryaH/hinduism/AchAraH/nitya-karma-sUchiH/
न्यासः 	 AryaH/hinduism/AchAraH/kriyAH/tAtkAlika-saMskAraH/manaH/nyAsaH/
पञ्च महायज्ञाः 	 AryaH/hinduism/branches/vaiShNavaH/shrI-sampradAyaH/kriyA/prayogamAlA/panchamahAyaJNAH/
पञ्चसंस्कारप्रयोगः 	 AryaH/hinduism/branches/vaiShNavaH/shrI-sampradAyaH/kriyA/prayogamAlA/panchasmskArAdi/
परमोक्ष-निरास-कारिका 	 AryaH/hinduism/branches/shaivaH/siddhAntaH/aShTa_prakaraNAni/para-moxa-nirAsa-kArikA/
परम्पराः 	 AryaH/hinduism/branches/vaiShNavaH/shrI-sampradAyaH/meta/paramparAH/
परिधिकाष्ठानि 	 AryaH/hinduism/AchAraH/kriyAH/angAni/dravyam/paridhiH/
परिशिष्ट 	 AryaH/hinduism/branches/shaivaH/trikam/abhinavagupta-mUlam/tantrAlokaH/pariShkAryam/chaturvedi-rAdheshyAmaH/p5_21-37/parishiShTa/
परिशिष्टम् 	 AryaH/hinduism/branches/brAhmaH/shAnakara-darshanam/sachchidAnandendraH/mUlAvidyA-nirAsaH/0/parishiShTam/
परिस्थितिकलनम् 	 AryaH/hinduism/AchAraH/kriyAH/prAyashcittam/paristhitiH/
पवित्रधरणम् 	 AryaH/hinduism/AchAraH/kriyAH/tAtkAlika-saMskAraH/sharIram/pavitradharaNam/
पात्र-प्रयोगः 	 AryaH/hinduism/AchAraH/kriyAH/homaH/angAni/pAtram/
पापनाशनम् 	 AryaH/hinduism/AchAraH/kriyAH/tAtkAlika-saMskAraH/manaH/pApa-nAshanam/
पुण्ड्र-धारणम् 	 AryaH/hinduism/branches/vaiShNavaH/shrI-sampradAyaH/kriyA/prayogamAlA/angAni/puNDra-dhAraNam/
पुरोहित-प्रयोगः 	 AryaH/hinduism/AchAraH/kriyAH/angAni/purohita-prayogaH/
पौष्टीक-कर्माणि 	 AryaH/hinduism/AchAraH/kriyAH/homaH/angAni/pauShTika-homAH/
प्रकृतिः 	 AryaH/hinduism/tattvam/prakRtiH/
प्रणीता-विमोकः 	 AryaH/hinduism/AchAraH/kriyAH/homaH/angAni/praNItA-vimokaH/
प्रत्यक्षम् 	 AryaH/hinduism/branches/nyAya-vaisheShike/pramA/pratyaxam/
प्रत्यक्षम् Direct witness 	 AryaH/hinduism/bases/pratyaxa/
प्रश्नावली 	 AryaH/hinduism/branches/nyAya-vaisheShike/faq/
प्राणायामः 	 AryaH/hinduism/AchAraH/kriyAH/tAtkAlika-saMskAraH/manaH/prANAyAmaH/
प्रायश्चित्तानि 	 AryaH/hinduism/AchAraH/kriyAH/homaH/angAni/prAyashcittam/
प्रायश्चित्तापेक्षा 	 AryaH/hinduism/AchAraH/kriyAH/prAyashcittam/articles/prAyashchittApexA/
बालश्लोकाः 	 AryaH/hinduism/AchAraH/kriyAH/bAla-shlokAH/
बालालयप्रतिष्ठा 	 AryaH/hinduism/branches/vaiShNavaH/pAncharAtrAgamaH/kriyA-kairava-chandrikA/01_kriyA/03_bAlAlaya-pratiShThA/
ब्रह्म-कूर्च-प्रयोगः 	 AryaH/hinduism/branches/vaiShNavaH/shrI-sampradAyaH/kriyA/prayogamAlA/brahma-kUrcha-prayogaH/
ब्रह्म-सूत्राणि 	 AryaH/hinduism/branches/brAhmaH/brahma-sUtrANi/
ब्राह्मण-भोजनम् 	 AryaH/hinduism/AchAraH/kriyAH/khAdanam/brAhmaNa-bhojanam/
भस्म-धारणम् 	 AryaH/hinduism/AchAraH/kriyAH/meta-ritual/articles/bhasma-dhAraNam/
भावः 	 AryaH/hinduism/AchAraH/kriyAH/meta-ritual/feeling/
भोगकारिका 	 AryaH/hinduism/branches/shaivaH/siddhAntaH/aShTa_prakaraNAni/bhoga-kArikA/
भोजनम् 	 AryaH/hinduism/AchAraH/kriyAH/khAdanam/bhojanam/
मञ्जुश्रीः न्याये २०२० 	 AryaH/hinduism/branches/nyAya-vaisheShike/articles/manjushrI-nyAya-2020/
मञ्जुश्रीः वैशेषिके २०२१ 	 AryaH/hinduism/branches/nyAya-vaisheShike/articles/manjushrI-vaisheShika-2021/
मञ्जुश्रीः २०२१ 	 AryaH/hinduism/branches/sAnkhyam/meta/manjushrI-2021/
मञ्जुश्रीः २०२१ 	 AryaH/hinduism/branches/yogaH/meta/manjushrI-2021/
मनःसंस्कारः 	 AryaH/hinduism/AchAraH/kriyAH/homaH/angAni/manaH/
मन्त्रवचने 	 AryaH/hinduism/AchAraH/kriyAH/angAni/mantraH/
मन्त्रोपदेशः 	 AryaH/hinduism/AchAraH/kriyAH/mantropadeshaH/
मन्दिर-सेवा 	 AryaH/hinduism/branches/shaivaH/meta/mandira-sevA/
मरु-स्त्री-ब्राह्मणौ 	 AryaH/hinduism/social-cultivation/dharma/Ashrama/vivAhaH/articles/advice/maru-strI-brAhmaNau/
मालिनीविजयोत्तर-पाठसारः 	 AryaH/hinduism/branches/shaivaH/trikam/articles/sthAneshvaraH/mAlinI-vijayottara-pATha-sAraH/
मुक्कूरु-लक्ष्मी-नरसिंहे तदग्रजः 	 AryaH/hinduism/branches/vaiShNavaH/meta/mukkUru-laxmI-narasiMhe_tadagrajaH/
मुद्राः 	 AryaH/hinduism/AchAraH/kriyAH/angAni/mudrAH/
मूर्तौ पूजा 	 AryaH/hinduism/AchAraH/kriyAH/pUjA/kramaH/
मूल-मन्त्र 	 AryaH/hinduism/branches/brAhmaH/nAnaka-mArgaH/guru-granthaH/01_pre-rAga/01_japji/
मूलं सटीकम् 	 AryaH/hinduism/branches/shaivaH/trikam/pratyabhijJNA-hRdayam/srotaH/mUlam/
मूलम् 	 AryaH/hinduism/branches/nyAya-vaisheShike/vAda-nyAyaH/mUlam-vibhaktam/
मूलम् 	 AryaH/hinduism/branches/nyAya-vaisheShike/vAda-nyAyaH/mUlam/
मूलम् 	 AryaH/hinduism/branches/shaivaH/trikam/parAtriMshikA/srotaH/mUlam/
मेखला 	 AryaH/hinduism/AchAraH/kriyAH/tAtkAlika-saMskAraH/sharIram/veShaH/mekhalA/
मोक्षकारिका 	 AryaH/hinduism/branches/shaivaH/siddhAntaH/aShTa_prakaraNAni/moxakArikA/
यज्ञसूत्रम् 	 AryaH/hinduism/AchAraH/kriyAH/tAtkAlika-saMskAraH/sharIram/veShaH/yajnasUtram/
योगाभ्यासः 	 AryaH/hinduism/AchAraH/kriyAH/yogAbhyAsaH/
योगिनीहृदयम् दीपिकासहितम् 	 AryaH/hinduism/branches/shAktaH/yoginIhRdayam_dIpikA-sahitam/
रत्नत्रयपरीक्षा 	 AryaH/hinduism/branches/shaivaH/siddhAntaH/aShTa_prakaraNAni/ratnatrayaparIxA/
राजारामजशङ्कर-प्रस्तुतिः 	 AryaH/hinduism/branches/shaivaH/trikam/articles/rAjArAmaja-shankara-prastutiH/
रामकण्ठ-वृत्तिः 	 AryaH/hinduism/branches/shaivaH/trikam/spanda-kArikA/srotaH/rAmakaNTha-vRttiH/
लिङ्गकामादिसूत्राणि 	 AryaH/hinduism/social-cultivation/biology/lingakAmAdi/
वल्मीक-लिङ्गार्चनम् 	 AryaH/hinduism/branches/shaivaH/valmIkalingArchanam/
वाचकेषु विज्ञप्तिः 	 AryaH/hinduism/branches/brAhmaH/shAnakara-darshanam/sachchidAnandendraH/mUlAvidyA-nirAsaH/0/vAchakeShu_vijnaptiH/
वाद-न्यायः 	 AryaH/hinduism/branches/nyAya-vaisheShike/vAda-nyAyaH/TIkA/
वादः 	 AryaH/hinduism/branches/nyAya-vaisheShike/pramA/vAdaH/
विघ्नोपशमनादिकम् 	 AryaH/hinduism/AchAraH/kriyAH/angAni/vighnopashamanam/
विज्ञापनम् 	 AryaH/hinduism/branches/vaiShNavaH/shrI-sampradAyaH/tattvam/venkaTanAthaH/rahasya-traya-sAraH/laxmIpura-shrInivAsa-sangrahaH/vijnApanam/
विध्यन्तराणि 	 AryaH/hinduism/AchAraH/kriyAH/shrAddham/Apadi/
विरूपाक्षपण्चशिका 	 AryaH/hinduism/branches/shaivaH/trikam/virUpAxa-paNchashikA/
विषयानक्रमणिका 	 AryaH/hinduism/branches/brAhmaH/shAnakara-darshanam/sachchidAnandendraH/mUlAvidyA-nirAsaH/0/viShayAnakramaNikA/
विष्वक्सेन-पूजा 	 AryaH/hinduism/branches/vaiShNavaH/shrI-sampradAyaH/kriyA/prayogamAlA/angAni/viShvaxena-pUjA/
वेदान्त-बाल-बोधिनी 	 AryaH/hinduism/branches/brAhmaH/shAnakara-darshanam/sachchidAnandendraH/vedAnta-bAla-bodhinI/
वैदिकतन्त्रे शाखाविशेषाः 	 AryaH/hinduism/AchAraH/kriyAH/homaH/articles/vaidika-tantre-shAkhA-visheShAH/
वैश्वदेवम् 	 AryaH/hinduism/AchAraH/kriyAH/baliH/vaishvadevam/
वैष्णवाचमनम् 	 AryaH/hinduism/branches/vaiShNavaH/meta/MT_lekhAH/vaiShNavAchamanam/
शक्तिपातः 	 AryaH/hinduism/branches/shaivaH/siddhAntaH/articles/GA/shaktipAtaH/
शब्दः 	 AryaH/hinduism/branches/nyAya-vaisheShike/pramA/shabdaH/
शिव-शङ्करः 	 AryaH/hinduism/branches/shaivaH/trikam/pratyabhijJNA-hRdayam/srotaH/shiva-shankaraH/
शिष्टः Role-models 	 AryaH/hinduism/bases/elders/
शिष्टम् 	 AryaH/hinduism/branches/shaivaH/trikam/abhinavagupta-mUlam/tantrAlokaH/pariShkAryam/paramahaMsa-mishraH/p1_01-03/shiShTam/
शिष्टम् 	 AryaH/hinduism/branches/shaivaH/trikam/abhinavagupta-mUlam/tantrAlokaH/pariShkAryam/paramahaMsa-mishraH/p2_04-07/shiShTam/
शिष्टम् 	 AryaH/hinduism/branches/shaivaH/trikam/abhinavagupta-mUlam/tantrAlokaH/pariShkAryam/paramahaMsa-mishraH/p3_08-09/shiShTam/
शिष्टम् 	 AryaH/hinduism/branches/shaivaH/trikam/abhinavagupta-mUlam/tantrAlokaH/pariShkAryam/paramahaMsa-mishraH/p4_10-13/shiShTam/
शिष्टम् 	 AryaH/hinduism/branches/shaivaH/trikam/abhinavagupta-mUlam/tantrAlokaH/pariShkAryam/paramahaMsa-mishraH/p5_14-15/shiShTam/
शिष्टम् 	 AryaH/hinduism/branches/shaivaH/trikam/abhinavagupta-mUlam/tantrAlokaH/pariShkAryam/paramahaMsa-mishraH/p6_16-27/shiShTam/
शिष्टम् 	 AryaH/hinduism/branches/shaivaH/trikam/abhinavagupta-mUlam/tantrAlokaH/pariShkAryam/paramahaMsa-mishraH/p7_28-29/shiShTam/
शिष्टम् 	 AryaH/hinduism/branches/shaivaH/trikam/abhinavagupta-mUlam/tantrAlokaH/pariShkAryam/paramahaMsa-mishraH/p8_30-37_pariShiShTAni/shiShTam/
शिष्योपदेशः 	 AryaH/hinduism/branches/vaiShNavaH/pAncharAtrAgamaH/kriyA-kairava-chandrikA/02_charyA/shiShyopadeshaH/
शैवतन्त्रे मानसतरङ्गिणीकृल्लेखाः 	 AryaH/hinduism/branches/shaivaH/meta/articles/MT/
श्री-वैष्णव-सदाचार-निर्णयः 	 AryaH/hinduism/branches/vaiShNavaH/shrI-sampradAyaH/kriyA/shrIvaiShNava-sadAchAra-nirNayaH/
श्रौतयागशाला 	 AryaH/hinduism/AchAraH/kriyAH/tAtkAlika-saMskAraH/shrauta-yAga-shAlA/
श्रौतसम्प्रदायाः 	 AryaH/hinduism/AchAraH/kriyAH/history/shrautam/
श्वेत-कुष्ट-निवारणम् 	 AryaH/hinduism/bases/kathAH/shveta-kuShTa/
संवर्त-स्तवः 	 AryaH/hinduism/branches/shaivaH/trikam/articles/sthAneshvaraH/saMvarta-stavaH/
संस्काराणाम् पुनरुज्जीवनम् 	 AryaH/hinduism/AchAraH/kriyAH/tAtkAlika-saMskAraH/sharIram/saMskArANAm_punarujjIvanam/
संस्कृत-वाङ्मय का बृहद् इतिहास - न्याय साङ्ख्य आदि 	 AryaH/hinduism/branches/mishram/saMskRta-vANmaya-bRhad-itihAsa/
सङ्कल्पः 	 AryaH/hinduism/AchAraH/kriyAH/tAtkAlika-saMskAraH/manaH/sankalpaH/
सङ्केताक्षराणां विवरणम् 	 AryaH/hinduism/branches/brAhmaH/shAnakara-darshanam/sachchidAnandendraH/mUlAvidyA-nirAsaH/0/sanketAxarANAM_vivaraNam/
सन्ध्यावन्दनम् 	 AryaH/hinduism/AchAraH/kriyAH/sandhyAvandanam/
समाजविवेकः 	 AryaH/hinduism/social-cultivation/samAja-viveka/
समाप्तिः 	 AryaH/hinduism/branches/shaivaH/trikam/abhinavagupta-mUlam/tantrasAraH/mUlam/samAptiH/
समाप्तिः 	 AryaH/hinduism/branches/shaivaH/trikam/netra-tantram/samAptiH/
समाराधनम् 	 AryaH/hinduism/branches/vaiShNavaH/pAncharAtrAgamaH/kriyA-kairava-chandrikA/02_charyA/27_samArAdhanam/
समित्-लक्षणम् 	 AryaH/hinduism/AchAraH/kriyAH/angAni/dravyam/samit/
सर्व-प्रस्तुतिः 	 AryaH/hinduism/branches/shaivaH/trikam/pratyabhijJNA-hRdayam/sarva-prastutiH/
सर्वप्रस्तुतिः 	 AryaH/hinduism/branches/shaivaH/trikam/vijJNAna-bhairavaH/sarva-prastutiH/
साण्ख्यकारिका गौडपादभाष्यसहिता 	 AryaH/hinduism/branches/sAnkhyam/kArikA/gauDapAdabhAShyam/
साण्ख्यकारिकापरमार्थटीका 	 AryaH/hinduism/branches/sAnkhyam/kArikA/paramArthaTIkA/
साण्ख्यतत्त्वकौमुदी 	 AryaH/hinduism/branches/sAnkhyam/kArikA/sANkhyatattvakaumudI/
साण्ख्यतत्त्वप्रदीपः 	 AryaH/hinduism/branches/sAnkhyam/sANkhyatattvapradIpaH/
साण्ख्यतत्त्वप्रदीपिका 	 AryaH/hinduism/branches/sAnkhyam/sANkhyatattvapradIpikA/
साण्ख्यतत्त्वविवेचनम् 	 AryaH/hinduism/branches/sAnkhyam/sANkhyatattvavivechanam/
साण्ख्यपरिभाषा 	 AryaH/hinduism/branches/sAnkhyam/sANkhyaparibhAShA/
साण्ख्यसप्ततिटीका जयमङ्गला 	 AryaH/hinduism/branches/sAnkhyam/kArikA/sANkhyasaptatiTIkA_jayamaNgalA/
साण्ख्यसारः 	 AryaH/hinduism/branches/sAnkhyam/sANkhyasAraH/
साण्ख्यसूत्रविवरणम् 	 AryaH/hinduism/branches/sAnkhyam/sANkhyasUtravivaraNam/
सात्त्विकत्यागः 	 AryaH/hinduism/AchAraH/kriyAH/tAtkAlika-saMskAraH/manaH/sAttvika-tyAgaH/
सामवेदिषु 	 AryaH/hinduism/AchAraH/kriyAH/sandhyAvandanam/sv/
सामान्यम्/ जातिः 	 AryaH/hinduism/branches/nyAya-vaisheShike/padArthAH/sAmAnyam/
सामूहिक-देवालये 	 AryaH/hinduism/AchAraH/kriyAH/pUjA/sAmUhika-devAlaye/
सुगमा (अध्यासभाष्यव्याख्या) 	 AryaH/hinduism/branches/brAhmaH/shAnakara-darshanam/brahma-sUtrANi/sachchidAnandendraH/sugamA_adhyAsa-bhAShya-vyAkhyA/
सुमङ्गलीभिर् मङ्गलारतिः 	 AryaH/hinduism/AchAraH/kriyAH/mangalAratiH/
सुरापाने 	 AryaH/hinduism/AchAraH/kriyAH/prAyashcittam/surA/
स्थलम् 	 AryaH/hinduism/AchAraH/kriyAH/tAtkAlika-saMskAraH/sthalam/
स्थान-संस्कारः 	 AryaH/hinduism/AchAraH/kriyAH/homaH/angAni/sthAnam/
स्थालीपाकः 	 AryaH/hinduism/AchAraH/kriyAH/homaH/visheShaH/sthAlIpAkaH/
स्नानम् 	 AryaH/hinduism/AchAraH/kriyAH/tAtkAlika-saMskAraH/sharIram/snAnam/
हविः 	 AryaH/hinduism/AchAraH/kriyAH/angAni/dravyam/haviH/
हिन्दूकृत-म्लेच्छाचारः 	 AryaH/hinduism/AchAraH/articles/hindUkRta-mlechChAchAraH/
०० 	 AryaH/hinduism/branches/shaivaH/trikam/mAlinI-vijayottara-tantram/srotaH/paramhaMsa-mishrAnuvAdaH/00/
०० 	 AryaH/hinduism/branches/shaivaH/trikam/mAlinI-vijayottara-tantram/srotaH/viShnu-datta-Shastry-anuvAdaH/00/
०० PREFACE 	 AryaH/hinduism/branches/vaiShNavaH/shrI-sampradAyaH/tattvam/venkaTanAthaH/rahasya-traya-sAraH/rAjagopAla-translation/0/00_PREFACE/
०० गुरुपरम्परा-सारः 	 AryaH/hinduism/branches/vaiShNavaH/shrI-sampradAyaH/tattvam/venkaTanAthaH/rahasya-traya-sAraH/nsa-summary/1_arthAnushAsana-vibhAgaH/00_guruparamparA-sAraH/
०० गुरुपरम्परासारः 	 AryaH/hinduism/branches/vaiShNavaH/shrI-sampradAyaH/tattvam/venkaTanAthaH/rahasya-traya-sAraH/laxmIpura-shrInivAsa-sangrahaH/00_guruparamparAsAraH/
०० प्रतिज्ञा 	 AryaH/hinduism/branches/vaiShNavaH/shrI-sampradAyaH/kriyA/sachcharitra-raxA/01_sudarshana-pAncha-janya-dhAraNa-vidhiH/00_pratijJNA/
०० मङ्गलम् 	 AryaH/hinduism/branches/vaiShNavaH/shrI-sampradAyaH/tattvam/venkaTanAthaH/shata-dUShaNI/00_mangalam/
०० श्रीगुरुपरंपरासारः 	 AryaH/hinduism/branches/vaiShNavaH/shrI-sampradAyaH/tattvam/venkaTanAthaH/rahasya-traya-sAraH/mUlam/00_shrIguruparaMparAsAraH/
०० श्रीगुरुपरंपरासारः 	 AryaH/hinduism/branches/vaiShNavaH/shrI-sampradAyaH/tattvam/venkaTanAthaH/rahasya-traya-sAraH/rAjagopAla-translation/1_arthAnushAsana-vibhAgaH/00_shrIguruparaMparAsAraH/
००१ 	 AryaH/hinduism/branches/brAhmaH/yoga-vAsiShTha-shAstram/Ananda-bodhendra-TIkA/3_utpattiprakaraNam/001/
००१ 	 AryaH/hinduism/branches/brAhmaH/yoga-vAsiShTha-shAstram/Ananda-bodhendra-TIkA/6_nirvANa-prakaraNam/1/001/
००१ 	 AryaH/hinduism/branches/brAhmaH/yoga-vAsiShTha-shAstram/Ananda-bodhendra-TIkA/6_nirvANa-prakaraNam/2/001/
००२ 	 AryaH/hinduism/branches/brAhmaH/yoga-vAsiShTha-shAstram/Ananda-bodhendra-TIkA/3_utpattiprakaraNam/002/
००२ 	 AryaH/hinduism/branches/brAhmaH/yoga-vAsiShTha-shAstram/Ananda-bodhendra-TIkA/6_nirvANa-prakaraNam/1/002/
००२ 	 AryaH/hinduism/branches/brAhmaH/yoga-vAsiShTha-shAstram/Ananda-bodhendra-TIkA/6_nirvANa-prakaraNam/2/002/
००३ 	 AryaH/hinduism/branches/brAhmaH/yoga-vAsiShTha-shAstram/Ananda-bodhendra-TIkA/3_utpattiprakaraNam/003/
००३ 	 AryaH/hinduism/branches/brAhmaH/yoga-vAsiShTha-shAstram/Ananda-bodhendra-TIkA/6_nirvANa-prakaraNam/1/003/
००३ 	 AryaH/hinduism/branches/brAhmaH/yoga-vAsiShTha-shAstram/Ananda-bodhendra-TIkA/6_nirvANa-prakaraNam/2/003/
००४ 	 AryaH/hinduism/branches/brAhmaH/yoga-vAsiShTha-shAstram/Ananda-bodhendra-TIkA/3_utpattiprakaraNam/004/
००४ 	 AryaH/hinduism/branches/brAhmaH/yoga-vAsiShTha-shAstram/Ananda-bodhendra-TIkA/6_nirvANa-prakaraNam/1/004/
००४ 	 AryaH/hinduism/branches/brAhmaH/yoga-vAsiShTha-shAstram/Ananda-bodhendra-TIkA/6_nirvANa-prakaraNam/2/004/
००५ 	 AryaH/hinduism/branches/brAhmaH/yoga-vAsiShTha-shAstram/Ananda-bodhendra-TIkA/3_utpattiprakaraNam/005/
००५ 	 AryaH/hinduism/branches/brAhmaH/yoga-vAsiShTha-shAstram/Ananda-bodhendra-TIkA/6_nirvANa-prakaraNam/1/005/
००५ 	 AryaH/hinduism/branches/brAhmaH/yoga-vAsiShTha-shAstram/Ananda-bodhendra-TIkA/6_nirvANa-prakaraNam/2/005/
००६ 	 AryaH/hinduism/branches/brAhmaH/yoga-vAsiShTha-shAstram/Ananda-bodhendra-TIkA/3_utpattiprakaraNam/006/
००६ 	 AryaH/hinduism/branches/brAhmaH/yoga-vAsiShTha-shAstram/Ananda-bodhendra-TIkA/6_nirvANa-prakaraNam/1/006/
००६ 	 AryaH/hinduism/branches/brAhmaH/yoga-vAsiShTha-shAstram/Ananda-bodhendra-TIkA/6_nirvANa-prakaraNam/2/006/
००७ 	 AryaH/hinduism/branches/brAhmaH/yoga-vAsiShTha-shAstram/Ananda-bodhendra-TIkA/3_utpattiprakaraNam/007/
००७ 	 AryaH/hinduism/branches/brAhmaH/yoga-vAsiShTha-shAstram/Ananda-bodhendra-TIkA/6_nirvANa-prakaraNam/1/007/
००८ 	 AryaH/hinduism/branches/brAhmaH/yoga-vAsiShTha-shAstram/Ananda-bodhendra-TIkA/3_utpattiprakaraNam/008/
००८ 	 AryaH/hinduism/branches/brAhmaH/yoga-vAsiShTha-shAstram/Ananda-bodhendra-TIkA/6_nirvANa-prakaraNam/1/008/
००८ 	 AryaH/hinduism/branches/brAhmaH/yoga-vAsiShTha-shAstram/Ananda-bodhendra-TIkA/6_nirvANa-prakaraNam/2/008/
००९ 	 AryaH/hinduism/branches/brAhmaH/yoga-vAsiShTha-shAstram/Ananda-bodhendra-TIkA/3_utpattiprakaraNam/009/
००९ 	 AryaH/hinduism/branches/brAhmaH/yoga-vAsiShTha-shAstram/Ananda-bodhendra-TIkA/6_nirvANa-prakaraNam/1/009/
००९ 	 AryaH/hinduism/branches/brAhmaH/yoga-vAsiShTha-shAstram/Ananda-bodhendra-TIkA/6_nirvANa-prakaraNam/2/009/
०१ 	 AryaH/hinduism/branches/brAhmaH/yoga-vAsiShTha-shAstram/Ananda-bodhendra-TIkA/1_vairAgya-prakaraNam/01/
०१ 	 AryaH/hinduism/branches/brAhmaH/yoga-vAsiShTha-shAstram/Ananda-bodhendra-TIkA/2_mumuxu-vyavahAra-prakaraNam/01/
०१ 	 AryaH/hinduism/branches/brAhmaH/yoga-vAsiShTha-shAstram/Ananda-bodhendra-TIkA/4_sthiti-prakaraNam/01/
०१ 	 AryaH/hinduism/branches/brAhmaH/yoga-vAsiShTha-shAstram/Ananda-bodhendra-TIkA/5_upashama-prakaraNam/01/
०१ 	 AryaH/hinduism/branches/mishram/prapancha-sAraH/01/
०१ 	 AryaH/hinduism/branches/shaivaH/trikam/abhinavagupta-mUlam/mAlinI-vijaya-vArtikam/01/
०१ 	 AryaH/hinduism/branches/shaivaH/trikam/abhinavagupta-mUlam/tantrAlokaH/pariShkAryam/chaturvedi-rAdheshyAmaH/p1_01-03/01/
०१ 	 AryaH/hinduism/branches/shaivaH/trikam/abhinavagupta-mUlam/tantrAlokaH/pariShkAryam/paramahaMsa-mishraH/p1_01-03/01/
०१ 	 AryaH/hinduism/branches/shaivaH/trikam/mAlinI-vijayottara-tantram/srotaH/paramhaMsa-mishrAnuvAdaH/01/
०१ 	 AryaH/hinduism/branches/shaivaH/trikam/mAlinI-vijayottara-tantram/srotaH/viShnu-datta-Shastry-anuvAdaH/01/
०१ 	 AryaH/hinduism/branches/shaivaH/trikam/netra-tantram/01/
०१ INTRODUCTION 	 AryaH/hinduism/branches/vaiShNavaH/shrI-sampradAyaH/tattvam/venkaTanAthaH/rahasya-traya-sAraH/rAjagopAla-translation/0/01_INTRODUCTION/
०१ अध्यायः 	 AryaH/hinduism/branches/vaiShNavaH/pAncharAtrAgamaH/pauShkara-saMhitA/01_adhyAyaH/
०१ अर्चिराद्यधिकरणम् 	 AryaH/hinduism/branches/brAhmaH/shAnakara-darshanam/brahma-sUtrANi/mUlam/4/3/01_archirAdyadhikaraNam/
०१ आनुमानिकाधिकरणम् 	 AryaH/hinduism/branches/brAhmaH/shAnakara-darshanam/brahma-sUtrANi/mUlam/1/4/01_AnumAnikAdhikaraNam/
०१ आवृत्त्यधिकरणम् 	 AryaH/hinduism/branches/brAhmaH/shAnakara-darshanam/brahma-sUtrANi/mUlam/4/1/01_AvRttyadhikaraNam/
०१ उपोद्घातः 	 AryaH/hinduism/branches/vaiShNavaH/shrI-sampradAyaH/tattvam/venkaTanAthaH/rahasya-traya-sAraH/laxmIpura-shrInivAsa-sangrahaH/01_upodghAtaH/
०१ उपोद्घाताधिकारः 	 AryaH/hinduism/branches/vaiShNavaH/shrI-sampradAyaH/tattvam/venkaTanAthaH/rahasya-traya-sAraH/mUlam/01_upodghAtAdhikAraH/
०१ उपोद्घाताधिकारः 	 AryaH/hinduism/branches/vaiShNavaH/shrI-sampradAyaH/tattvam/venkaTanAthaH/rahasya-traya-sAraH/nsa-summary/1_arthAnushAsana-vibhAgaH/01_upodghAtAdhikAraH/
०१ उपोद्घाताधिकारः 	 AryaH/hinduism/branches/vaiShNavaH/shrI-sampradAyaH/tattvam/venkaTanAthaH/rahasya-traya-sAraH/rAjagopAla-translation/1_arthAnushAsana-vibhAgaH/01_upodghAtAdhikAraH/
०१ जड-द्रव्य-सारः 	 AryaH/hinduism/branches/vaiShNavaH/shrI-sampradAyaH/tattvam/venkaTanAthaH/tattva-muktA-kalApaH/01_jaDa-dravya-sAraH/
०१ जिज्ञासाधिकरणम् 	 AryaH/hinduism/branches/brAhmaH/shAnakara-darshanam/brahma-sUtrANi/mUlam/1/1/01_jijnAsAdhikaraNam/
०१ तदन्तरप्रतिपत्त्यधिकरणम् 	 AryaH/hinduism/branches/brAhmaH/shAnakara-darshanam/brahma-sUtrANi/mUlam/3/1/01_tadantarapratipattyadhikaraNam/
०१ द्युभ्वाद्यधिकरणम् 	 AryaH/hinduism/branches/brAhmaH/shAnakara-darshanam/brahma-sUtrANi/mUlam/1/3/01_dyubhvAdyadhikaraNam/
०१ न्यायशास्त्र का इतिहास 	 AryaH/hinduism/branches/nyAya-vaisheShike/articles/saMskRta-vANmaya-bRhad-itihAsa/01_nyAya_darshana/01_nyAyashAstra_kA_itihAsa/
०१ परवाकोट्टै-आण्डवन्-मङ्गलाशासनम् 	 AryaH/hinduism/branches/vaiShNavaH/shrI-sampradAyaH/tattvam/venkaTanAthaH/rahasya-traya-sAraH/nsa-summary/0/01_paravAkoTTai-ANDavan-mangalAshAsanam/
०१ परिचय 	 AryaH/hinduism/branches/nyAya-vaisheShike/articles/saMskRta-vANmaya-bRhad-itihAsa/02_vaisheShika_darshana/01_parichaya/
०१ पशुविचारः 	 AryaH/hinduism/branches/shaivaH/svAyambhuvAgamaH/01_vidyApAdaH/01_pashuvichAraH/
०१ पुरुषार्थाधिकरणम् 	 AryaH/hinduism/branches/brAhmaH/shAnakara-darshanam/brahma-sUtrANi/mUlam/3/4/01_puruShArthAdhikaraNam/
०१ प्रत्यक्षाध्यायः 	 AryaH/hinduism/branches/nyAya-vaisheShike/vishiShTAdvaiti-granthAH/nyAya-parishuddhiH_vedAnta-deshikaH/01_pratyaxAdhyAyaH/
०१ प्रसन्नपूजाविधिपटलः 	 AryaH/hinduism/branches/shaivaH/svAyambhuvAgamaH/03_uttarasvAyambhuve_prakIrNam/01_prasannapUjAvidhipaTalaH/
०१ प्राणोत्पत्त्यधिकरणम् 	 AryaH/hinduism/branches/brAhmaH/shAnakara-darshanam/brahma-sUtrANi/mUlam/2/4/01_prANotpattyadhikaraNam/
०१ प्रास्ताविक 	 AryaH/chArvAkaH/meta/saMskRta-vANmaya-bRhad-itihAsa/01_prAstAvika/
०१ भगवद्गीता की पौराणिक व्याख्याएं 	 AryaH/hinduism/branches/brAhmaH/articles/saMskRta-vANmaya-bRhad-itihAsa_10_vedAnta/04_gItA_aura_yogavAsiShTha/01_bhagavadgItA/01_bhagavadgItA_kI_paurANika_vyAkhyAeM/
०१ भूपरीक्षा 	 AryaH/hinduism/branches/vaiShNavaH/pAncharAtrAgamaH/kriyA-kairava-chandrikA/01_kriyA/01_bhUparIxA/
०१ भूमिका 	 AryaH/bauddhaH/saMskRta-vANmaya-bRhad-itihAsa/01_bhUmikA/
०१ भेदाभेद-वेदान्त 	 AryaH/hinduism/branches/brAhmaH/articles/saMskRta-vANmaya-bRhad-itihAsa_10_vedAnta/03_seshvara_vedAnta/01_bhedAbheda-vedAnta/
०१ मीमांसा शब्द का अर्थ 	 AryaH/hinduism/branches/nyAya-vaisheShike/articles/saMskRta-vANmaya-bRhad-itihAsa/04_mImAMsA_darshana_kA_itihAsa/01_mImAMsA_shabda_kA_artha/
०१ रचनानुपपत्त्यधिकरणम् 	 AryaH/hinduism/branches/brAhmaH/shAnakara-darshanam/brahma-sUtrANi/mUlam/2/2/01_rachanAnupapattyadhikaraNam/
०१ राजरक्षा-विधि-पटलः 	 AryaH/hinduism/branches/shaivaH/svAyambhuvAgamaH/03_uttarasvAyambhuve_prakIrNam/02_pratiShThAtantram/01_rAjaraxA-vidhi-paTalaH/
०१ रामानुजपूर्व विशिष्टाद्वैत-वेदान्त 	 AryaH/hinduism/branches/brAhmaH/articles/saMskRta-vANmaya-bRhad-itihAsa_10_vedAnta/02_vishiShTAdvaitavAda/01_vaiShNava_mata/01_rAmAnujapUrva_vishiShTAdvaita-vedAnta/
०१ वागधिकरणम् 	 AryaH/hinduism/branches/brAhmaH/shAnakara-darshanam/brahma-sUtrANi/mUlam/4/2/01_vAgadhikaraNam/
०१ विज्ञान-भेद-प्रकाशनम् 	 AryaH/hinduism/branches/shaivaH/trikam/abhinavagupta-mUlam/tantrasAraH/mUlam/01/
०१ वियदधिकरणम् 	 AryaH/hinduism/branches/brAhmaH/shAnakara-darshanam/brahma-sUtrANi/mUlam/2/3/01_viyadadhikaraNam/
०१ विवेकः 	 AryaH/hinduism/branches/shaivaH/trikam/abhinavagupta-mUlam/tantrAlokaH/jayaratha-TIkA/01/
०१ वैखानस सम्प्रदाय : सामान्य परिचय 	 AryaH/meta/saMskRta-vANmaya-bRhad-itihAsa/11_tantrAgama/01_vaikhAnasa_sampradAya_sAmAnya_parichaya/
०१ व्यवस्थाप्रकाशः 	 AryaH/hinduism/branches/shaivaH/meru-tantram/01_vyavasthAprakAshaH/
०१ शङ्करपूर्व वेदान्त 	 AryaH/hinduism/branches/brAhmaH/articles/saMskRta-vANmaya-bRhad-itihAsa_10_vedAnta/01_advaita_vedAnta/01_shankarapUrva_vedAnta/
०१ शास्त्रारम्भ-प्रयोजनम् 	 AryaH/hinduism/branches/vaiShNavaH/pAncharAtrAgamaH/jayAkhya-saMhitA/01_shAstrArambha-prayojanam/
०१ शास्त्रावतरणं 	 AryaH/hinduism/branches/vaiShNavaH/pAncharAtrAgamaH/aniruddha-saMhitA/01_shAstrAvataraNaM/
०१ श्रीकण्ठ प्रणीत ब्रह्मसूत्रशैवभाष्य का दर्शन 	 AryaH/hinduism/branches/brAhmaH/articles/saMskRta-vANmaya-bRhad-itihAsa_10_vedAnta/02_vishiShTAdvaitavAda/02_shaiva_mata/01_shrIkaNTha_praNIta_brahmasUtrashaivabhAShya_kA/
०१ सन्ध्याधिकरणम् 	 AryaH/hinduism/branches/brAhmaH/shAnakara-darshanam/brahma-sUtrANi/mUlam/3/2/01_sandhyAdhikaraNam/
०१ सम्पद्याविर्भावाधिकरणम् 	 AryaH/hinduism/branches/brAhmaH/shAnakara-darshanam/brahma-sUtrANi/mUlam/4/4/01_sampadyAvirbhAvAdhikaraNam/
०१ सम्पादकीय 	 AryaH/jainaH/meta/saMskRta-vANmaya-bRhad-itihAsa/01_sampAdakIya/
०१ सर्वत्रप्रसिद्ध्यधिकरणम् 	 AryaH/hinduism/branches/brAhmaH/shAnakara-darshanam/brahma-sUtrANi/mUlam/1/2/01_sarvatraprasiddhyadhikaraNam/
०१ सर्ववेदान्तप्रत्ययाधिकरणम् 	 AryaH/hinduism/branches/brAhmaH/shAnakara-darshanam/brahma-sUtrANi/mUlam/3/3/01_sarvavedAntapratyayAdhikaraNam/
०१ सांख्य दर्शन की प्राचीनता और परम्परा 	 AryaH/hinduism/branches/nyAya-vaisheShike/articles/saMskRta-vANmaya-bRhad-itihAsa/03_sAnkhya_darshana/01_sAMkhya_darshana_kI_prAchInatA_aura_paramparA/
०१ स्नपनविधिपटलः 	 AryaH/hinduism/branches/shaivaH/svAyambhuvAgamaH/04_prakIrNam/01_snapanavidhipaTalaH/
०१ स्मृत्यधिकरणम् 	 AryaH/hinduism/branches/brAhmaH/shAnakara-darshanam/brahma-sUtrANi/mUlam/2/1/01_smRtyadhikaraNam/
०१० 	 AryaH/hinduism/branches/brAhmaH/yoga-vAsiShTha-shAstram/Ananda-bodhendra-TIkA/3_utpattiprakaraNam/010/
०१० 	 AryaH/hinduism/branches/brAhmaH/yoga-vAsiShTha-shAstram/Ananda-bodhendra-TIkA/6_nirvANa-prakaraNam/1/010/
०१० 	 AryaH/hinduism/branches/brAhmaH/yoga-vAsiShTha-shAstram/Ananda-bodhendra-TIkA/6_nirvANa-prakaraNam/2/010/
०११ 	 AryaH/hinduism/branches/brAhmaH/yoga-vAsiShTha-shAstram/Ananda-bodhendra-TIkA/3_utpattiprakaraNam/011/
०११ 	 AryaH/hinduism/branches/brAhmaH/yoga-vAsiShTha-shAstram/Ananda-bodhendra-TIkA/6_nirvANa-prakaraNam/1/011/
०११ 	 AryaH/hinduism/branches/brAhmaH/yoga-vAsiShTha-shAstram/Ananda-bodhendra-TIkA/6_nirvANa-prakaraNam/2/011/
०१२ 	 AryaH/hinduism/branches/brAhmaH/yoga-vAsiShTha-shAstram/Ananda-bodhendra-TIkA/3_utpattiprakaraNam/012/
०१२ 	 AryaH/hinduism/branches/brAhmaH/yoga-vAsiShTha-shAstram/Ananda-bodhendra-TIkA/6_nirvANa-prakaraNam/1/012/
०१२ 	 AryaH/hinduism/branches/brAhmaH/yoga-vAsiShTha-shAstram/Ananda-bodhendra-TIkA/6_nirvANa-prakaraNam/2/012/
०१३ 	 AryaH/hinduism/branches/brAhmaH/yoga-vAsiShTha-shAstram/Ananda-bodhendra-TIkA/3_utpattiprakaraNam/013/
०१३ 	 AryaH/hinduism/branches/brAhmaH/yoga-vAsiShTha-shAstram/Ananda-bodhendra-TIkA/6_nirvANa-prakaraNam/1/013/
०१३ 	 AryaH/hinduism/branches/brAhmaH/yoga-vAsiShTha-shAstram/Ananda-bodhendra-TIkA/6_nirvANa-prakaraNam/2/013/
०१४ 	 AryaH/hinduism/branches/brAhmaH/yoga-vAsiShTha-shAstram/Ananda-bodhendra-TIkA/3_utpattiprakaraNam/014/
०१४ 	 AryaH/hinduism/branches/brAhmaH/yoga-vAsiShTha-shAstram/Ananda-bodhendra-TIkA/6_nirvANa-prakaraNam/1/014/
०१४ 	 AryaH/hinduism/branches/brAhmaH/yoga-vAsiShTha-shAstram/Ananda-bodhendra-TIkA/6_nirvANa-prakaraNam/2/014/
०१५ 	 AryaH/hinduism/branches/brAhmaH/yoga-vAsiShTha-shAstram/Ananda-bodhendra-TIkA/3_utpattiprakaraNam/015/
०१५ 	 AryaH/hinduism/branches/brAhmaH/yoga-vAsiShTha-shAstram/Ananda-bodhendra-TIkA/6_nirvANa-prakaraNam/1/015/
०१५ 	 AryaH/hinduism/branches/brAhmaH/yoga-vAsiShTha-shAstram/Ananda-bodhendra-TIkA/6_nirvANa-prakaraNam/2/015/
०१६ 	 AryaH/hinduism/branches/brAhmaH/yoga-vAsiShTha-shAstram/Ananda-bodhendra-TIkA/3_utpattiprakaraNam/016/
०१६ 	 AryaH/hinduism/branches/brAhmaH/yoga-vAsiShTha-shAstram/Ananda-bodhendra-TIkA/6_nirvANa-prakaraNam/1/016/
०१६ 	 AryaH/hinduism/branches/brAhmaH/yoga-vAsiShTha-shAstram/Ananda-bodhendra-TIkA/6_nirvANa-prakaraNam/2/016/
०१७ 	 AryaH/hinduism/branches/brAhmaH/yoga-vAsiShTha-shAstram/Ananda-bodhendra-TIkA/3_utpattiprakaraNam/017/
०१७ 	 AryaH/hinduism/branches/brAhmaH/yoga-vAsiShTha-shAstram/Ananda-bodhendra-TIkA/6_nirvANa-prakaraNam/1/017/
०१७ 	 AryaH/hinduism/branches/brAhmaH/yoga-vAsiShTha-shAstram/Ananda-bodhendra-TIkA/6_nirvANa-prakaraNam/2/017/
०१८ 	 AryaH/hinduism/branches/brAhmaH/yoga-vAsiShTha-shAstram/Ananda-bodhendra-TIkA/3_utpattiprakaraNam/018/
०१८ 	 AryaH/hinduism/branches/brAhmaH/yoga-vAsiShTha-shAstram/Ananda-bodhendra-TIkA/6_nirvANa-prakaraNam/1/018/
०१८ 	 AryaH/hinduism/branches/brAhmaH/yoga-vAsiShTha-shAstram/Ananda-bodhendra-TIkA/6_nirvANa-prakaraNam/2/018/
०१९ 	 AryaH/hinduism/branches/brAhmaH/yoga-vAsiShTha-shAstram/Ananda-bodhendra-TIkA/3_utpattiprakaraNam/019/
०१९ 	 AryaH/hinduism/branches/brAhmaH/yoga-vAsiShTha-shAstram/Ananda-bodhendra-TIkA/6_nirvANa-prakaraNam/1/019/
०१९ 	 AryaH/hinduism/branches/brAhmaH/yoga-vAsiShTha-shAstram/Ananda-bodhendra-TIkA/6_nirvANa-prakaraNam/2/019/
०२ 	 AryaH/hinduism/branches/brAhmaH/yoga-vAsiShTha-shAstram/Ananda-bodhendra-TIkA/1_vairAgya-prakaraNam/02/
०२ 	 AryaH/hinduism/branches/brAhmaH/yoga-vAsiShTha-shAstram/Ananda-bodhendra-TIkA/2_mumuxu-vyavahAra-prakaraNam/02/
०२ 	 AryaH/hinduism/branches/brAhmaH/yoga-vAsiShTha-shAstram/Ananda-bodhendra-TIkA/4_sthiti-prakaraNam/02/
०२ 	 AryaH/hinduism/branches/brAhmaH/yoga-vAsiShTha-shAstram/Ananda-bodhendra-TIkA/5_upashama-prakaraNam/02/
०२ 	 AryaH/hinduism/branches/mishram/prapancha-sAraH/02/
०२ 	 AryaH/hinduism/branches/shaivaH/trikam/abhinavagupta-mUlam/mAlinI-vijaya-vArtikam/02/
०२ 	 AryaH/hinduism/branches/shaivaH/trikam/abhinavagupta-mUlam/tantrAlokaH/jayaratha-TIkA/02/
०२ 	 AryaH/hinduism/branches/shaivaH/trikam/abhinavagupta-mUlam/tantrAlokaH/pariShkAryam/chaturvedi-rAdheshyAmaH/p1_01-03/02/
०२ 	 AryaH/hinduism/branches/shaivaH/trikam/abhinavagupta-mUlam/tantrAlokaH/pariShkAryam/paramahaMsa-mishraH/p1_01-03/02/
०२ 	 AryaH/hinduism/branches/shaivaH/trikam/abhinavagupta-mUlam/tantrasAraH/mUlam/02/
०२ 	 AryaH/hinduism/branches/shaivaH/trikam/mAlinI-vijayottara-tantram/srotaH/paramhaMsa-mishrAnuvAdaH/02/
०२ 	 AryaH/hinduism/branches/shaivaH/trikam/mAlinI-vijayottara-tantram/srotaH/viShnu-datta-Shastry-anuvAdaH/02/
०२ 	 AryaH/hinduism/branches/shaivaH/trikam/netra-tantram/02/
०२ CONTENTS 	 AryaH/hinduism/branches/vaiShNavaH/shrI-sampradAyaH/tattvam/venkaTanAthaH/rahasya-traya-sAraH/rAjagopAla-translation/0/02_CONTENTS/
०२ अत्त्रधिकरणम् 	 AryaH/hinduism/branches/brAhmaH/shAnakara-darshanam/brahma-sUtrANi/mUlam/1/2/02_attradhikaraNam/
०२ अध्यायः 	 AryaH/hinduism/branches/vaiShNavaH/pAncharAtrAgamaH/pauShkara-saMhitA/02_adhyAyaH/
०२ अन्य सांख्याचार्य तथा सांख्य साहित्य 	 AryaH/hinduism/branches/nyAya-vaisheShike/articles/saMskRta-vANmaya-bRhad-itihAsa/03_sAnkhya_darshana/02_anya_sAMkhyAchArya_tathA_sAMkhya_sAhitya/
०२ अयुतस्नानविधिपटलः 	 AryaH/hinduism/branches/shaivaH/svAyambhuvAgamaH/04_prakIrNam/02_ayutasnAnavidhipaTalaH/
०२ अविभागेन दृष्टत्वाधिकरणम् 	 AryaH/hinduism/branches/brAhmaH/shAnakara-darshanam/brahma-sUtrANi/mUlam/4/4/02_avibhAgena_dRShTatvAdhikaraNam/
०२ आत्मत्वोपासनाधिकरणम् 	 AryaH/hinduism/branches/brAhmaH/shAnakara-darshanam/brahma-sUtrANi/mUlam/4/1/02_AtmatvopAsanAdhikaraNam/
०२ उपसंहाराधिकरणम् 	 AryaH/hinduism/branches/brAhmaH/shAnakara-darshanam/brahma-sUtrANi/mUlam/3/3/02_upasaMhArAdhikaraNam/
०२ ऊर्ध्व-पुण्ड्र-धारणम् 	 AryaH/hinduism/branches/vaiShNavaH/shrI-sampradAyaH/kriyA/sachcharitra-raxA/02_Urdhva-puNDra-dhAraNam/
०२ कर्षणम् 	 AryaH/hinduism/branches/vaiShNavaH/pAncharAtrAgamaH/kriyA-kairava-chandrikA/01_kriyA/02_karShaNam/
०२ कृतात्ययाधिकरणम् 	 AryaH/hinduism/branches/brAhmaH/shAnakara-darshanam/brahma-sUtrANi/mUlam/3/1/02_kRtAtyayAdhikaraNam/
०२ चमसाधिकरणम् 	 AryaH/hinduism/branches/brAhmaH/shAnakara-darshanam/brahma-sUtrANi/mUlam/1/4/02_chamasAdhikaraNam/
०२ चार्वाक दर्शन : ऐतिहासिक दृष्टि 	 AryaH/chArvAkaH/meta/saMskRta-vANmaya-bRhad-itihAsa/02_chArvAka_darshana_aitihAsika_dRShTi/
०२ जन्माद्यधिकरणम् 	 AryaH/hinduism/branches/brAhmaH/shAnakara-darshanam/brahma-sUtrANi/mUlam/1/1/02_janmAdyadhikaraNam/
०२ जीव-सारः 	 AryaH/hinduism/branches/vaiShNavaH/shrI-sampradAyaH/tattvam/venkaTanAthaH/tattva-muktA-kalApaH/02_jIva-sAraH/
०२ जैन संस्कृति : उद्भव और विकास 	 AryaH/jainaH/meta/saMskRta-vANmaya-bRhad-itihAsa/02_jaina_saMskRti_udbhava_aura_vikAsa/
०२ तदभावाधिकरणम् 	 AryaH/hinduism/branches/brAhmaH/shAnakara-darshanam/brahma-sUtrANi/mUlam/3/2/02_tadabhAvAdhikaraNam/
०२ निम्बार्क-वेदान्त का इतिहास 	 AryaH/hinduism/branches/brAhmaH/articles/saMskRta-vANmaya-bRhad-itihAsa_10_vedAnta/03_seshvara_vedAnta/02_nimbArka-vedAnta_kA_itihAsa/
०२ न्यायदर्शन की व्याख्याधारा-प्राचीन व्याख्याकारगण 	 AryaH/hinduism/branches/nyAya-vaisheShike/articles/saMskRta-vANmaya-bRhad-itihAsa/01_nyAya_darshana/02_nyAyadarshana_kI_vyAkhyAdhArA-prAchIna_vyAkhyAk/
०२ परामर्शाधिकरणम् 	 AryaH/hinduism/branches/brAhmaH/shAnakara-darshanam/brahma-sUtrANi/mUlam/3/4/02_parAmarshAdhikaraNam/
०२ पांचरात्र-परम्परा और साहित्य 	 AryaH/meta/saMskRta-vANmaya-bRhad-itihAsa/11_tantrAgama/02_pAMcharAtra-paramparA_aura_sAhitya/
०२ पाशविचारः 	 AryaH/hinduism/branches/shaivaH/svAyambhuvAgamaH/01_vidyApAdaH/02_pAshavichAraH/
०२ ब्रह्म-सर्गाख्यानम् 	 AryaH/hinduism/branches/vaiShNavaH/pAncharAtrAgamaH/jayAkhya-saMhitA/02_brahma-sargAkhyAnam/
०२ भगवद्गीता की अद्वैतवेदान्ती व्याख्याएँ 	 AryaH/hinduism/branches/brAhmaH/articles/saMskRta-vANmaya-bRhad-itihAsa_10_vedAnta/04_gItA_aura_yogavAsiShTha/01_bhagavadgItA/02_bhagavadgItA_kI_advaitavedAntI_vyAkhyAe.N/
०२ भगवान् बुद्ध की शिक्षा 	 AryaH/bauddhaH/saMskRta-vANmaya-bRhad-itihAsa/02_bhagavAn_buddha_kI_shixA/
०२ भूमाधिकरणम् 	 AryaH/hinduism/branches/brAhmaH/shAnakara-darshanam/brahma-sUtrANi/mUlam/1/3/02_bhUmAdhikaraNam/
०२ मनोऽधिकरणम् 	 AryaH/hinduism/branches/brAhmaH/shAnakara-darshanam/brahma-sUtrANi/mUlam/4/2/02_mano-dhikaraNam/
०२ महद्दीर्घाधिकरणम् 	 AryaH/hinduism/branches/brAhmaH/shAnakara-darshanam/brahma-sUtrANi/mUlam/2/2/02_mahaddIrghAdhikaraNam/
०२ मातरिश्वाधिकरणम् 	 AryaH/hinduism/branches/brAhmaH/shAnakara-darshanam/brahma-sUtrANi/mUlam/2/3/02_mAtarishvAdhikaraNam/
०२ मीमांसा-दर्शन 	 AryaH/hinduism/branches/nyAya-vaisheShike/articles/saMskRta-vANmaya-bRhad-itihAsa/04_mImAMsA_darshana_kA_itihAsa/02_mImAMsA-darshana/
०२ योगपूजाविधिक्रमः 	 AryaH/hinduism/branches/shaivaH/svAyambhuvAgamaH/03_uttarasvAyambhuve_prakIrNam/02_pratiShThAtantram/02_yogapUjAvidhikramaH/
०२ योगप्रत्युक्त्यधिकरणम् 	 AryaH/hinduism/branches/brAhmaH/shAnakara-darshanam/brahma-sUtrANi/mUlam/2/1/02_yogapratyuktyadhikaraNam/
०२ योगवासिष्ठ वेदान्त 	 AryaH/hinduism/branches/brAhmaH/articles/saMskRta-vANmaya-bRhad-itihAsa_10_vedAnta/04_gItA_aura_yogavAsiShTha/02_yogavAsiShTha_vedAnta/
०२ रङ्गरामानुज-श्रीमुखम् 	 AryaH/hinduism/branches/vaiShNavaH/shrI-sampradAyaH/tattvam/venkaTanAthaH/rahasya-traya-sAraH/nsa-summary/0/02_rangarAmAnuja-shrImukham/
०२ रामानुज का विशिष्टाद्वैत-वेदान्त 	 AryaH/hinduism/branches/brAhmaH/articles/saMskRta-vANmaya-bRhad-itihAsa_10_vedAnta/02_vishiShTAdvaitavAda/01_vaiShNava_mata/02_rAmAnuja_kA_vishiShTAdvaita-vedAnta/
०२ वाय्वधिकरणम् 	 AryaH/hinduism/branches/brAhmaH/shAnakara-darshanam/brahma-sUtrANi/mUlam/4/3/02_vAyvadhikaraNam/
०२ वैशेषिक दर्शन की तत्त्व-मीमांसा 	 AryaH/hinduism/branches/nyAya-vaisheShike/articles/saMskRta-vANmaya-bRhad-itihAsa/02_vaisheShika_darshana/02_vaisheShika_darshana_kI_tattva-mImAMsA/
०२ शङ्कराचार्य का अद्वैतवेदान्त 	 AryaH/hinduism/branches/brAhmaH/articles/saMskRta-vANmaya-bRhad-itihAsa_10_vedAnta/01_advaita_vedAnta/02_shankarAchArya_kA_advaitavedAnta/
०२ शब्दाध्यायः 	 AryaH/hinduism/branches/nyAya-vaisheShike/vishiShTAdvaiti-granthAH/nyAya-parishuddhiH_vedAnta-deshikaH/03_shabdAdhyAyaH/
०२ शास्त्रप्रशंसा 	 AryaH/hinduism/branches/vaiShNavaH/pAncharAtrAgamaH/aniruddha-saMhitA/02_shAstraprashaMsA/
०२ श्रीकरभाष्य का दर्शन 	 AryaH/hinduism/branches/brAhmaH/articles/saMskRta-vANmaya-bRhad-itihAsa_10_vedAnta/02_vishiShTAdvaitavAda/02_shaiva_mata/02_shrIkarabhAShya_kA_darshana/
०२ संस्कारप्रकाशः 	 AryaH/hinduism/branches/shaivaH/meru-tantram/02_saMskAraprakAshaH/
०२ सप्तगत्यधिकरणम् 	 AryaH/hinduism/branches/brAhmaH/shAnakara-darshanam/brahma-sUtrANi/mUlam/2/4/02_saptagatyadhikaraNam/
०२ सार-निष्कर्षाधिकारः 	 AryaH/hinduism/branches/vaiShNavaH/shrI-sampradAyaH/tattvam/venkaTanAthaH/rahasya-traya-sAraH/nsa-summary/1_arthAnushAsana-vibhAgaH/02_sAra-niShkarShAdhikAraH/
०२ सारनिष्कर्षः 	 AryaH/hinduism/branches/vaiShNavaH/shrI-sampradAyaH/tattvam/venkaTanAthaH/rahasya-traya-sAraH/laxmIpura-shrInivAsa-sangrahaH/02_sAraniShkarShaH/
०२ सारनिष्कर्षाधिकारः 	 AryaH/hinduism/branches/vaiShNavaH/shrI-sampradAyaH/tattvam/venkaTanAthaH/rahasya-traya-sAraH/mUlam/02_sAraniShkarShAdhikAraH/
०२ सारनिष्कर्षाधिकारः 	 AryaH/hinduism/branches/vaiShNavaH/shrI-sampradAyaH/tattvam/venkaTanAthaH/rahasya-traya-sAraH/rAjagopAla-translation/1_arthAnushAsana-vibhAgaH/02_sAraniShkarShAdhikAraH/
०२० 	 AryaH/hinduism/branches/brAhmaH/yoga-vAsiShTha-shAstram/Ananda-bodhendra-TIkA/3_utpattiprakaraNam/020/
०२० 	 AryaH/hinduism/branches/brAhmaH/yoga-vAsiShTha-shAstram/Ananda-bodhendra-TIkA/6_nirvANa-prakaraNam/1/020/
०२० 	 AryaH/hinduism/branches/brAhmaH/yoga-vAsiShTha-shAstram/Ananda-bodhendra-TIkA/6_nirvANa-prakaraNam/2/020/
०२१ 	 AryaH/hinduism/branches/brAhmaH/yoga-vAsiShTha-shAstram/Ananda-bodhendra-TIkA/3_utpattiprakaraNam/021/
०२१ 	 AryaH/hinduism/branches/brAhmaH/yoga-vAsiShTha-shAstram/Ananda-bodhendra-TIkA/6_nirvANa-prakaraNam/1/021/
०२१ 	 AryaH/hinduism/branches/brAhmaH/yoga-vAsiShTha-shAstram/Ananda-bodhendra-TIkA/6_nirvANa-prakaraNam/2/021/
०२२ 	 AryaH/hinduism/branches/brAhmaH/yoga-vAsiShTha-shAstram/Ananda-bodhendra-TIkA/3_utpattiprakaraNam/022/
०२२ 	 AryaH/hinduism/branches/brAhmaH/yoga-vAsiShTha-shAstram/Ananda-bodhendra-TIkA/6_nirvANa-prakaraNam/1/022/
०२२ 	 AryaH/hinduism/branches/brAhmaH/yoga-vAsiShTha-shAstram/Ananda-bodhendra-TIkA/6_nirvANa-prakaraNam/2/022/
०२३ 	 AryaH/hinduism/branches/brAhmaH/yoga-vAsiShTha-shAstram/Ananda-bodhendra-TIkA/3_utpattiprakaraNam/023/
०२३ 	 AryaH/hinduism/branches/brAhmaH/yoga-vAsiShTha-shAstram/Ananda-bodhendra-TIkA/6_nirvANa-prakaraNam/1/023/
०२३ 	 AryaH/hinduism/branches/brAhmaH/yoga-vAsiShTha-shAstram/Ananda-bodhendra-TIkA/6_nirvANa-prakaraNam/2/023/
०२४ 	 AryaH/hinduism/branches/brAhmaH/yoga-vAsiShTha-shAstram/Ananda-bodhendra-TIkA/3_utpattiprakaraNam/024/
०२४ 	 AryaH/hinduism/branches/brAhmaH/yoga-vAsiShTha-shAstram/Ananda-bodhendra-TIkA/6_nirvANa-prakaraNam/1/024/
०२४ 	 AryaH/hinduism/branches/brAhmaH/yoga-vAsiShTha-shAstram/Ananda-bodhendra-TIkA/6_nirvANa-prakaraNam/2/024/
०२५ 	 AryaH/hinduism/branches/brAhmaH/yoga-vAsiShTha-shAstram/Ananda-bodhendra-TIkA/3_utpattiprakaraNam/025/
०२५ 	 AryaH/hinduism/branches/brAhmaH/yoga-vAsiShTha-shAstram/Ananda-bodhendra-TIkA/6_nirvANa-prakaraNam/1/025/
०२५ 	 AryaH/hinduism/branches/brAhmaH/yoga-vAsiShTha-shAstram/Ananda-bodhendra-TIkA/6_nirvANa-prakaraNam/2/025/
०२६ 	 AryaH/hinduism/branches/brAhmaH/yoga-vAsiShTha-shAstram/Ananda-bodhendra-TIkA/3_utpattiprakaraNam/026/
०२६ 	 AryaH/hinduism/branches/brAhmaH/yoga-vAsiShTha-shAstram/Ananda-bodhendra-TIkA/6_nirvANa-prakaraNam/1/026/
०२६ 	 AryaH/hinduism/branches/brAhmaH/yoga-vAsiShTha-shAstram/Ananda-bodhendra-TIkA/6_nirvANa-prakaraNam/2/026/
०२७ 	 AryaH/hinduism/branches/brAhmaH/yoga-vAsiShTha-shAstram/Ananda-bodhendra-TIkA/3_utpattiprakaraNam/027/
०२७ 	 AryaH/hinduism/branches/brAhmaH/yoga-vAsiShTha-shAstram/Ananda-bodhendra-TIkA/6_nirvANa-prakaraNam/1/027/
०२७ 	 AryaH/hinduism/branches/brAhmaH/yoga-vAsiShTha-shAstram/Ananda-bodhendra-TIkA/6_nirvANa-prakaraNam/2/027/
०२८ 	 AryaH/hinduism/branches/brAhmaH/yoga-vAsiShTha-shAstram/Ananda-bodhendra-TIkA/3_utpattiprakaraNam/028/
०२८ 	 AryaH/hinduism/branches/brAhmaH/yoga-vAsiShTha-shAstram/Ananda-bodhendra-TIkA/6_nirvANa-prakaraNam/1/028/
०२८ 	 AryaH/hinduism/branches/brAhmaH/yoga-vAsiShTha-shAstram/Ananda-bodhendra-TIkA/6_nirvANa-prakaraNam/2/028/
०२९ 	 AryaH/hinduism/branches/brAhmaH/yoga-vAsiShTha-shAstram/Ananda-bodhendra-TIkA/3_utpattiprakaraNam/029/
०२९ 	 AryaH/hinduism/branches/brAhmaH/yoga-vAsiShTha-shAstram/Ananda-bodhendra-TIkA/6_nirvANa-prakaraNam/1/029/
०२९ 	 AryaH/hinduism/branches/brAhmaH/yoga-vAsiShTha-shAstram/Ananda-bodhendra-TIkA/6_nirvANa-prakaraNam/2/029/
०३ 	 AryaH/hinduism/branches/brAhmaH/yoga-vAsiShTha-shAstram/Ananda-bodhendra-TIkA/1_vairAgya-prakaraNam/03/
०३ 	 AryaH/hinduism/branches/brAhmaH/yoga-vAsiShTha-shAstram/Ananda-bodhendra-TIkA/2_mumuxu-vyavahAra-prakaraNam/03/
०३ 	 AryaH/hinduism/branches/brAhmaH/yoga-vAsiShTha-shAstram/Ananda-bodhendra-TIkA/4_sthiti-prakaraNam/03/
०३ 	 AryaH/hinduism/branches/brAhmaH/yoga-vAsiShTha-shAstram/Ananda-bodhendra-TIkA/5_upashama-prakaraNam/03/
०३ 	 AryaH/hinduism/branches/mishram/prapancha-sAraH/03/
०३ 	 AryaH/hinduism/branches/shaivaH/trikam/abhinavagupta-mUlam/tantrAlokaH/jayaratha-TIkA/03/
०३ 	 AryaH/hinduism/branches/shaivaH/trikam/abhinavagupta-mUlam/tantrAlokaH/pariShkAryam/chaturvedi-rAdheshyAmaH/p1_01-03/03/
०३ 	 AryaH/hinduism/branches/shaivaH/trikam/abhinavagupta-mUlam/tantrAlokaH/pariShkAryam/paramahaMsa-mishraH/p1_01-03/03/
०३ 	 AryaH/hinduism/branches/shaivaH/trikam/abhinavagupta-mUlam/tantrasAraH/mUlam/03/
०३ 	 AryaH/hinduism/branches/shaivaH/trikam/mAlinI-vijayottara-tantram/srotaH/paramhaMsa-mishrAnuvAdaH/03/
०३ 	 AryaH/hinduism/branches/shaivaH/trikam/mAlinI-vijayottara-tantram/srotaH/viShnu-datta-Shastry-anuvAdaH/03/
०३ 	 AryaH/hinduism/branches/shaivaH/trikam/netra-tantram/03/
०३ Author's Submission 	 AryaH/hinduism/branches/vaiShNavaH/shrI-sampradAyaH/tattvam/venkaTanAthaH/rahasya-traya-sAraH/nsa-summary/0/03_Authors_Submission/
०३ ERRATA 	 AryaH/hinduism/branches/vaiShNavaH/shrI-sampradAyaH/tattvam/venkaTanAthaH/rahasya-traya-sAraH/rAjagopAla-translation/0/03_ERRATA/
०३ अक्षराधिकरणम् 	 AryaH/hinduism/branches/brAhmaH/shAnakara-darshanam/brahma-sUtrANi/mUlam/1/3/03_axarAdhikaraNam/
०३ अठारह बौद्ध निकाय 	 AryaH/bauddhaH/saMskRta-vANmaya-bRhad-itihAsa/03_aThAraha_bauddha_nikAya/
०३ अध्यक्षाधिकरणम् 	 AryaH/hinduism/branches/brAhmaH/shAnakara-darshanam/brahma-sUtrANi/mUlam/4/2/03_adhyaxAdhikaraNam/
०३ अध्यायः 	 AryaH/hinduism/branches/vaiShNavaH/pAncharAtrAgamaH/pauShkara-saMhitA/03_adhyAyaH/
०३ अनिष्टादिकार्यधिकरणम् 	 AryaH/hinduism/branches/brAhmaH/shAnakara-darshanam/brahma-sUtrANi/mUlam/3/1/03_aniShTAdikAryadhikaraNam/
०३ अनुग्रहशक्तिः 	 AryaH/hinduism/branches/shaivaH/svAyambhuvAgamaH/01_vidyApAdaH/03_anugrahashaktiH/
०३ अन्यथात्वाधिकरणम् 	 AryaH/hinduism/branches/brAhmaH/shAnakara-darshanam/brahma-sUtrANi/mUlam/3/3/03_anyathAtvAdhikaraNam/
०३ असम्भवाधिकरणम् 	 AryaH/hinduism/branches/brAhmaH/shAnakara-darshanam/brahma-sUtrANi/mUlam/2/3/03_asambhavAdhikaraNam/
०३ आचार्यलक्षणम् 	 AryaH/hinduism/branches/vaiShNavaH/pAncharAtrAgamaH/aniruddha-saMhitA/03_AchAryalaxaNam/
०३ कर्मानुस्मृतिशब्दविध्यधिकरणम् 	 AryaH/hinduism/branches/brAhmaH/shAnakara-darshanam/brahma-sUtrANi/mUlam/3/2/03_karmAnusmRtishabdavidhyadhikaraNam/
०३ गङगेश उपाध्याय 	 AryaH/hinduism/branches/nyAya-vaisheShike/articles/saMskRta-vANmaya-bRhad-itihAsa/01_nyAya_darshana/03_ga~Nagesha_upAdhyAya/
०३ गुहाप्रविष्टाधिकरणम् 	 AryaH/hinduism/branches/brAhmaH/shAnakara-darshanam/brahma-sUtrANi/mUlam/1/2/03_guhApraviShTAdhikaraNam/
०३ चार्वाक लोकायत 	 AryaH/chArvAkaH/meta/saMskRta-vANmaya-bRhad-itihAsa/03_chArvAka_lokAyata/
०३ जैन दर्शन और जैन न्याय : उद्भव और विकास #### (क) उद्भव 	 AryaH/jainaH/meta/saMskRta-vANmaya-bRhad-itihAsa/03_jaina_darshana_aura_jaina_nyAya_udbhava_aura_vi/
०३ तडिदधिकरणम् 	 AryaH/hinduism/branches/brAhmaH/shAnakara-darshanam/brahma-sUtrANi/mUlam/4/3/03_taDidadhikaraNam/
०३ दीक्षाप्रकाशः 	 AryaH/hinduism/branches/shaivaH/meru-tantram/03_dIxAprakAshaH/
०३ दीपप्रायश्चित्तविधिपटलः 	 AryaH/hinduism/branches/shaivaH/svAyambhuvAgamaH/04_prakIrNam/03_dIpaprAyashchittavidhipaTalaH/
०३ नयसारः 	 AryaH/hinduism/branches/vaiShNavaH/shrI-sampradAyaH/tattvam/venkaTanAthaH/tattva-muktA-kalApaH/03_naya-sAraH/
०३ नविलक्षणत्वाधिकरणम् 	 AryaH/hinduism/branches/brAhmaH/shAnakara-darshanam/brahma-sUtrANi/mUlam/2/1/03_navilaxaNatvAdhikaraNam/
०३ परमाणुजगदकारणत्वाधिकरणम् 	 AryaH/hinduism/branches/brAhmaH/shAnakara-darshanam/brahma-sUtrANi/mUlam/2/2/03_paramANujagadakAraNatvAdhikaraNam/
०३ पाशुपत, कालामुख व कापालिक मत 	 AryaH/meta/saMskRta-vANmaya-bRhad-itihAsa/11_tantrAgama/03_pAshupata_kAlAmukha_va_kApAlika_mata/
०३ प्रतीकाधिकरणम् 	 AryaH/hinduism/branches/brAhmaH/shAnakara-darshanam/brahma-sUtrANi/mUlam/4/1/03_pratIkAdhikaraNam/
०३ प्रधान-प्रतितन्त्राधिकारः 	 AryaH/hinduism/branches/vaiShNavaH/shrI-sampradAyaH/tattvam/venkaTanAthaH/rahasya-traya-sAraH/nsa-summary/1_arthAnushAsana-vibhAgaH/03_pradhAna-pratitantrAdhikAraH/
०३ प्रधान-सर्गाख्यानम् 	 AryaH/hinduism/branches/vaiShNavaH/pAncharAtrAgamaH/jayAkhya-saMhitA/03_pradhAna-sargAkhyAnam/
०३ प्रधानप्रतितन्त्रः 	 AryaH/hinduism/branches/vaiShNavaH/shrI-sampradAyaH/tattvam/venkaTanAthaH/rahasya-traya-sAraH/laxmIpura-shrInivAsa-sangrahaH/03_pradhAnapratitantraH/
०३ प्रधानप्रतितन्त्राधिकारः 	 AryaH/hinduism/branches/vaiShNavaH/shrI-sampradAyaH/tattvam/venkaTanAthaH/rahasya-traya-sAraH/mUlam/03_pradhAnapratitantrAdhikAraH/
०३ प्रधानप्रतितन्त्राधिकारः 	 AryaH/hinduism/branches/vaiShNavaH/shrI-sampradAyaH/tattvam/venkaTanAthaH/rahasya-traya-sAraH/rAjagopAla-translation/1_arthAnushAsana-vibhAgaH/03_pradhAnapratitantrAdhikAraH/
०३ प्रमाण-विचार 	 AryaH/hinduism/branches/nyAya-vaisheShike/articles/saMskRta-vANmaya-bRhad-itihAsa/04_mImAMsA_darshana_kA_itihAsa/03_pramANa-vichAra/
०३ प्राणाणुत्वाधिकरणम् 	 AryaH/hinduism/branches/brAhmaH/shAnakara-darshanam/brahma-sUtrANi/mUlam/2/4/03_prANANutvAdhikaraNam/
०३ ब्रह्मसूत्र का शक्तिभाष्य 	 AryaH/hinduism/branches/brAhmaH/articles/saMskRta-vANmaya-bRhad-itihAsa_10_vedAnta/02_vishiShTAdvaitavAda/02_shaiva_mata/03_brahmasUtra_kA_shaktibhAShya/
०३ ब्राह्माधिकरणम् 	 AryaH/hinduism/branches/brAhmaH/shAnakara-darshanam/brahma-sUtrANi/mUlam/4/4/03_brAhmAdhikaraNam/
०३ भगवद्गीता की विशिष्टाद्वैतवादी व्याख्याएँ 	 AryaH/hinduism/branches/brAhmaH/articles/saMskRta-vANmaya-bRhad-itihAsa_10_vedAnta/04_gItA_aura_yogavAsiShTha/01_bhagavadgItA/03_bhagavadgItA_kI_vishiShTAdvaitavAdI_vyAkhyAe.N/
०३ भजनपूजा-विधिपटलः 	 AryaH/hinduism/branches/shaivaH/svAyambhuvAgamaH/03_uttarasvAyambhuve_prakIrNam/03_bhajanapUjA-vidhipaTalaH/
०३ मध्वाचार्य का द्वैतवेदान्त 	 AryaH/hinduism/branches/brAhmaH/articles/saMskRta-vANmaya-bRhad-itihAsa_10_vedAnta/03_seshvara_vedAnta/03_madhvAchArya_kA_dvaitavedAnta/
०३ महाव्रतविधिपटलः 	 AryaH/hinduism/branches/shaivaH/svAyambhuvAgamaH/03_uttarasvAyambhuve_prakIrNam/02_pratiShThAtantram/03_mahAvratavidhipaTalaH/
०३ रामानुजोत्तर-विशिष्टाद्वैत-वेदान्त 	 AryaH/hinduism/branches/brAhmaH/articles/saMskRta-vANmaya-bRhad-itihAsa_10_vedAnta/02_vishiShTAdvaitavAda/01_vaiShNava_mata/03_rAmAnujottara-vishiShTAdvaita-vedAnta/
०३ विवरण-प्रस्थान और उसका विकास 	 AryaH/hinduism/branches/brAhmaH/articles/saMskRta-vANmaya-bRhad-itihAsa_10_vedAnta/01_advaita_vedAnta/03_vivaraNa-prasthAna_aura_usakA_vikAsa/
०३ वैशेषिकसम्मत ज्ञानमीमांसा 	 AryaH/hinduism/branches/nyAya-vaisheShike/articles/saMskRta-vANmaya-bRhad-itihAsa/02_vaisheShika_darshana/03_vaisheShikasammata_jnAnamImAMsA/
०३ शास्त्रयोनित्वाधिकरणम् 	 AryaH/hinduism/branches/brAhmaH/shAnakara-darshanam/brahma-sUtrANi/mUlam/1/1/03_shAstrayonitvAdhikaraNam/
०३ संख्योपसङ्ग्रहाधिकरणम् 	 AryaH/hinduism/branches/brAhmaH/shAnakara-darshanam/brahma-sUtrANi/mUlam/1/4/03_saMkhyopasangrahAdhikaraNam/
०३ संस्कृत वाङ्मय में सांख्यदर्शन 	 AryaH/hinduism/branches/nyAya-vaisheShike/articles/saMskRta-vANmaya-bRhad-itihAsa/03_sAnkhya_darshana/03_saMskRta_vA~Nmaya_meM_sAMkhyadarshana/
०३ स्तुतिमात्राधिकरणम् 	 AryaH/hinduism/branches/brAhmaH/shAnakara-darshanam/brahma-sUtrANi/mUlam/3/4/03_stutimAtrAdhikaraNam/
०३० 	 AryaH/hinduism/branches/brAhmaH/yoga-vAsiShTha-shAstram/Ananda-bodhendra-TIkA/3_utpattiprakaraNam/030/
०३० 	 AryaH/hinduism/branches/brAhmaH/yoga-vAsiShTha-shAstram/Ananda-bodhendra-TIkA/6_nirvANa-prakaraNam/1/030/
०३० 	 AryaH/hinduism/branches/brAhmaH/yoga-vAsiShTha-shAstram/Ananda-bodhendra-TIkA/6_nirvANa-prakaraNam/2/030/
०३१ 	 AryaH/hinduism/branches/brAhmaH/yoga-vAsiShTha-shAstram/Ananda-bodhendra-TIkA/3_utpattiprakaraNam/031/
०३१ 	 AryaH/hinduism/branches/brAhmaH/yoga-vAsiShTha-shAstram/Ananda-bodhendra-TIkA/6_nirvANa-prakaraNam/1/031/
०३१ 	 AryaH/hinduism/branches/brAhmaH/yoga-vAsiShTha-shAstram/Ananda-bodhendra-TIkA/6_nirvANa-prakaraNam/2/031/
०३२ 	 AryaH/hinduism/branches/brAhmaH/yoga-vAsiShTha-shAstram/Ananda-bodhendra-TIkA/3_utpattiprakaraNam/032/
०३२ 	 AryaH/hinduism/branches/brAhmaH/yoga-vAsiShTha-shAstram/Ananda-bodhendra-TIkA/6_nirvANa-prakaraNam/1/032/
०३२ 	 AryaH/hinduism/branches/brAhmaH/yoga-vAsiShTha-shAstram/Ananda-bodhendra-TIkA/6_nirvANa-prakaraNam/2/032/
०३३ 	 AryaH/hinduism/branches/brAhmaH/yoga-vAsiShTha-shAstram/Ananda-bodhendra-TIkA/3_utpattiprakaraNam/033/
०३३ 	 AryaH/hinduism/branches/brAhmaH/yoga-vAsiShTha-shAstram/Ananda-bodhendra-TIkA/6_nirvANa-prakaraNam/1/033/
०३३ 	 AryaH/hinduism/branches/brAhmaH/yoga-vAsiShTha-shAstram/Ananda-bodhendra-TIkA/6_nirvANa-prakaraNam/2/033/
०३४ 	 AryaH/hinduism/branches/brAhmaH/yoga-vAsiShTha-shAstram/Ananda-bodhendra-TIkA/3_utpattiprakaraNam/034/
०३४ 	 AryaH/hinduism/branches/brAhmaH/yoga-vAsiShTha-shAstram/Ananda-bodhendra-TIkA/6_nirvANa-prakaraNam/1/034/
०३४ 	 AryaH/hinduism/branches/brAhmaH/yoga-vAsiShTha-shAstram/Ananda-bodhendra-TIkA/6_nirvANa-prakaraNam/2/034/
०३५ 	 AryaH/hinduism/branches/brAhmaH/yoga-vAsiShTha-shAstram/Ananda-bodhendra-TIkA/3_utpattiprakaraNam/035/
०३५ 	 AryaH/hinduism/branches/brAhmaH/yoga-vAsiShTha-shAstram/Ananda-bodhendra-TIkA/6_nirvANa-prakaraNam/1/035/
०३५ 	 AryaH/hinduism/branches/brAhmaH/yoga-vAsiShTha-shAstram/Ananda-bodhendra-TIkA/6_nirvANa-prakaraNam/2/035/
०३६ 	 AryaH/hinduism/branches/brAhmaH/yoga-vAsiShTha-shAstram/Ananda-bodhendra-TIkA/3_utpattiprakaraNam/036/
०३६ 	 AryaH/hinduism/branches/brAhmaH/yoga-vAsiShTha-shAstram/Ananda-bodhendra-TIkA/6_nirvANa-prakaraNam/1/036/
०३६ 	 AryaH/hinduism/branches/brAhmaH/yoga-vAsiShTha-shAstram/Ananda-bodhendra-TIkA/6_nirvANa-prakaraNam/2/036/
०३७ 	 AryaH/hinduism/branches/brAhmaH/yoga-vAsiShTha-shAstram/Ananda-bodhendra-TIkA/3_utpattiprakaraNam/037/
०३७ 	 AryaH/hinduism/branches/brAhmaH/yoga-vAsiShTha-shAstram/Ananda-bodhendra-TIkA/6_nirvANa-prakaraNam/1/037/
०३७ 	 AryaH/hinduism/branches/brAhmaH/yoga-vAsiShTha-shAstram/Ananda-bodhendra-TIkA/6_nirvANa-prakaraNam/2/037/
०३८ 	 AryaH/hinduism/branches/brAhmaH/yoga-vAsiShTha-shAstram/Ananda-bodhendra-TIkA/3_utpattiprakaraNam/038/
०३८ 	 AryaH/hinduism/branches/brAhmaH/yoga-vAsiShTha-shAstram/Ananda-bodhendra-TIkA/6_nirvANa-prakaraNam/1/038/
०३८ 	 AryaH/hinduism/branches/brAhmaH/yoga-vAsiShTha-shAstram/Ananda-bodhendra-TIkA/6_nirvANa-prakaraNam/2/038/
०३९ 	 AryaH/hinduism/branches/brAhmaH/yoga-vAsiShTha-shAstram/Ananda-bodhendra-TIkA/3_utpattiprakaraNam/039/
०३९ 	 AryaH/hinduism/branches/brAhmaH/yoga-vAsiShTha-shAstram/Ananda-bodhendra-TIkA/6_nirvANa-prakaraNam/1/039/
०३९ 	 AryaH/hinduism/branches/brAhmaH/yoga-vAsiShTha-shAstram/Ananda-bodhendra-TIkA/6_nirvANa-prakaraNam/2/039/
०४ 	 AryaH/hinduism/branches/brAhmaH/yoga-vAsiShTha-shAstram/Ananda-bodhendra-TIkA/1_vairAgya-prakaraNam/04/
०४ 	 AryaH/hinduism/branches/brAhmaH/yoga-vAsiShTha-shAstram/Ananda-bodhendra-TIkA/2_mumuxu-vyavahAra-prakaraNam/04/
०४ 	 AryaH/hinduism/branches/brAhmaH/yoga-vAsiShTha-shAstram/Ananda-bodhendra-TIkA/4_sthiti-prakaraNam/04/
०४ 	 AryaH/hinduism/branches/brAhmaH/yoga-vAsiShTha-shAstram/Ananda-bodhendra-TIkA/5_upashama-prakaraNam/04/
०४ 	 AryaH/hinduism/branches/mishram/prapancha-sAraH/04/
०४ 	 AryaH/hinduism/branches/shaivaH/trikam/abhinavagupta-mUlam/tantrAlokaH/jayaratha-TIkA/04/
०४ 	 AryaH/hinduism/branches/shaivaH/trikam/abhinavagupta-mUlam/tantrAlokaH/pariShkAryam/chaturvedi-rAdheshyAmaH/p2_04-07/04/
०४ 	 AryaH/hinduism/branches/shaivaH/trikam/abhinavagupta-mUlam/tantrAlokaH/pariShkAryam/paramahaMsa-mishraH/p2_04-07/04/
०४ 	 AryaH/hinduism/branches/shaivaH/trikam/abhinavagupta-mUlam/tantrasAraH/mUlam/04/
०४ 	 AryaH/hinduism/branches/shaivaH/trikam/mAlinI-vijayottara-tantram/srotaH/paramhaMsa-mishrAnuvAdaH/04/
०४ 	 AryaH/hinduism/branches/shaivaH/trikam/mAlinI-vijayottara-tantram/srotaH/viShnu-datta-Shastry-anuvAdaH/04/
०४ 	 AryaH/hinduism/branches/shaivaH/trikam/netra-tantram/04/
०४ Table of Contents 	 AryaH/hinduism/branches/vaiShNavaH/shrI-sampradAyaH/tattvam/venkaTanAthaH/rahasya-traya-sAraH/nsa-summary/0/04_Table_of_Contents/
०४ अध्यायः 	 AryaH/hinduism/branches/vaiShNavaH/pAncharAtrAgamaH/pauShkara-saMhitA/04_adhyAyaH/
०४ अध्वा 	 AryaH/hinduism/branches/shaivaH/svAyambhuvAgamaH/01_vidyApAdaH/04_adhvA/
०४ अन्तराधिकरणम् 	 AryaH/hinduism/branches/brAhmaH/shAnakara-darshanam/brahma-sUtrANi/mUlam/1/2/04_antarAdhikaraNam/
०४ अर्थपञ्चकम् 	 AryaH/hinduism/branches/vaiShNavaH/shrI-sampradAyaH/tattvam/venkaTanAthaH/rahasya-traya-sAraH/laxmIpura-shrInivAsa-sangrahaH/04_arthapanchakam/
०४ अर्थपञ्चकाधिकारः 	 AryaH/hinduism/branches/vaiShNavaH/shrI-sampradAyaH/tattvam/venkaTanAthaH/rahasya-traya-sAraH/mUlam/04_arthapanchakAdhikAraH/
०४ अर्थपञ्चकाधिकारः 	 AryaH/hinduism/branches/vaiShNavaH/shrI-sampradAyaH/tattvam/venkaTanAthaH/rahasya-traya-sAraH/nsa-summary/1_arthAnushAsana-vibhAgaH/04_arthapanchakAdhikAraH/
०४ अर्थपञ्चकाधिकारः 	 AryaH/hinduism/branches/vaiShNavaH/shrI-sampradAyaH/tattvam/venkaTanAthaH/rahasya-traya-sAraH/rAjagopAla-translation/1_arthAnushAsana-vibhAgaH/04_arthapanchakAdhikAraH/
०४ आतिवाहिकाधिकरणम् 	 AryaH/hinduism/branches/brAhmaH/shAnakara-darshanam/brahma-sUtrANi/mUlam/4/3/04_AtivAhikAdhikaraNam/
०४ आर्द्राव्रतप्रायश्चित्तविधिपटलः 	 AryaH/hinduism/branches/shaivaH/svAyambhuvAgamaH/04_prakIrNam/04_ArdrAvrataprAyashchittavidhipaTalaH/
०४ आसृत्युपक्रमाधिकरणम् 	 AryaH/hinduism/branches/brAhmaH/shAnakara-darshanam/brahma-sUtrANi/mUlam/4/2/04_AsRtyupakramAdhikaraNam/
०४ ईक्षतिकर्माधिकरणम् 	 AryaH/hinduism/branches/brAhmaH/shAnakara-darshanam/brahma-sUtrANi/mUlam/1/3/04_IxatikarmAdhikaraNam/
०४ कारणत्वाधिकरणम् 	 AryaH/hinduism/branches/brAhmaH/shAnakara-darshanam/brahma-sUtrANi/mUlam/1/4/04_kAraNatvAdhikaraNam/
०४ जैन दर्शन और उसके प्रमुख अङ्ग 	 AryaH/jainaH/meta/saMskRta-vANmaya-bRhad-itihAsa/04_jaina_darshana_aura_usake_pramukha_anga/
०४ तेजोऽधिकरणम् 	 AryaH/hinduism/branches/brAhmaH/shAnakara-darshanam/brahma-sUtrANi/mUlam/2/3/04_tejo-dhikaraNam/
०४ द्वैतवादी सिद्धान्त शैवागम 	 AryaH/meta/saMskRta-vANmaya-bRhad-itihAsa/11_tantrAgama/04_dvaitavAdI_siddhAnta_shaivAgama/
०४ नव्यन्याय की मैथिल परम्परा 	 AryaH/hinduism/branches/nyAya-vaisheShike/articles/saMskRta-vANmaya-bRhad-itihAsa/01_nyAya_darshana/04_navyanyAya_kI_maithila_paramparA/
०४ पारिप्लवाधिकरणम् 	 AryaH/hinduism/branches/brAhmaH/shAnakara-darshanam/brahma-sUtrANi/mUlam/3/4/04_pAriplavAdhikaraNam/
०४ प्रथमेष्टकाविधिः 	 AryaH/hinduism/branches/vaiShNavaH/pAncharAtrAgamaH/kriyA-kairava-chandrikA/01_kriyA/04_prathameShTakA-vidhiH/
०४ प्राणश्रैष्ठ्याधिकरणम् 	 AryaH/hinduism/branches/brAhmaH/shAnakara-darshanam/brahma-sUtrANi/mUlam/2/4/04_prANashraiShThyAdhikaraNam/
०४ बुद्धिसारः 	 AryaH/hinduism/branches/vaiShNavaH/shrI-sampradAyaH/tattvam/venkaTanAthaH/tattva-muktA-kalApaH/04_buddhi-sAraH/
०४ ब्रह्मकूर्चाभिषेकविधिपटलः 	 AryaH/hinduism/branches/shaivaH/svAyambhuvAgamaH/03_uttarasvAyambhuve_prakIrNam/04_brahmakUrchAbhiShekavidhipaTalaH/
०४ ब्रह्मदृष्ट्यधिकरणम् 	 AryaH/hinduism/branches/brAhmaH/shAnakara-darshanam/brahma-sUtrANi/mUlam/4/1/04_brahmadRShTyadhikaraNam/
०४ भगवद्गीता की द्वैतवादी व्याख्याएं 	 AryaH/hinduism/branches/brAhmaH/articles/saMskRta-vANmaya-bRhad-itihAsa_10_vedAnta/04_gItA_aura_yogavAsiShTha/01_bhagavadgItA/04_bhagavadgItA_kI_dvaitavAdI_vyAkhyAeM/
०४ भामती-प्रस्थान और उसका विकास 	 AryaH/hinduism/branches/brAhmaH/articles/saMskRta-vANmaya-bRhad-itihAsa_10_vedAnta/01_advaita_vedAnta/04_bhAmatI-prasthAna_aura_usakA_vikAsa/
०४ मध्वोत्तर द्वैत-वेदान्त का विकास 	 AryaH/hinduism/branches/brAhmaH/articles/saMskRta-vANmaya-bRhad-itihAsa_10_vedAnta/03_seshvara_vedAnta/04_madhvottara_dvaita-vedAnta_kA_vikAsa/
०४ मुग्धाधिकरणम् 	 AryaH/hinduism/branches/brAhmaH/shAnakara-darshanam/brahma-sUtrANi/mUlam/3/2/04_mugdhAdhikaraNam/
०४ मृत्युंजयविधिपटलः 	 AryaH/hinduism/branches/shaivaH/svAyambhuvAgamaH/03_uttarasvAyambhuve_prakIrNam/02_pratiShThAtantram/04_mRtyuMjayavidhipaTalaH/
०४ रामानन्द-वेदान्त और उसका विकास 	 AryaH/hinduism/branches/brAhmaH/articles/saMskRta-vANmaya-bRhad-itihAsa_10_vedAnta/02_vishiShTAdvaitavAda/01_vaiShNava_mata/04_rAmAnanda-vedAnta_aura_usakA_vikAsa/
०४ वैशेषिकसम्मत आचार-मीमांसा 	 AryaH/hinduism/branches/nyAya-vaisheShike/articles/saMskRta-vANmaya-bRhad-itihAsa/02_vaisheShika_darshana/04_vaisheShikasammata_AchAra-mImAMsA/
०४ व्याप्त्यधिकरणम् 	 AryaH/hinduism/branches/brAhmaH/shAnakara-darshanam/brahma-sUtrANi/mUlam/3/3/04_vyAptyadhikaraNam/
०४ शास्त्रदीक्षाविधिः 	 AryaH/hinduism/branches/vaiShNavaH/pAncharAtrAgamaH/aniruddha-saMhitA/04_shAstradIxAvidhiH/
०४ शिष्टापरिग्रहाधिकरणम् 	 AryaH/hinduism/branches/brAhmaH/shAnakara-darshanam/brahma-sUtrANi/mUlam/2/1/04_shiShTAparigrahAdhikaraNam/
०४ शुद्ध-सर्ग-ब्रह्म-तत्त्वाख्यानम् 	 AryaH/hinduism/branches/vaiShNavaH/pAncharAtrAgamaH/jayAkhya-saMhitA/04_shuddha-sarga-brahma-tattvAkhyAnam/
०४ सङ्कल्पाधिकरणम् 	 AryaH/hinduism/branches/brAhmaH/shAnakara-darshanam/brahma-sUtrANi/mUlam/4/4/04_sankalpAdhikaraNam/
०४ समन्वयाधिकरणम् 	 AryaH/hinduism/branches/brAhmaH/shAnakara-darshanam/brahma-sUtrANi/mUlam/1/1/04_samanvayAdhikaraNam/
०४ समुदायाधिकरणम् 	 AryaH/hinduism/branches/brAhmaH/shAnakara-darshanam/brahma-sUtrANi/mUlam/2/2/04_samudAyAdhikaraNam/
०४ सांख्य दर्शन-२ 	 AryaH/hinduism/branches/nyAya-vaisheShike/articles/saMskRta-vANmaya-bRhad-itihAsa/03_sAnkhya_darshana/04_sAMkhya_darshana-2/
०४ साभाव्यापत्त्यधिकरणम् 	 AryaH/hinduism/branches/brAhmaH/shAnakara-darshanam/brahma-sUtrANi/mUlam/3/1/04_sAbhAvyApattyadhikaraNam/
०४ स्थविरवाद 	 AryaH/bauddhaH/saMskRta-vANmaya-bRhad-itihAsa/04_sthaviravAda/
०४ स्मृत्यध्यायः 	 AryaH/hinduism/branches/nyAya-vaisheShike/vishiShTAdvaiti-granthAH/nyAya-parishuddhiH_vedAnta-deshikaH/04_smRty-adhyAyaH/
०४ होमविधिः 	 AryaH/hinduism/branches/shaivaH/meru-tantram/04_homavidhiH/
०४० 	 AryaH/hinduism/branches/brAhmaH/yoga-vAsiShTha-shAstram/Ananda-bodhendra-TIkA/3_utpattiprakaraNam/040/
०४० 	 AryaH/hinduism/branches/brAhmaH/yoga-vAsiShTha-shAstram/Ananda-bodhendra-TIkA/6_nirvANa-prakaraNam/1/040/
०४० 	 AryaH/hinduism/branches/brAhmaH/yoga-vAsiShTha-shAstram/Ananda-bodhendra-TIkA/6_nirvANa-prakaraNam/2/040/
०४१ 	 AryaH/hinduism/branches/brAhmaH/yoga-vAsiShTha-shAstram/Ananda-bodhendra-TIkA/3_utpattiprakaraNam/041/
०४१ 	 AryaH/hinduism/branches/brAhmaH/yoga-vAsiShTha-shAstram/Ananda-bodhendra-TIkA/6_nirvANa-prakaraNam/1/041/
०४१ 	 AryaH/hinduism/branches/brAhmaH/yoga-vAsiShTha-shAstram/Ananda-bodhendra-TIkA/6_nirvANa-prakaraNam/2/041/
०४२ 	 AryaH/hinduism/branches/brAhmaH/yoga-vAsiShTha-shAstram/Ananda-bodhendra-TIkA/3_utpattiprakaraNam/042/
०४२ 	 AryaH/hinduism/branches/brAhmaH/yoga-vAsiShTha-shAstram/Ananda-bodhendra-TIkA/6_nirvANa-prakaraNam/1/042/
०४२ 	 AryaH/hinduism/branches/brAhmaH/yoga-vAsiShTha-shAstram/Ananda-bodhendra-TIkA/6_nirvANa-prakaraNam/2/042/
०४३ 	 AryaH/hinduism/branches/brAhmaH/yoga-vAsiShTha-shAstram/Ananda-bodhendra-TIkA/3_utpattiprakaraNam/043/
०४३ 	 AryaH/hinduism/branches/brAhmaH/yoga-vAsiShTha-shAstram/Ananda-bodhendra-TIkA/6_nirvANa-prakaraNam/1/043/
०४३ 	 AryaH/hinduism/branches/brAhmaH/yoga-vAsiShTha-shAstram/Ananda-bodhendra-TIkA/6_nirvANa-prakaraNam/2/043/
०४४ 	 AryaH/hinduism/branches/brAhmaH/yoga-vAsiShTha-shAstram/Ananda-bodhendra-TIkA/3_utpattiprakaraNam/044/
०४४ 	 AryaH/hinduism/branches/brAhmaH/yoga-vAsiShTha-shAstram/Ananda-bodhendra-TIkA/6_nirvANa-prakaraNam/1/044/
०४४ 	 AryaH/hinduism/branches/brAhmaH/yoga-vAsiShTha-shAstram/Ananda-bodhendra-TIkA/6_nirvANa-prakaraNam/2/044/
०४५ 	 AryaH/hinduism/branches/brAhmaH/yoga-vAsiShTha-shAstram/Ananda-bodhendra-TIkA/3_utpattiprakaraNam/045/
०४५ 	 AryaH/hinduism/branches/brAhmaH/yoga-vAsiShTha-shAstram/Ananda-bodhendra-TIkA/6_nirvANa-prakaraNam/1/045/
०४५ 	 AryaH/hinduism/branches/brAhmaH/yoga-vAsiShTha-shAstram/Ananda-bodhendra-TIkA/6_nirvANa-prakaraNam/2/045/
०४६ 	 AryaH/hinduism/branches/brAhmaH/yoga-vAsiShTha-shAstram/Ananda-bodhendra-TIkA/3_utpattiprakaraNam/046/
०४६ 	 AryaH/hinduism/branches/brAhmaH/yoga-vAsiShTha-shAstram/Ananda-bodhendra-TIkA/6_nirvANa-prakaraNam/1/046/
०४६ 	 AryaH/hinduism/branches/brAhmaH/yoga-vAsiShTha-shAstram/Ananda-bodhendra-TIkA/6_nirvANa-prakaraNam/2/046/
०४७ 	 AryaH/hinduism/branches/brAhmaH/yoga-vAsiShTha-shAstram/Ananda-bodhendra-TIkA/3_utpattiprakaraNam/047/
०४७ 	 AryaH/hinduism/branches/brAhmaH/yoga-vAsiShTha-shAstram/Ananda-bodhendra-TIkA/6_nirvANa-prakaraNam/1/047/
०४७ 	 AryaH/hinduism/branches/brAhmaH/yoga-vAsiShTha-shAstram/Ananda-bodhendra-TIkA/6_nirvANa-prakaraNam/2/047/
०४८ 	 AryaH/hinduism/branches/brAhmaH/yoga-vAsiShTha-shAstram/Ananda-bodhendra-TIkA/3_utpattiprakaraNam/048/
०४८ 	 AryaH/hinduism/branches/brAhmaH/yoga-vAsiShTha-shAstram/Ananda-bodhendra-TIkA/6_nirvANa-prakaraNam/1/048/
०४८ 	 AryaH/hinduism/branches/brAhmaH/yoga-vAsiShTha-shAstram/Ananda-bodhendra-TIkA/6_nirvANa-prakaraNam/2/048/
०४९ 	 AryaH/hinduism/branches/brAhmaH/yoga-vAsiShTha-shAstram/Ananda-bodhendra-TIkA/3_utpattiprakaraNam/049/
०४९ 	 AryaH/hinduism/branches/brAhmaH/yoga-vAsiShTha-shAstram/Ananda-bodhendra-TIkA/6_nirvANa-prakaraNam/1/049/
०४९ 	 AryaH/hinduism/branches/brAhmaH/yoga-vAsiShTha-shAstram/Ananda-bodhendra-TIkA/6_nirvANa-prakaraNam/2/049/
०५ 	 AryaH/hinduism/branches/brAhmaH/yoga-vAsiShTha-shAstram/Ananda-bodhendra-TIkA/1_vairAgya-prakaraNam/05/
०५ 	 AryaH/hinduism/branches/brAhmaH/yoga-vAsiShTha-shAstram/Ananda-bodhendra-TIkA/2_mumuxu-vyavahAra-prakaraNam/05/
०५ 	 AryaH/hinduism/branches/brAhmaH/yoga-vAsiShTha-shAstram/Ananda-bodhendra-TIkA/4_sthiti-prakaraNam/05/
०५ 	 AryaH/hinduism/branches/brAhmaH/yoga-vAsiShTha-shAstram/Ananda-bodhendra-TIkA/5_upashama-prakaraNam/05/
०५ 	 AryaH/hinduism/branches/mishram/prapancha-sAraH/05/
०५ 	 AryaH/hinduism/branches/shaivaH/trikam/abhinavagupta-mUlam/tantrAlokaH/jayaratha-TIkA/05/
०५ 	 AryaH/hinduism/branches/shaivaH/trikam/abhinavagupta-mUlam/tantrAlokaH/pariShkAryam/chaturvedi-rAdheshyAmaH/p2_04-07/05/
०५ 	 AryaH/hinduism/branches/shaivaH/trikam/abhinavagupta-mUlam/tantrAlokaH/pariShkAryam/paramahaMsa-mishraH/p2_04-07/05/
०५ 	 AryaH/hinduism/branches/shaivaH/trikam/mAlinI-vijayottara-tantram/srotaH/paramhaMsa-mishrAnuvAdaH/05/
०५ 	 AryaH/hinduism/branches/shaivaH/trikam/mAlinI-vijayottara-tantram/srotaH/viShnu-datta-Shastry-anuvAdaH/05/
०५ 	 AryaH/hinduism/branches/shaivaH/trikam/netra-tantram/05/
०५ अद्रव्य-सारः 	 AryaH/hinduism/branches/vaiShNavaH/shrI-sampradAyaH/tattvam/venkaTanAthaH/tattva-muktA-kalApaH/05_adravya-sAraH/
०५ अध्यायः 	 AryaH/hinduism/branches/vaiShNavaH/pAncharAtrAgamaH/pauShkara-saMhitA/05_adhyAyaH/
०५ अन्तर्याम्यधिकरणम् 	 AryaH/hinduism/branches/brAhmaH/shAnakara-darshanam/brahma-sUtrANi/mUlam/1/2/05_antaryAmyadhikaraNam/
०५ अबधिकरणम् 	 AryaH/hinduism/branches/brAhmaH/shAnakara-darshanam/brahma-sUtrANi/mUlam/2/3/05_abadhikaraNam/
०५ अभावाधिकरणम् 	 AryaH/hinduism/branches/brAhmaH/shAnakara-darshanam/brahma-sUtrANi/mUlam/2/2/05_abhAvAdhikaraNam/
०५ अभावाधिकरणम् 	 AryaH/hinduism/branches/brAhmaH/shAnakara-darshanam/brahma-sUtrANi/mUlam/4/4/05_abhAvAdhikaraNam/
०५ आग्नीन्धनाद्यधिकरणम् 	 AryaH/hinduism/branches/brAhmaH/shAnakara-darshanam/brahma-sUtrANi/mUlam/3/4/05_AgnIndhanAdyadhikaraNam/
०५ आणव-प्रकाशनम् 	 AryaH/hinduism/branches/shaivaH/trikam/abhinavagupta-mUlam/tantrasAraH/mUlam/05/
०५ आदित्यादिमत्यधिकरणम् 	 AryaH/hinduism/branches/brAhmaH/shAnakara-darshanam/brahma-sUtrANi/mUlam/4/1/05_AdityAdimatyadhikaraNam/
०५ आह्निकप्रकाशः 	 AryaH/hinduism/branches/shaivaH/meru-tantram/05_AhnikaprakAshaH/
०५ ईक्षत्यधिकरणम् 	 AryaH/hinduism/branches/brAhmaH/shAnakara-darshanam/brahma-sUtrANi/mUlam/1/1/05_IxatyadhikaraNam/
०५ उभयलिङ्गाधिकरणम् 	 AryaH/hinduism/branches/brAhmaH/shAnakara-darshanam/brahma-sUtrANi/mUlam/3/2/05_ubhayalingAdhikaraNam/
०५ कार्याधिकरणम् 	 AryaH/hinduism/branches/brAhmaH/shAnakara-darshanam/brahma-sUtrANi/mUlam/4/3/05_kAryAdhikaraNam/
०५ गर्भन्यासः 	 AryaH/hinduism/branches/vaiShNavaH/pAncharAtrAgamaH/kriyA-kairava-chandrikA/01_kriyA/05_garbhanyAsaH/
०५ जैन तार्किक और उनके न्यायग्रन्थ 	 AryaH/jainaH/meta/saMskRta-vANmaya-bRhad-itihAsa/05_jaina_tArkika_aura_unake_nyAyagrantha/
०५ तत्त्व-त्रयाधिकारः 	 AryaH/hinduism/branches/vaiShNavaH/shrI-sampradAyaH/tattvam/venkaTanAthaH/rahasya-traya-sAraH/nsa-summary/1_arthAnushAsana-vibhAgaH/05_tattva-trayAdhikAraH/
०५ तत्त्वत्रयचिन्तनाधिकारः 	 AryaH/hinduism/branches/vaiShNavaH/shrI-sampradAyaH/tattvam/venkaTanAthaH/rahasya-traya-sAraH/mUlam/05_tattvatrayachintanAdhikAraH/
०५ तत्त्वत्रयचिन्तनाधिकारः 	 AryaH/hinduism/branches/vaiShNavaH/shrI-sampradAyaH/tattvam/venkaTanAthaH/rahasya-traya-sAraH/rAjagopAla-translation/1_arthAnushAsana-vibhAgaH/05_tattvatrayachintanAdhikAraH/
०५ तत्त्वत्रयम् 	 AryaH/hinduism/branches/vaiShNavaH/shrI-sampradAyaH/tattvam/venkaTanAthaH/rahasya-traya-sAraH/laxmIpura-shrInivAsa-sangrahaH/05_tattvatrayam/
०५ दक्षिण भारत का शैवसिद्धान्त 	 AryaH/meta/saMskRta-vANmaya-bRhad-itihAsa/11_tantrAgama/05_daxiNa_bhArata_kA_shaivasiddhAnta/
०५ दहराधिकरणम् 	 AryaH/hinduism/branches/brAhmaH/shAnakara-darshanam/brahma-sUtrANi/mUlam/1/3/05_daharAdhikaraNam/
०५ नातिचिराधिकरणम् 	 AryaH/hinduism/branches/brAhmaH/shAnakara-darshanam/brahma-sUtrANi/mUlam/3/1/05_nAtichirAdhikaraNam/
०५ प्रमेयाध्यायः 	 AryaH/hinduism/branches/nyAya-vaisheShike/vishiShTAdvaiti-granthAH/nyAya-parishuddhiH_vedAnta-deshikaH/05_prameyAdhyAyaH/
०५ प्रसन्नयजनम् 	 AryaH/hinduism/branches/shaivaH/svAyambhuvAgamaH/03_uttarasvAyambhuve_prakIrNam/05_prasannayajanam/
०५ बङ्गाल की नव्यन्याय-परम्परा 	 AryaH/hinduism/branches/nyAya-vaisheShike/articles/saMskRta-vANmaya-bRhad-itihAsa/01_nyAya_darshana/05_bangAla_kI_navyanyAya-paramparA/
०५ बालाक्यधिकरणम् 	 AryaH/hinduism/branches/brAhmaH/shAnakara-darshanam/brahma-sUtrANi/mUlam/1/4/05_bAlAkyadhikaraNam/
०५ ब्रह्मज्ञानोत्पत्त्य्-आख्यानम् 	 AryaH/hinduism/branches/vaiShNavaH/pAncharAtrAgamaH/jayAkhya-saMhitA/05_brahmajnAnotpatty-AkhyAnam/
०५ भगवद्गीता का द्वैताद्वैतवादी भाष्य 	 AryaH/hinduism/branches/brAhmaH/articles/saMskRta-vANmaya-bRhad-itihAsa_10_vedAnta/04_gItA_aura_yogavAsiShTha/01_bhagavadgItA/05_bhagavadgItA_kA_dvaitAdvaitavAdI_bhAShya/
०५ भोक्त्रापत्त्यधिकरणम् 	 AryaH/hinduism/branches/brAhmaH/shAnakara-darshanam/brahma-sUtrANi/mUlam/2/1/05_bhoktrApattyadhikaraNam/
०५ मार्गशीर्षकमासपूजाविधिपटलः 	 AryaH/hinduism/branches/shaivaH/svAyambhuvAgamaH/04_prakIrNam/05_mArgashIrShakamAsapUjAvidhipaTalaH/
०५ मार्गशीर्षमास-प्रभातपूजापटलः 	 AryaH/hinduism/branches/shaivaH/svAyambhuvAgamaH/03_uttarasvAyambhuve_prakIrNam/02_pratiShThAtantram/05_mArgashIrShamAsa-prabhAtapUjApaTalaH/
०५ यन्त्रविधानम् 	 AryaH/hinduism/branches/vaiShNavaH/pAncharAtrAgamaH/aniruddha-saMhitA/05_yantravidhAnam/
०५ योगदर्शन का इतिहास 	 AryaH/hinduism/branches/nyAya-vaisheShike/articles/saMskRta-vANmaya-bRhad-itihAsa/03_sAnkhya_darshana/05_yogadarshana_kA_itihAsa/
०५ वायुक्रियाधिकरणम् 	 AryaH/hinduism/branches/brAhmaH/shAnakara-darshanam/brahma-sUtrANi/mUlam/2/4/05_vAyukriyAdhikaraNam/
०५ वार्तिक-प्रस्थान और उसका विकास 	 AryaH/hinduism/branches/brAhmaH/articles/saMskRta-vANmaya-bRhad-itihAsa_10_vedAnta/01_advaita_vedAnta/05_vArtika-prasthAna_aura_usakA_vikAsa/
०५ विज्ञानभिक्षु का विज्ञानामृतभाष्य 	 AryaH/hinduism/branches/brAhmaH/articles/saMskRta-vANmaya-bRhad-itihAsa_10_vedAnta/03_seshvara_vedAnta/05_vijnAnabhixu_kA_vijnAnAmRtabhAShya/
०५ वैभाषिक दर्शन (सर्वास्तिवाद) 	 AryaH/bauddhaH/saMskRta-vANmaya-bRhad-itihAsa/05_vaibhAShika_darshana_sarvAstivAda/
०५ वैशेषिक दर्शन का वैशिष्ट्य 	 AryaH/hinduism/branches/nyAya-vaisheShike/articles/saMskRta-vANmaya-bRhad-itihAsa/02_vaisheShika_darshana/05_vaisheShika_darshana_kA_vaishiShTya/
०५ श्रीस्वामिनारायण-विशिष्टाद्वैतवाद 	 AryaH/hinduism/branches/brAhmaH/articles/saMskRta-vANmaya-bRhad-itihAsa_10_vedAnta/02_vishiShTAdvaitavAda/01_vaiShNava_mata/05_shrIsvAminArAyaNa-vishiShTAdvaitavAda/
०५ संसारव्यपदेशाधिकरणम् 	 AryaH/hinduism/branches/brAhmaH/shAnakara-darshanam/brahma-sUtrANi/mUlam/4/2/05_saMsAravyapadeshAdhikaraNam/
०५ सन्दर्भ ग्रन्थ-सची 	 AryaH/hinduism/branches/nyAya-vaisheShike/articles/saMskRta-vANmaya-bRhad-itihAsa/05_sandarbha_grantha-sachI/
०५ सर्वाभेदाधिकरणम् 	 AryaH/hinduism/branches/brAhmaH/shAnakara-darshanam/brahma-sUtrANi/mUlam/3/3/05_sarvAbhedAdhikaraNam/
०५० 	 AryaH/hinduism/branches/brAhmaH/yoga-vAsiShTha-shAstram/Ananda-bodhendra-TIkA/3_utpattiprakaraNam/050/
०५० 	 AryaH/hinduism/branches/brAhmaH/yoga-vAsiShTha-shAstram/Ananda-bodhendra-TIkA/6_nirvANa-prakaraNam/1/050/
०५० 	 AryaH/hinduism/branches/brAhmaH/yoga-vAsiShTha-shAstram/Ananda-bodhendra-TIkA/6_nirvANa-prakaraNam/2/050/
०५१ 	 AryaH/hinduism/branches/brAhmaH/yoga-vAsiShTha-shAstram/Ananda-bodhendra-TIkA/3_utpattiprakaraNam/051/
०५१ 	 AryaH/hinduism/branches/brAhmaH/yoga-vAsiShTha-shAstram/Ananda-bodhendra-TIkA/6_nirvANa-prakaraNam/1/051/
०५१ 	 AryaH/hinduism/branches/brAhmaH/yoga-vAsiShTha-shAstram/Ananda-bodhendra-TIkA/6_nirvANa-prakaraNam/2/051/
०५२ 	 AryaH/hinduism/branches/brAhmaH/yoga-vAsiShTha-shAstram/Ananda-bodhendra-TIkA/3_utpattiprakaraNam/052/
०५२ 	 AryaH/hinduism/branches/brAhmaH/yoga-vAsiShTha-shAstram/Ananda-bodhendra-TIkA/6_nirvANa-prakaraNam/1/052/
०५२ 	 AryaH/hinduism/branches/brAhmaH/yoga-vAsiShTha-shAstram/Ananda-bodhendra-TIkA/6_nirvANa-prakaraNam/2/052/
०५३ 	 AryaH/hinduism/branches/brAhmaH/yoga-vAsiShTha-shAstram/Ananda-bodhendra-TIkA/3_utpattiprakaraNam/053/
०५३ 	 AryaH/hinduism/branches/brAhmaH/yoga-vAsiShTha-shAstram/Ananda-bodhendra-TIkA/6_nirvANa-prakaraNam/1/053/
०५३ 	 AryaH/hinduism/branches/brAhmaH/yoga-vAsiShTha-shAstram/Ananda-bodhendra-TIkA/6_nirvANa-prakaraNam/2/053/
०५४ 	 AryaH/hinduism/branches/brAhmaH/yoga-vAsiShTha-shAstram/Ananda-bodhendra-TIkA/3_utpattiprakaraNam/054/
०५४ 	 AryaH/hinduism/branches/brAhmaH/yoga-vAsiShTha-shAstram/Ananda-bodhendra-TIkA/6_nirvANa-prakaraNam/1/054/
०५४ 	 AryaH/hinduism/branches/brAhmaH/yoga-vAsiShTha-shAstram/Ananda-bodhendra-TIkA/6_nirvANa-prakaraNam/2/054/
०५५ 	 AryaH/hinduism/branches/brAhmaH/yoga-vAsiShTha-shAstram/Ananda-bodhendra-TIkA/3_utpattiprakaraNam/055/
०५५ 	 AryaH/hinduism/branches/brAhmaH/yoga-vAsiShTha-shAstram/Ananda-bodhendra-TIkA/6_nirvANa-prakaraNam/1/055/
०५५ 	 AryaH/hinduism/branches/brAhmaH/yoga-vAsiShTha-shAstram/Ananda-bodhendra-TIkA/6_nirvANa-prakaraNam/2/055/
०५६ 	 AryaH/hinduism/branches/brAhmaH/yoga-vAsiShTha-shAstram/Ananda-bodhendra-TIkA/3_utpattiprakaraNam/056/
०५६ 	 AryaH/hinduism/branches/brAhmaH/yoga-vAsiShTha-shAstram/Ananda-bodhendra-TIkA/6_nirvANa-prakaraNam/1/056/
०५६ 	 AryaH/hinduism/branches/brAhmaH/yoga-vAsiShTha-shAstram/Ananda-bodhendra-TIkA/6_nirvANa-prakaraNam/2/056/
०५७ 	 AryaH/hinduism/branches/brAhmaH/yoga-vAsiShTha-shAstram/Ananda-bodhendra-TIkA/3_utpattiprakaraNam/057/
०५७ 	 AryaH/hinduism/branches/brAhmaH/yoga-vAsiShTha-shAstram/Ananda-bodhendra-TIkA/6_nirvANa-prakaraNam/1/057/
०५७ 	 AryaH/hinduism/branches/brAhmaH/yoga-vAsiShTha-shAstram/Ananda-bodhendra-TIkA/6_nirvANa-prakaraNam/2/057/
०५८ 	 AryaH/hinduism/branches/brAhmaH/yoga-vAsiShTha-shAstram/Ananda-bodhendra-TIkA/3_utpattiprakaraNam/058/
०५८ 	 AryaH/hinduism/branches/brAhmaH/yoga-vAsiShTha-shAstram/Ananda-bodhendra-TIkA/6_nirvANa-prakaraNam/1/058/
०५८ 	 AryaH/hinduism/branches/brAhmaH/yoga-vAsiShTha-shAstram/Ananda-bodhendra-TIkA/6_nirvANa-prakaraNam/2/058/
०५९ 	 AryaH/hinduism/branches/brAhmaH/yoga-vAsiShTha-shAstram/Ananda-bodhendra-TIkA/3_utpattiprakaraNam/059/
०५९ 	 AryaH/hinduism/branches/brAhmaH/yoga-vAsiShTha-shAstram/Ananda-bodhendra-TIkA/6_nirvANa-prakaraNam/1/059/
०५९ 	 AryaH/hinduism/branches/brAhmaH/yoga-vAsiShTha-shAstram/Ananda-bodhendra-TIkA/6_nirvANa-prakaraNam/2/059/
०६ 	 AryaH/hinduism/branches/brAhmaH/yoga-vAsiShTha-shAstram/Ananda-bodhendra-TIkA/1_vairAgya-prakaraNam/06/
०६ 	 AryaH/hinduism/branches/brAhmaH/yoga-vAsiShTha-shAstram/Ananda-bodhendra-TIkA/2_mumuxu-vyavahAra-prakaraNam/06/
०६ 	 AryaH/hinduism/branches/brAhmaH/yoga-vAsiShTha-shAstram/Ananda-bodhendra-TIkA/4_sthiti-prakaraNam/06/
०६ 	 AryaH/hinduism/branches/brAhmaH/yoga-vAsiShTha-shAstram/Ananda-bodhendra-TIkA/5_upashama-prakaraNam/06/
०६ 	 AryaH/hinduism/branches/mishram/prapancha-sAraH/06/
०६ 	 AryaH/hinduism/branches/shaivaH/trikam/abhinavagupta-mUlam/tantrAlokaH/jayaratha-TIkA/06/
०६ 	 AryaH/hinduism/branches/shaivaH/trikam/abhinavagupta-mUlam/tantrAlokaH/pariShkAryam/chaturvedi-rAdheshyAmaH/p2_04-07/06/
०६ 	 AryaH/hinduism/branches/shaivaH/trikam/abhinavagupta-mUlam/tantrAlokaH/pariShkAryam/paramahaMsa-mishraH/p2_04-07/06/
०६ 	 AryaH/hinduism/branches/shaivaH/trikam/mAlinI-vijayottara-tantram/srotaH/paramhaMsa-mishrAnuvAdaH/06/
०६ 	 AryaH/hinduism/branches/shaivaH/trikam/mAlinI-vijayottara-tantram/srotaH/viShnu-datta-Shastry-anuvAdaH/06/
०६ 	 AryaH/hinduism/branches/shaivaH/trikam/netra-tantram/06/
०६ अदृश्यत्वाधिकरणम् 	 AryaH/hinduism/branches/brAhmaH/shAnakara-darshanam/brahma-sUtrANi/mUlam/1/2/06_adRshyatvAdhikaraNam/
०६ अध्यायः 	 AryaH/hinduism/branches/vaiShNavaH/pAncharAtrAgamaH/pauShkara-saMhitA/06_adhyAyaH/
०६ अनुकृत्यधिकरणम् 	 AryaH/hinduism/branches/brAhmaH/shAnakara-darshanam/brahma-sUtrANi/mUlam/1/3/06_anukRtyadhikaraNam/
०६ अन्याधिष्ठिताधिकरणम् 	 AryaH/hinduism/branches/brAhmaH/shAnakara-darshanam/brahma-sUtrANi/mUlam/3/1/06_anyAdhiShThitAdhikaraNam/
०६ अप्रतीकालम्बनाधिकरणम् 	 AryaH/hinduism/branches/brAhmaH/shAnakara-darshanam/brahma-sUtrANi/mUlam/4/3/06_apratIkAlambanAdhikaraNam/
०६ आनन्दमयाधिकरणम् 	 AryaH/hinduism/branches/brAhmaH/shAnakara-darshanam/brahma-sUtrANi/mUlam/1/1/06_AnandamayAdhikaraNam/
०६ आनन्दाद्यधिकरणम् 	 AryaH/hinduism/branches/brAhmaH/shAnakara-darshanam/brahma-sUtrANi/mUlam/3/3/06_AnandAdyadhikaraNam/
०६ आरम्भणाधिकरणम् 	 AryaH/hinduism/branches/brAhmaH/shAnakara-darshanam/brahma-sUtrANi/mUlam/2/1/06_ArambhaNAdhikaraNam/
०६ आसीनाधिकरणम् 	 AryaH/hinduism/branches/brAhmaH/shAnakara-darshanam/brahma-sUtrANi/mUlam/4/1/06_AsInAdhikaraNam/
०६ एकस्मिन्नसम्भवाधिकरणम् 	 AryaH/hinduism/branches/brAhmaH/shAnakara-darshanam/brahma-sUtrANi/mUlam/2/2/06_ekasminnasambhavAdhikaraNam/
०६ कालाध्वप्रकाशनम् 	 AryaH/hinduism/branches/shaivaH/trikam/abhinavagupta-mUlam/tantrasAraH/mUlam/06/
०६ काश्मीर शैवदर्शन 	 AryaH/meta/saMskRta-vANmaya-bRhad-itihAsa/11_tantrAgama/06_kAshmIra_shaivadarshana/
०६ गौरीव्रतविधिपटलः 	 AryaH/hinduism/branches/shaivaH/svAyambhuvAgamaH/03_uttarasvAyambhuve_prakIrNam/02_pratiShThAtantram/06_gaurIvratavidhipaTalaH/
०६ ग्रन्थानुक्रमणिका 	 AryaH/hinduism/branches/nyAya-vaisheShike/articles/saMskRta-vANmaya-bRhad-itihAsa/06_granthAnukramaNikA/
०६ जैनदर्शन में अध्यात्म 	 AryaH/jainaH/meta/saMskRta-vANmaya-bRhad-itihAsa/06_jainadarshana_meM_adhyAtma/
०६ न्यायदर्शन की दाक्षिणात्य परम्परा 	 AryaH/hinduism/branches/nyAya-vaisheShike/articles/saMskRta-vANmaya-bRhad-itihAsa/01_nyAya_darshana/06_nyAyadarshana_kI_dAxiNAtya_paramparA/
०६ परदेवता-पारमार्थ्याधिकारः 	 AryaH/hinduism/branches/vaiShNavaH/shrI-sampradAyaH/tattvam/venkaTanAthaH/rahasya-traya-sAraH/nsa-summary/1_arthAnushAsana-vibhAgaH/06_paradevatA-pAramArthyAdhikAraH/
०६ परदेवतापारमार्थ्यम् 	 AryaH/hinduism/branches/vaiShNavaH/shrI-sampradAyaH/tattvam/venkaTanAthaH/rahasya-traya-sAraH/laxmIpura-shrInivAsa-sangrahaH/06_paradevatApAramArthyam/
०६ परदेवतापारमार्थ्याधिकारः 	 AryaH/hinduism/branches/vaiShNavaH/shrI-sampradAyaH/tattvam/venkaTanAthaH/rahasya-traya-sAraH/mUlam/06_paradevatApAramArthyAdhikAraH/
०६ परदेवतापारमार्थ्याधिकारः 	 AryaH/hinduism/branches/vaiShNavaH/shrI-sampradAyaH/tattvam/venkaTanAthaH/rahasya-traya-sAraH/rAjagopAla-translation/1_arthAnushAsana-vibhAgaH/06_paradevatApAramArthyAdhikAraH/
०६ पुरश्चर्याप्रकाशः 	 AryaH/hinduism/branches/shaivaH/meru-tantram/06_purashcharyAprakAshaH/
०६ पुष्यमासपूजाविधिपटलः 	 AryaH/hinduism/branches/shaivaH/svAyambhuvAgamaH/04_prakIrNam/06_puShyamAsapUjAvidhipaTalaH/
०६ पृथिव्यधिकाराधिकरणम् 	 AryaH/hinduism/branches/brAhmaH/shAnakara-darshanam/brahma-sUtrANi/mUlam/2/3/06_pRthivyadhikArAdhikaraNam/
०६ प्रकृतैतावत्त्वाधिकरणम् 	 AryaH/hinduism/branches/brAhmaH/shAnakara-darshanam/brahma-sUtrANi/mUlam/3/2/06_prakRtaitAvattvAdhikaraNam/
०६ प्रतिषेधाधिकरणम् 	 AryaH/hinduism/branches/brAhmaH/shAnakara-darshanam/brahma-sUtrANi/mUlam/4/2/06_pratiShedhAdhikaraNam/
०६ प्रदीपाधिकरणम् 	 AryaH/hinduism/branches/brAhmaH/shAnakara-darshanam/brahma-sUtrANi/mUlam/4/4/06_pradIpAdhikaraNam/
०६ भगवद्गीता की शुद्धाद्वैतवादी टीकाएं 	 AryaH/hinduism/branches/brAhmaH/articles/saMskRta-vANmaya-bRhad-itihAsa_10_vedAnta/04_gItA_aura_yogavAsiShTha/01_bhagavadgItA/06_bhagavadgItA_kI_shuddhAdvaitavAdI_TIkAeM/
०६ मण्डलानां विधिः 	 AryaH/hinduism/branches/vaiShNavaH/pAncharAtrAgamaH/aniruddha-saMhitA/06_maNDalAnAM_vidhiH/
०६ मुख्य-मन्त्रोद्धारः 	 AryaH/hinduism/branches/vaiShNavaH/pAncharAtrAgamaH/jayAkhya-saMhitA/06_mukhya-mantroddhAraH/
०६ वल्लभ के शुद्धाद्वैत का इतिहास 	 AryaH/hinduism/branches/brAhmaH/articles/saMskRta-vANmaya-bRhad-itihAsa_10_vedAnta/03_seshvara_vedAnta/06_vallabha_ke_shuddhAdvaita_kA_itihAsa/
०६ वाक्यान्वयाधिकरणम् 	 AryaH/hinduism/branches/brAhmaH/shAnakara-darshanam/brahma-sUtrANi/mUlam/1/4/06_vAkyAnvayAdhikaraNam/
०६ वाद-प्रस्थान और उसका विकास 	 AryaH/hinduism/branches/brAhmaH/articles/saMskRta-vANmaya-bRhad-itihAsa_10_vedAnta/01_advaita_vedAnta/06_vAda-prasthAna_aura_usakA_vikAsa/
०६ श्रेष्ठाणुत्वाधिकरणम् 	 AryaH/hinduism/branches/brAhmaH/shAnakara-darshanam/brahma-sUtrANi/mUlam/2/4/06_shreShThANutvAdhikaraNam/
०६ संकोचविधि 	 AryaH/hinduism/branches/shaivaH/svAyambhuvAgamaH/03_uttarasvAyambhuve_prakIrNam/06_saMkochavidhi/
०६ सर्वापेक्षाधिकरणम् 	 AryaH/hinduism/branches/brAhmaH/shAnakara-darshanam/brahma-sUtrANi/mUlam/3/4/06_sarvApexAdhikaraNam/
०६ सौत्रान्तिक दर्शन 	 AryaH/bauddhaH/saMskRta-vANmaya-bRhad-itihAsa/06_sautrAntika_darshana/
०६० 	 AryaH/hinduism/branches/brAhmaH/yoga-vAsiShTha-shAstram/Ananda-bodhendra-TIkA/3_utpattiprakaraNam/060/
०६० 	 AryaH/hinduism/branches/brAhmaH/yoga-vAsiShTha-shAstram/Ananda-bodhendra-TIkA/6_nirvANa-prakaraNam/1/060/
०६० 	 AryaH/hinduism/branches/brAhmaH/yoga-vAsiShTha-shAstram/Ananda-bodhendra-TIkA/6_nirvANa-prakaraNam/2/060/
०६१ 	 AryaH/hinduism/branches/brAhmaH/yoga-vAsiShTha-shAstram/Ananda-bodhendra-TIkA/3_utpattiprakaraNam/061/
०६१ 	 AryaH/hinduism/branches/brAhmaH/yoga-vAsiShTha-shAstram/Ananda-bodhendra-TIkA/6_nirvANa-prakaraNam/1/061/
०६१ 	 AryaH/hinduism/branches/brAhmaH/yoga-vAsiShTha-shAstram/Ananda-bodhendra-TIkA/6_nirvANa-prakaraNam/2/061/
०६२ 	 AryaH/hinduism/branches/brAhmaH/yoga-vAsiShTha-shAstram/Ananda-bodhendra-TIkA/3_utpattiprakaraNam/062/
०६२ 	 AryaH/hinduism/branches/brAhmaH/yoga-vAsiShTha-shAstram/Ananda-bodhendra-TIkA/6_nirvANa-prakaraNam/1/062/
०६२ 	 AryaH/hinduism/branches/brAhmaH/yoga-vAsiShTha-shAstram/Ananda-bodhendra-TIkA/6_nirvANa-prakaraNam/2/062/
०६३ 	 AryaH/hinduism/branches/brAhmaH/yoga-vAsiShTha-shAstram/Ananda-bodhendra-TIkA/3_utpattiprakaraNam/063/
०६३ 	 AryaH/hinduism/branches/brAhmaH/yoga-vAsiShTha-shAstram/Ananda-bodhendra-TIkA/6_nirvANa-prakaraNam/1/063/
०६३ 	 AryaH/hinduism/branches/brAhmaH/yoga-vAsiShTha-shAstram/Ananda-bodhendra-TIkA/6_nirvANa-prakaraNam/2/063/
०६४ 	 AryaH/hinduism/branches/brAhmaH/yoga-vAsiShTha-shAstram/Ananda-bodhendra-TIkA/3_utpattiprakaraNam/064/
०६४ 	 AryaH/hinduism/branches/brAhmaH/yoga-vAsiShTha-shAstram/Ananda-bodhendra-TIkA/6_nirvANa-prakaraNam/1/064/
०६४ 	 AryaH/hinduism/branches/brAhmaH/yoga-vAsiShTha-shAstram/Ananda-bodhendra-TIkA/6_nirvANa-prakaraNam/2/064/
०६५ 	 AryaH/hinduism/branches/brAhmaH/yoga-vAsiShTha-shAstram/Ananda-bodhendra-TIkA/3_utpattiprakaraNam/065/
०६५ 	 AryaH/hinduism/branches/brAhmaH/yoga-vAsiShTha-shAstram/Ananda-bodhendra-TIkA/6_nirvANa-prakaraNam/1/065/
०६५ 	 AryaH/hinduism/branches/brAhmaH/yoga-vAsiShTha-shAstram/Ananda-bodhendra-TIkA/6_nirvANa-prakaraNam/2/065/
०६६ 	 AryaH/hinduism/branches/brAhmaH/yoga-vAsiShTha-shAstram/Ananda-bodhendra-TIkA/3_utpattiprakaraNam/066/
०६६ 	 AryaH/hinduism/branches/brAhmaH/yoga-vAsiShTha-shAstram/Ananda-bodhendra-TIkA/6_nirvANa-prakaraNam/1/066/
०६६ 	 AryaH/hinduism/branches/brAhmaH/yoga-vAsiShTha-shAstram/Ananda-bodhendra-TIkA/6_nirvANa-prakaraNam/2/066/
०६७ 	 AryaH/hinduism/branches/brAhmaH/yoga-vAsiShTha-shAstram/Ananda-bodhendra-TIkA/3_utpattiprakaraNam/067/
०६७ 	 AryaH/hinduism/branches/brAhmaH/yoga-vAsiShTha-shAstram/Ananda-bodhendra-TIkA/6_nirvANa-prakaraNam/1/067/
०६७ 	 AryaH/hinduism/branches/brAhmaH/yoga-vAsiShTha-shAstram/Ananda-bodhendra-TIkA/6_nirvANa-prakaraNam/2/067/
०६८ 	 AryaH/hinduism/branches/brAhmaH/yoga-vAsiShTha-shAstram/Ananda-bodhendra-TIkA/3_utpattiprakaraNam/068/
०६८ 	 AryaH/hinduism/branches/brAhmaH/yoga-vAsiShTha-shAstram/Ananda-bodhendra-TIkA/6_nirvANa-prakaraNam/1/068/
०६८ 	 AryaH/hinduism/branches/brAhmaH/yoga-vAsiShTha-shAstram/Ananda-bodhendra-TIkA/6_nirvANa-prakaraNam/2/068/
०६९ 	 AryaH/hinduism/branches/brAhmaH/yoga-vAsiShTha-shAstram/Ananda-bodhendra-TIkA/3_utpattiprakaraNam/069/
०६९ 	 AryaH/hinduism/branches/brAhmaH/yoga-vAsiShTha-shAstram/Ananda-bodhendra-TIkA/6_nirvANa-prakaraNam/1/069/
०६९ 	 AryaH/hinduism/branches/brAhmaH/yoga-vAsiShTha-shAstram/Ananda-bodhendra-TIkA/6_nirvANa-prakaraNam/2/069/
०७ 	 AryaH/hinduism/branches/brAhmaH/yoga-vAsiShTha-shAstram/Ananda-bodhendra-TIkA/1_vairAgya-prakaraNam/07/
०७ 	 AryaH/hinduism/branches/brAhmaH/yoga-vAsiShTha-shAstram/Ananda-bodhendra-TIkA/2_mumuxu-vyavahAra-prakaraNam/07/
०७ 	 AryaH/hinduism/branches/brAhmaH/yoga-vAsiShTha-shAstram/Ananda-bodhendra-TIkA/4_sthiti-prakaraNam/07/
०७ 	 AryaH/hinduism/branches/brAhmaH/yoga-vAsiShTha-shAstram/Ananda-bodhendra-TIkA/5_upashama-prakaraNam/07/
०७ 	 AryaH/hinduism/branches/mishram/prapancha-sAraH/07/
०७ 	 AryaH/hinduism/branches/shaivaH/trikam/abhinavagupta-mUlam/tantrAlokaH/jayaratha-TIkA/07/
०७ 	 AryaH/hinduism/branches/shaivaH/trikam/abhinavagupta-mUlam/tantrAlokaH/pariShkAryam/chaturvedi-rAdheshyAmaH/p2_04-07/07/
०७ 	 AryaH/hinduism/branches/shaivaH/trikam/abhinavagupta-mUlam/tantrAlokaH/pariShkAryam/paramahaMsa-mishraH/p2_04-07/07/
०७ 	 AryaH/hinduism/branches/shaivaH/trikam/mAlinI-vijayottara-tantram/srotaH/paramhaMsa-mishrAnuvAdaH/07/
०७ 	 AryaH/hinduism/branches/shaivaH/trikam/mAlinI-vijayottara-tantram/srotaH/viShnu-datta-Shastry-anuvAdaH/07/
०७ 	 AryaH/hinduism/branches/shaivaH/trikam/netra-tantram/07/
०७ अध्यायः 	 AryaH/hinduism/branches/vaiShNavaH/pAncharAtrAgamaH/pauShkara-saMhitA/07_adhyAyaH/
०७ अन्तरधिकरणम् 	 AryaH/hinduism/branches/brAhmaH/shAnakara-darshanam/brahma-sUtrANi/mUlam/1/1/07_antaradhikaraNam/
०७ आध्यानाधिकरणम् 	 AryaH/hinduism/branches/brAhmaH/shAnakara-darshanam/brahma-sUtrANi/mUlam/3/3/07_AdhyAnAdhikaraNam/
०७ इतरव्यपदेशाधिकरणम् 	 AryaH/hinduism/branches/brAhmaH/shAnakara-darshanam/brahma-sUtrANi/mUlam/2/1/07_itaravyapadeshAdhikaraNam/
०७ इष्टसिद्धि और वेदान्त-सिद्धान्तमुक्तावली 	 AryaH/hinduism/branches/brAhmaH/articles/saMskRta-vANmaya-bRhad-itihAsa_10_vedAnta/01_advaita_vedAnta/07_iShTasiddhi_aura_vedAnta-siddhAntamuktAvalI/
०७ उपकरण-मन्त्रोद्धारो 	 AryaH/hinduism/branches/vaiShNavaH/pAncharAtrAgamaH/jayAkhya-saMhitA/07_upakaraNa-mantroddhAro/
०७ एकाग्रताधिकरणम् 	 AryaH/hinduism/branches/brAhmaH/shAnakara-darshanam/brahma-sUtrANi/mUlam/4/1/07_ekAgratAdhikaraNam/
०७ कृष्णचैतन्य-वेदान्त का उद्भव और विकास 	 AryaH/hinduism/branches/brAhmaH/articles/saMskRta-vANmaya-bRhad-itihAsa_10_vedAnta/03_seshvara_vedAnta/07_kRShNachaitanya-vedAnta_kA_udbhava_aura_vikAsa/
०७ चक्राब्जमण्डलम् 	 AryaH/hinduism/branches/vaiShNavaH/pAncharAtrAgamaH/aniruddha-saMhitA/07_chakrAbjamaNDalam/
०७ जगद्व्यापाराधिकरणम् 	 AryaH/hinduism/branches/brAhmaH/shAnakara-darshanam/brahma-sUtrANi/mUlam/4/4/07_jagadvyApArAdhikaraNam/
०७ जयपूजाविधिः 	 AryaH/hinduism/branches/shaivaH/svAyambhuvAgamaH/03_uttarasvAyambhuve_prakIrNam/02_pratiShThAtantram/07_jayapUjAvidhiH/
०७ जैन कर्मसिद्धान्त : नामकर्म के विशेष सन्दर्भ में 	 AryaH/jainaH/meta/saMskRta-vANmaya-bRhad-itihAsa/07_jaina_karmasiddhAnta_nAmakarma_ke_visheSha_sand/
०७ ज्योतिराद्यधिकरणम् 	 AryaH/hinduism/branches/brAhmaH/shAnakara-darshanam/brahma-sUtrANi/mUlam/2/4/07_jyotirAdyadhikaraNam/
०७ तदभिध्यानाधिकरणम् 	 AryaH/hinduism/branches/brAhmaH/shAnakara-darshanam/brahma-sUtrANi/mUlam/2/3/07_tadabhidhyAnAdhikaraNam/
०७ देशाध्व-प्रकाशनम् 	 AryaH/hinduism/branches/shaivaH/trikam/abhinavagupta-mUlam/tantrasAraH/mUlam/07/
०७ पत्यधिकरणम् 	 AryaH/hinduism/branches/brAhmaH/shAnakara-darshanam/brahma-sUtrANi/mUlam/2/2/07_patyadhikaraNam/
०७ पराधिकरणम् 	 AryaH/hinduism/branches/brAhmaH/shAnakara-darshanam/brahma-sUtrANi/mUlam/3/2/07_parAdhikaraNam/
०७ प्रकीर्ण 	 AryaH/hinduism/branches/nyAya-vaisheShike/articles/saMskRta-vANmaya-bRhad-itihAsa/01_nyAya_darshana/07_prakIrNa/
०७ प्रकृत्यधिकरणम् 	 AryaH/hinduism/branches/brAhmaH/shAnakara-darshanam/brahma-sUtrANi/mUlam/1/4/07_prakRtyadhikaraNam/
०७ प्रमिताधिकरणम् 	 AryaH/hinduism/branches/brAhmaH/shAnakara-darshanam/brahma-sUtrANi/mUlam/1/3/07_pramitAdhikaraNam/
०७ भगवद्गीता की अचिन्त्यभेदाभेदवादी टीकाएं 	 AryaH/hinduism/branches/brAhmaH/articles/saMskRta-vANmaya-bRhad-itihAsa_10_vedAnta/04_gItA_aura_yogavAsiShTha/01_bhagavadgItA/07_bhagavadgItA_kI_achintyabhedAbhedavAdI_TIkAeM/
०७ माघमासपूजाविधिपटलः 	 AryaH/hinduism/branches/shaivaH/svAyambhuvAgamaH/04_prakIrNam/07_mAghamAsapUjAvidhipaTalaH/
०७ मुमुक्षुत्वम् 	 AryaH/hinduism/branches/vaiShNavaH/shrI-sampradAyaH/tattvam/venkaTanAthaH/rahasya-traya-sAraH/laxmIpura-shrInivAsa-sangrahaH/07_mumuxutvam/
०७ मुमुक्षुत्वाधिकारः 	 AryaH/hinduism/branches/vaiShNavaH/shrI-sampradAyaH/tattvam/venkaTanAthaH/rahasya-traya-sAraH/mUlam/07_mumuxutvAdhikAraH/
०७ मुमुक्षुत्वाधिकारः 	 AryaH/hinduism/branches/vaiShNavaH/shrI-sampradAyaH/tattvam/venkaTanAthaH/rahasya-traya-sAraH/nsa-summary/1_arthAnushAsana-vibhAgaH/07_mumuxutvAdhikAraH/
०७ मुमुक्षुत्वाधिकारः 	 AryaH/hinduism/branches/vaiShNavaH/shrI-sampradAyaH/tattvam/venkaTanAthaH/rahasya-traya-sAraH/rAjagopAla-translation/1_arthAnushAsana-vibhAgaH/07_mumuxutvAdhikAraH/
०७ वागादिलयाधिकरणम् 	 AryaH/hinduism/branches/brAhmaH/shAnakara-darshanam/brahma-sUtrANi/mUlam/4/2/07_vAgAdilayAdhikaraNam/
०७ वीरशैव धर्म-दर्शन 	 AryaH/meta/saMskRta-vANmaya-bRhad-itihAsa/11_tantrAgama/07_vIrashaiva_dharma-darshana/
०७ वैश्वानराधिकरणम् 	 AryaH/hinduism/branches/brAhmaH/shAnakara-darshanam/brahma-sUtrANi/mUlam/1/2/07_vaishvAnarAdhikaraNam/
०७ सकलार्चनविधिपटलः 	 AryaH/hinduism/branches/shaivaH/svAyambhuvAgamaH/03_uttarasvAyambhuve_prakIrNam/07_sakalArchanavidhipaTalaH/
०७ सर्वान्नानुमत्यधिकरणम् 	 AryaH/hinduism/branches/brAhmaH/shAnakara-darshanam/brahma-sUtrANi/mUlam/3/4/07_sarvAnnAnumatyadhikaraNam/
०७ सामानाधिकरण्य-वादः 	 AryaH/hinduism/branches/nyAya-vaisheShike/vishiShTAdvaiti-granthAH/nyAya-kulishaH/07_sAmAnAdhikaraNya-vAdaH/
०७ सिद्धिस्थिरीकरणप्रकाशः 	 AryaH/hinduism/branches/shaivaH/meru-tantram/07_siddhisthirIkaraNaprakAshaH/
०७ सौत्रान्तिक दर्शन के प्रमुख आचार्य 	 AryaH/bauddhaH/saMskRta-vANmaya-bRhad-itihAsa/07_sautrAntika_darshana_ke_pramukha_AchArya/
०७० 	 AryaH/hinduism/branches/brAhmaH/yoga-vAsiShTha-shAstram/Ananda-bodhendra-TIkA/3_utpattiprakaraNam/070/
०७० 	 AryaH/hinduism/branches/brAhmaH/yoga-vAsiShTha-shAstram/Ananda-bodhendra-TIkA/6_nirvANa-prakaraNam/1/070/
०७० 	 AryaH/hinduism/branches/brAhmaH/yoga-vAsiShTha-shAstram/Ananda-bodhendra-TIkA/6_nirvANa-prakaraNam/2/070/
०७१ 	 AryaH/hinduism/branches/brAhmaH/yoga-vAsiShTha-shAstram/Ananda-bodhendra-TIkA/3_utpattiprakaraNam/071/
०७१ 	 AryaH/hinduism/branches/brAhmaH/yoga-vAsiShTha-shAstram/Ananda-bodhendra-TIkA/6_nirvANa-prakaraNam/1/071/
०७२ 	 AryaH/hinduism/branches/brAhmaH/yoga-vAsiShTha-shAstram/Ananda-bodhendra-TIkA/3_utpattiprakaraNam/072/
०७२ 	 AryaH/hinduism/branches/brAhmaH/yoga-vAsiShTha-shAstram/Ananda-bodhendra-TIkA/6_nirvANa-prakaraNam/1/072/
०७२ 	 AryaH/hinduism/branches/brAhmaH/yoga-vAsiShTha-shAstram/Ananda-bodhendra-TIkA/6_nirvANa-prakaraNam/2/072/
०७३ 	 AryaH/hinduism/branches/brAhmaH/yoga-vAsiShTha-shAstram/Ananda-bodhendra-TIkA/3_utpattiprakaraNam/073/
०७३ 	 AryaH/hinduism/branches/brAhmaH/yoga-vAsiShTha-shAstram/Ananda-bodhendra-TIkA/6_nirvANa-prakaraNam/1/073/
०७३ 	 AryaH/hinduism/branches/brAhmaH/yoga-vAsiShTha-shAstram/Ananda-bodhendra-TIkA/6_nirvANa-prakaraNam/2/073/
०७४ 	 AryaH/hinduism/branches/brAhmaH/yoga-vAsiShTha-shAstram/Ananda-bodhendra-TIkA/3_utpattiprakaraNam/074/
०७४ 	 AryaH/hinduism/branches/brAhmaH/yoga-vAsiShTha-shAstram/Ananda-bodhendra-TIkA/6_nirvANa-prakaraNam/1/074/
०७४ 	 AryaH/hinduism/branches/brAhmaH/yoga-vAsiShTha-shAstram/Ananda-bodhendra-TIkA/6_nirvANa-prakaraNam/2/074/
०७५ 	 AryaH/hinduism/branches/brAhmaH/yoga-vAsiShTha-shAstram/Ananda-bodhendra-TIkA/3_utpattiprakaraNam/075/
०७५ 	 AryaH/hinduism/branches/brAhmaH/yoga-vAsiShTha-shAstram/Ananda-bodhendra-TIkA/6_nirvANa-prakaraNam/1/075/
०७५ 	 AryaH/hinduism/branches/brAhmaH/yoga-vAsiShTha-shAstram/Ananda-bodhendra-TIkA/6_nirvANa-prakaraNam/2/075/
०७६ 	 AryaH/hinduism/branches/brAhmaH/yoga-vAsiShTha-shAstram/Ananda-bodhendra-TIkA/3_utpattiprakaraNam/076/
०७६ 	 AryaH/hinduism/branches/brAhmaH/yoga-vAsiShTha-shAstram/Ananda-bodhendra-TIkA/6_nirvANa-prakaraNam/1/076/
०७६ 	 AryaH/hinduism/branches/brAhmaH/yoga-vAsiShTha-shAstram/Ananda-bodhendra-TIkA/6_nirvANa-prakaraNam/2/076/
०७७ 	 AryaH/hinduism/branches/brAhmaH/yoga-vAsiShTha-shAstram/Ananda-bodhendra-TIkA/3_utpattiprakaraNam/077/
०७७ 	 AryaH/hinduism/branches/brAhmaH/yoga-vAsiShTha-shAstram/Ananda-bodhendra-TIkA/6_nirvANa-prakaraNam/1/077/
०७७ 	 AryaH/hinduism/branches/brAhmaH/yoga-vAsiShTha-shAstram/Ananda-bodhendra-TIkA/6_nirvANa-prakaraNam/2/077/
०७८ 	 AryaH/hinduism/branches/brAhmaH/yoga-vAsiShTha-shAstram/Ananda-bodhendra-TIkA/3_utpattiprakaraNam/078/
०७८ 	 AryaH/hinduism/branches/brAhmaH/yoga-vAsiShTha-shAstram/Ananda-bodhendra-TIkA/6_nirvANa-prakaraNam/1/078/
०७८ 	 AryaH/hinduism/branches/brAhmaH/yoga-vAsiShTha-shAstram/Ananda-bodhendra-TIkA/6_nirvANa-prakaraNam/2/078/
०७९ 	 AryaH/hinduism/branches/brAhmaH/yoga-vAsiShTha-shAstram/Ananda-bodhendra-TIkA/3_utpattiprakaraNam/079/
०७९ 	 AryaH/hinduism/branches/brAhmaH/yoga-vAsiShTha-shAstram/Ananda-bodhendra-TIkA/6_nirvANa-prakaraNam/1/079/
०७९ 	 AryaH/hinduism/branches/brAhmaH/yoga-vAsiShTha-shAstram/Ananda-bodhendra-TIkA/6_nirvANa-prakaraNam/2/079/
०८ 	 AryaH/hinduism/branches/brAhmaH/yoga-vAsiShTha-shAstram/Ananda-bodhendra-TIkA/1_vairAgya-prakaraNam/08/
०८ 	 AryaH/hinduism/branches/brAhmaH/yoga-vAsiShTha-shAstram/Ananda-bodhendra-TIkA/2_mumuxu-vyavahAra-prakaraNam/08/
०८ 	 AryaH/hinduism/branches/brAhmaH/yoga-vAsiShTha-shAstram/Ananda-bodhendra-TIkA/4_sthiti-prakaraNam/08/
०८ 	 AryaH/hinduism/branches/brAhmaH/yoga-vAsiShTha-shAstram/Ananda-bodhendra-TIkA/5_upashama-prakaraNam/08/
०८ 	 AryaH/hinduism/branches/mishram/prapancha-sAraH/08/
०८ 	 AryaH/hinduism/branches/shaivaH/trikam/abhinavagupta-mUlam/tantrAlokaH/jayaratha-TIkA/08/
०८ 	 AryaH/hinduism/branches/shaivaH/trikam/abhinavagupta-mUlam/tantrAlokaH/pariShkAryam/chaturvedi-rAdheshyAmaH/p3_08-10/08/
०८ 	 AryaH/hinduism/branches/shaivaH/trikam/abhinavagupta-mUlam/tantrAlokaH/pariShkAryam/paramahaMsa-mishraH/p3_08-09/08/
०८ 	 AryaH/hinduism/branches/shaivaH/trikam/mAlinI-vijayottara-tantram/srotaH/paramhaMsa-mishrAnuvAdaH/08/
०८ 	 AryaH/hinduism/branches/shaivaH/trikam/mAlinI-vijayottara-tantram/srotaH/viShnu-datta-Shastry-anuvAdaH/08/
०८ 	 AryaH/hinduism/branches/shaivaH/trikam/netra-tantram/08/
०८ अधिकारि-विभागाधिकारः 	 AryaH/hinduism/branches/vaiShNavaH/shrI-sampradAyaH/tattvam/venkaTanAthaH/rahasya-traya-sAraH/nsa-summary/1_arthAnushAsana-vibhAgaH/08_adhikAri-vibhAgAdhikAraH/
०८ अधिकारिविभागः 	 AryaH/hinduism/branches/vaiShNavaH/shrI-sampradAyaH/tattvam/venkaTanAthaH/rahasya-traya-sAraH/laxmIpura-shrInivAsa-sangrahaH/08_adhikArivibhAgaH/
०८ अधिकारिविभागाधिकारः 	 AryaH/hinduism/branches/vaiShNavaH/shrI-sampradAyaH/tattvam/venkaTanAthaH/rahasya-traya-sAraH/mUlam/08_adhikArivibhAgAdhikAraH/
०८ अधिकारिविभागाधिकारः 	 AryaH/hinduism/branches/vaiShNavaH/shrI-sampradAyaH/tattvam/venkaTanAthaH/rahasya-traya-sAraH/rAjagopAla-translation/1_arthAnushAsana-vibhAgaH/08_adhikArivibhAgAdhikAraH/
०८ अध्यायः 	 AryaH/hinduism/branches/vaiShNavaH/pAncharAtrAgamaH/pauShkara-saMhitA/08_adhyAyaH/
०८ अविभागाधिकरणम् 	 AryaH/hinduism/branches/brAhmaH/shAnakara-darshanam/brahma-sUtrANi/mUlam/4/2/08_avibhAgAdhikaraNam/
०८ आकाशाधिकरणम् 	 AryaH/hinduism/branches/brAhmaH/shAnakara-darshanam/brahma-sUtrANi/mUlam/1/1/08_AkAshAdhikaraNam/
०८ आत्मगृहीत्यधिकरणम् 	 AryaH/hinduism/branches/brAhmaH/shAnakara-darshanam/brahma-sUtrANi/mUlam/3/3/08_AtmagRhItyadhikaraNam/
०८ आप्रायणाधिकरणम् 	 AryaH/hinduism/branches/brAhmaH/shAnakara-darshanam/brahma-sUtrANi/mUlam/4/1/08_AprAyaNAdhikaraNam/
०८ आश्रमकर्माधिकरणम् 	 AryaH/hinduism/branches/brAhmaH/shAnakara-darshanam/brahma-sUtrANi/mUlam/3/4/08_AshramakarmAdhikaraNam/
०८ इन्द्रियाधिकरणम् 	 AryaH/hinduism/branches/brAhmaH/shAnakara-darshanam/brahma-sUtrANi/mUlam/2/4/08_indriyAdhikaraNam/
०८ उत्पत्त्यसम्भवाधिकरणम् 	 AryaH/hinduism/branches/brAhmaH/shAnakara-darshanam/brahma-sUtrANi/mUlam/2/2/08_utpattyasambhavAdhikaraNam/
०८ उपसंहारदर्शनाधिकरणम् 	 AryaH/hinduism/branches/brAhmaH/shAnakara-darshanam/brahma-sUtrANi/mUlam/2/1/08_upasaMhAradarshanAdhikaraNam/
०८ कुण्डविधिः 	 AryaH/hinduism/branches/vaiShNavaH/pAncharAtrAgamaH/aniruddha-saMhitA/08_kuNDavidhiH/
०८ कौल और क्रम मत 	 AryaH/meta/saMskRta-vANmaya-bRhad-itihAsa/11_tantrAgama/08_kaula_aura_krama_mata/
०८ जैन कर्म-सिद्धान्त के प्रमुख ग्रन्थ 	 AryaH/jainaH/meta/saMskRta-vANmaya-bRhad-itihAsa/08_jaina_karma-siddhAnta_ke_pramukha_grantha/
०८ तत्त्वस्वरूपप्रकाशनम् 	 AryaH/hinduism/branches/shaivaH/trikam/abhinavagupta-mUlam/tantrasAraH/mUlam/08/
०८ दीपपूजाविधिपटलः 	 AryaH/hinduism/branches/shaivaH/svAyambhuvAgamaH/03_uttarasvAyambhuve_prakIrNam/02_pratiShThAtantram/08_dIpapUjAvidhipaTalaH/
०८ देवताधिकरणम् 	 AryaH/hinduism/branches/brAhmaH/shAnakara-darshanam/brahma-sUtrANi/mUlam/1/3/08_devatAdhikaraNam/
०८ नित्यपूजाविधिप्रायश्चित्तविधिपटलः 	 AryaH/hinduism/branches/shaivaH/svAyambhuvAgamaH/03_uttarasvAyambhuve_prakIrNam/08_nityapUjAvidhiprAyashchittavidhipaTalaH/
०८ प्रारम्भिक प्रस्थान के ग्रन्थ 	 AryaH/hinduism/branches/brAhmaH/articles/saMskRta-vANmaya-bRhad-itihAsa_10_vedAnta/01_advaita_vedAnta/08_prArambhika_prasthAna_ke_grantha/
०८ फलाधिकरणम् 	 AryaH/hinduism/branches/brAhmaH/shAnakara-darshanam/brahma-sUtrANi/mUlam/3/2/08_phalAdhikaraNam/
०८ फाल्गुनमासपूजाविधिपटलः 	 AryaH/hinduism/branches/shaivaH/svAyambhuvAgamaH/04_prakIrNam/08_phAlgunamAsapUjAvidhipaTalaH/
०८ भगवद्गीता का आनन्दभाष्य 	 AryaH/hinduism/branches/brAhmaH/articles/saMskRta-vANmaya-bRhad-itihAsa_10_vedAnta/04_gItA_aura_yogavAsiShTha/01_bhagavadgItA/08_bhagavadgItA_kA_AnandabhAShya/
०८ मुद्राबन्धाख्यानम् 	 AryaH/hinduism/branches/vaiShNavaH/pAncharAtrAgamaH/jayAkhya-saMhitA/08_mudrAbandhAkhyAnam/
०८ मुद्रालक्षणप्रकाशः 	 AryaH/hinduism/branches/shaivaH/meru-tantram/08_mudrAlaxaNaprakAshaH/
०८ योगाचार दर्शन (विज्ञानवाद) 	 AryaH/bauddhaH/saMskRta-vANmaya-bRhad-itihAsa/08_yogAchAra_darshana_vijnAnavAda/
०८ विपर्ययाधिकरणम् 	 AryaH/hinduism/branches/brAhmaH/shAnakara-darshanam/brahma-sUtrANi/mUlam/2/3/08_viparyayAdhikaraNam/
०८ सर्वव्याख्यानाधिकरणम् 	 AryaH/hinduism/branches/brAhmaH/shAnakara-darshanam/brahma-sUtrANi/mUlam/1/4/08_sarvavyAkhyAnAdhikaraNam/
०८० 	 AryaH/hinduism/branches/brAhmaH/yoga-vAsiShTha-shAstram/Ananda-bodhendra-TIkA/3_utpattiprakaraNam/080/
०८० 	 AryaH/hinduism/branches/brAhmaH/yoga-vAsiShTha-shAstram/Ananda-bodhendra-TIkA/6_nirvANa-prakaraNam/1/080/
०८० 	 AryaH/hinduism/branches/brAhmaH/yoga-vAsiShTha-shAstram/Ananda-bodhendra-TIkA/6_nirvANa-prakaraNam/2/080/
०८१ 	 AryaH/hinduism/branches/brAhmaH/yoga-vAsiShTha-shAstram/Ananda-bodhendra-TIkA/3_utpattiprakaraNam/081/
०८१ 	 AryaH/hinduism/branches/brAhmaH/yoga-vAsiShTha-shAstram/Ananda-bodhendra-TIkA/6_nirvANa-prakaraNam/1/081/
०८१ 	 AryaH/hinduism/branches/brAhmaH/yoga-vAsiShTha-shAstram/Ananda-bodhendra-TIkA/6_nirvANa-prakaraNam/2/081/
०८२ 	 AryaH/hinduism/branches/brAhmaH/yoga-vAsiShTha-shAstram/Ananda-bodhendra-TIkA/3_utpattiprakaraNam/082/
०८२ 	 AryaH/hinduism/branches/brAhmaH/yoga-vAsiShTha-shAstram/Ananda-bodhendra-TIkA/6_nirvANa-prakaraNam/1/082/
०८२ 	 AryaH/hinduism/branches/brAhmaH/yoga-vAsiShTha-shAstram/Ananda-bodhendra-TIkA/6_nirvANa-prakaraNam/2/082/
०८३ 	 AryaH/hinduism/branches/brAhmaH/yoga-vAsiShTha-shAstram/Ananda-bodhendra-TIkA/3_utpattiprakaraNam/083/
०८३ 	 AryaH/hinduism/branches/brAhmaH/yoga-vAsiShTha-shAstram/Ananda-bodhendra-TIkA/6_nirvANa-prakaraNam/1/083/
०८३ 	 AryaH/hinduism/branches/brAhmaH/yoga-vAsiShTha-shAstram/Ananda-bodhendra-TIkA/6_nirvANa-prakaraNam/2/083/
०८४ 	 AryaH/hinduism/branches/brAhmaH/yoga-vAsiShTha-shAstram/Ananda-bodhendra-TIkA/3_utpattiprakaraNam/084/
०८४ 	 AryaH/hinduism/branches/brAhmaH/yoga-vAsiShTha-shAstram/Ananda-bodhendra-TIkA/6_nirvANa-prakaraNam/1/084/
०८४ 	 AryaH/hinduism/branches/brAhmaH/yoga-vAsiShTha-shAstram/Ananda-bodhendra-TIkA/6_nirvANa-prakaraNam/2/084/
०८५ 	 AryaH/hinduism/branches/brAhmaH/yoga-vAsiShTha-shAstram/Ananda-bodhendra-TIkA/3_utpattiprakaraNam/085/
०८५ 	 AryaH/hinduism/branches/brAhmaH/yoga-vAsiShTha-shAstram/Ananda-bodhendra-TIkA/6_nirvANa-prakaraNam/1/085/
०८५ 	 AryaH/hinduism/branches/brAhmaH/yoga-vAsiShTha-shAstram/Ananda-bodhendra-TIkA/6_nirvANa-prakaraNam/2/085/
०८६ 	 AryaH/hinduism/branches/brAhmaH/yoga-vAsiShTha-shAstram/Ananda-bodhendra-TIkA/3_utpattiprakaraNam/086/
०८६ 	 AryaH/hinduism/branches/brAhmaH/yoga-vAsiShTha-shAstram/Ananda-bodhendra-TIkA/6_nirvANa-prakaraNam/1/086/
०८६ 	 AryaH/hinduism/branches/brAhmaH/yoga-vAsiShTha-shAstram/Ananda-bodhendra-TIkA/6_nirvANa-prakaraNam/2/086/
०८७ 	 AryaH/hinduism/branches/brAhmaH/yoga-vAsiShTha-shAstram/Ananda-bodhendra-TIkA/3_utpattiprakaraNam/087/
०८७ 	 AryaH/hinduism/branches/brAhmaH/yoga-vAsiShTha-shAstram/Ananda-bodhendra-TIkA/6_nirvANa-prakaraNam/1/087/
०८७ 	 AryaH/hinduism/branches/brAhmaH/yoga-vAsiShTha-shAstram/Ananda-bodhendra-TIkA/6_nirvANa-prakaraNam/2/087/
०८८ 	 AryaH/hinduism/branches/brAhmaH/yoga-vAsiShTha-shAstram/Ananda-bodhendra-TIkA/3_utpattiprakaraNam/088/
०८८ 	 AryaH/hinduism/branches/brAhmaH/yoga-vAsiShTha-shAstram/Ananda-bodhendra-TIkA/6_nirvANa-prakaraNam/1/088/
०८८ 	 AryaH/hinduism/branches/brAhmaH/yoga-vAsiShTha-shAstram/Ananda-bodhendra-TIkA/6_nirvANa-prakaraNam/2/088/
०८९ 	 AryaH/hinduism/branches/brAhmaH/yoga-vAsiShTha-shAstram/Ananda-bodhendra-TIkA/3_utpattiprakaraNam/089/
०८९ 	 AryaH/hinduism/branches/brAhmaH/yoga-vAsiShTha-shAstram/Ananda-bodhendra-TIkA/6_nirvANa-prakaraNam/1/089/
०८९ 	 AryaH/hinduism/branches/brAhmaH/yoga-vAsiShTha-shAstram/Ananda-bodhendra-TIkA/6_nirvANa-prakaraNam/2/089/
०९ 	 AryaH/hinduism/branches/brAhmaH/yoga-vAsiShTha-shAstram/Ananda-bodhendra-TIkA/1_vairAgya-prakaraNam/09/
०९ 	 AryaH/hinduism/branches/brAhmaH/yoga-vAsiShTha-shAstram/Ananda-bodhendra-TIkA/2_mumuxu-vyavahAra-prakaraNam/09/
०९ 	 AryaH/hinduism/branches/brAhmaH/yoga-vAsiShTha-shAstram/Ananda-bodhendra-TIkA/4_sthiti-prakaraNam/09/
०९ 	 AryaH/hinduism/branches/brAhmaH/yoga-vAsiShTha-shAstram/Ananda-bodhendra-TIkA/5_upashama-prakaraNam/09/
०९ 	 AryaH/hinduism/branches/mishram/prapancha-sAraH/09/
०९ 	 AryaH/hinduism/branches/shaivaH/trikam/abhinavagupta-mUlam/tantrAlokaH/jayaratha-TIkA/09/
०९ 	 AryaH/hinduism/branches/shaivaH/trikam/abhinavagupta-mUlam/tantrAlokaH/pariShkAryam/chaturvedi-rAdheshyAmaH/p3_08-10/09/
०९ 	 AryaH/hinduism/branches/shaivaH/trikam/abhinavagupta-mUlam/tantrAlokaH/pariShkAryam/paramahaMsa-mishraH/p3_08-09/09/
०९ 	 AryaH/hinduism/branches/shaivaH/trikam/abhinavagupta-mUlam/tantrasAraH/mUlam/09/
०९ 	 AryaH/hinduism/branches/shaivaH/trikam/mAlinI-vijayottara-tantram/srotaH/paramhaMsa-mishrAnuvAdaH/09/
०९ 	 AryaH/hinduism/branches/shaivaH/trikam/mAlinI-vijayottara-tantram/srotaH/viShnu-datta-Shastry-anuvAdaH/09/
०९ 	 AryaH/hinduism/branches/shaivaH/trikam/netra-tantram/09/
०९ अध्यायः 	 AryaH/hinduism/branches/vaiShNavaH/pAncharAtrAgamaH/pauShkara-saMhitA/09_adhyAyaH/
०९ अन्तराविज्ञानाधिकरणम् 	 AryaH/hinduism/branches/brAhmaH/shAnakara-darshanam/brahma-sUtrANi/mUlam/2/3/09_antarAvijnAnAdhikaraNam/
०९ अपशूद्राधिकरणम् 	 AryaH/hinduism/branches/brAhmaH/shAnakara-darshanam/brahma-sUtrANi/mUlam/1/3/09_apashUdrAdhikaraNam/
०९ अभिषेकविधिः 	 AryaH/hinduism/branches/vaiShNavaH/pAncharAtrAgamaH/aniruddha-saMhitA/09_abhiShekavidhiH/
०९ उपायविभागः 	 AryaH/hinduism/branches/vaiShNavaH/shrI-sampradAyaH/tattvam/venkaTanAthaH/rahasya-traya-sAraH/laxmIpura-shrInivAsa-sangrahaH/09_upAyavibhAgaH/
०९ उपायविभागाधिकारः 	 AryaH/hinduism/branches/vaiShNavaH/shrI-sampradAyaH/tattvam/venkaTanAthaH/rahasya-traya-sAraH/mUlam/09_upAyavibhAgAdhikAraH/
०९ उपायविभागाधिकारः 	 AryaH/hinduism/branches/vaiShNavaH/shrI-sampradAyaH/tattvam/venkaTanAthaH/rahasya-traya-sAraH/nsa-summary/1_arthAnushAsana-vibhAgaH/09_upAyavibhAgAdhikAraH/
०९ उपायविभागाधिकारः 	 AryaH/hinduism/branches/vaiShNavaH/shrI-sampradAyaH/tattvam/venkaTanAthaH/rahasya-traya-sAraH/rAjagopAla-translation/1_arthAnushAsana-vibhAgaH/09_upAyavibhAgAdhikAraH/
०९ कार्याख्यानाधिकरणम् 	 AryaH/hinduism/branches/brAhmaH/shAnakara-darshanam/brahma-sUtrANi/mUlam/3/3/09_kAryAkhyAnAdhikaraNam/
०९ कृत्स्नप्रसक्त्यधिकरणम् 	 AryaH/hinduism/branches/brAhmaH/shAnakara-darshanam/brahma-sUtrANi/mUlam/2/1/09_kRtsnaprasaktyadhikaraNam/
०९ चैत्रमासपूजाविधिपटलः 	 AryaH/hinduism/branches/shaivaH/svAyambhuvAgamaH/04_prakIrNam/09_chaitramAsapUjAvidhipaTalaH/
०९ जैन आचार-मीमांसा 	 AryaH/jainaH/meta/saMskRta-vANmaya-bRhad-itihAsa/09_jaina_AchAra-mImAMsA/
०९ तदधिगमाधिकरणम् 	 AryaH/hinduism/branches/brAhmaH/shAnakara-darshanam/brahma-sUtrANi/mUlam/4/1/09_tadadhigamAdhikaraNam/
०९ तदोकोऽधिकरणम् 	 AryaH/hinduism/branches/brAhmaH/shAnakara-darshanam/brahma-sUtrANi/mUlam/4/2/09_tadoko-dhikaraNam/
०९ दस महाविद्या एवं स्मार्ततन्त्र परम्परा 	 AryaH/meta/saMskRta-vANmaya-bRhad-itihAsa/11_tantrAgama/09_dasa_mahAvidyA_evaM_smArtatantra_paramparA/
०९ नित्यपूजाविधिपटलः 	 AryaH/hinduism/branches/shaivaH/svAyambhuvAgamaH/03_uttarasvAyambhuve_prakIrNam/09_nityapUjAvidhipaTalaH/
०९ पार्थिव-पूजाविधिः 	 AryaH/hinduism/branches/shaivaH/meru-tantram/09_pArthiva-pUjAvidhiH/
०९ प्राणाधिकरणम् 	 AryaH/hinduism/branches/brAhmaH/shAnakara-darshanam/brahma-sUtrANi/mUlam/1/1/09_prANAdhikaraNam/
०९ बच्चा झा (नैयायिक) का गूढार्थतत्त्वालोक 	 AryaH/hinduism/branches/brAhmaH/articles/saMskRta-vANmaya-bRhad-itihAsa_10_vedAnta/04_gItA_aura_yogavAsiShTha/01_bhagavadgItA/09_bachchA_jhA_naiyAyika_kA_gUDhArthatattvAloka/
०९ महाहविः-पटलः 	 AryaH/hinduism/branches/shaivaH/svAyambhuvAgamaH/03_uttarasvAyambhuve_prakIrNam/02_pratiShThAtantram/09_mahAhaviH-paTalaH/
०९ माध्यमिक दर्शन (शून्यवाद) 	 AryaH/bauddhaH/saMskRta-vANmaya-bRhad-itihAsa/09_mAdhyamika_darshana_shUnyavAda/
०९ विधुराधिकरणम् 	 AryaH/hinduism/branches/brAhmaH/shAnakara-darshanam/brahma-sUtrANi/mUlam/3/4/09_vidhurAdhikaraNam/
०९ संज्ञामूर्तिकॢप्त्यधिकरणम् 	 AryaH/hinduism/branches/brAhmaH/shAnakara-darshanam/brahma-sUtrANi/mUlam/2/4/09_saMjnAmUrtikLLiptyadhikaraNam/
०९ स्नानविधिः 	 AryaH/hinduism/branches/vaiShNavaH/pAncharAtrAgamaH/jayAkhya-saMhitA/09_snAnavidhiH/
०९० 	 AryaH/hinduism/branches/brAhmaH/yoga-vAsiShTha-shAstram/Ananda-bodhendra-TIkA/3_utpattiprakaraNam/090/
०९० 	 AryaH/hinduism/branches/brAhmaH/yoga-vAsiShTha-shAstram/Ananda-bodhendra-TIkA/6_nirvANa-prakaraNam/1/090/
०९० 	 AryaH/hinduism/branches/brAhmaH/yoga-vAsiShTha-shAstram/Ananda-bodhendra-TIkA/6_nirvANa-prakaraNam/2/090/
०९१ 	 AryaH/hinduism/branches/brAhmaH/yoga-vAsiShTha-shAstram/Ananda-bodhendra-TIkA/3_utpattiprakaraNam/091/
०९१ 	 AryaH/hinduism/branches/brAhmaH/yoga-vAsiShTha-shAstram/Ananda-bodhendra-TIkA/6_nirvANa-prakaraNam/1/091/
०९१ 	 AryaH/hinduism/branches/brAhmaH/yoga-vAsiShTha-shAstram/Ananda-bodhendra-TIkA/6_nirvANa-prakaraNam/2/091/
०९२ 	 AryaH/hinduism/branches/brAhmaH/yoga-vAsiShTha-shAstram/Ananda-bodhendra-TIkA/3_utpattiprakaraNam/092/
०९२ 	 AryaH/hinduism/branches/brAhmaH/yoga-vAsiShTha-shAstram/Ananda-bodhendra-TIkA/6_nirvANa-prakaraNam/1/092/
०९२ 	 AryaH/hinduism/branches/brAhmaH/yoga-vAsiShTha-shAstram/Ananda-bodhendra-TIkA/6_nirvANa-prakaraNam/2/092/
०९३ 	 AryaH/hinduism/branches/brAhmaH/yoga-vAsiShTha-shAstram/Ananda-bodhendra-TIkA/3_utpattiprakaraNam/093/
०९३ 	 AryaH/hinduism/branches/brAhmaH/yoga-vAsiShTha-shAstram/Ananda-bodhendra-TIkA/6_nirvANa-prakaraNam/1/093/
०९३ 	 AryaH/hinduism/branches/brAhmaH/yoga-vAsiShTha-shAstram/Ananda-bodhendra-TIkA/6_nirvANa-prakaraNam/2/093/
०९४ 	 AryaH/hinduism/branches/brAhmaH/yoga-vAsiShTha-shAstram/Ananda-bodhendra-TIkA/3_utpattiprakaraNam/094/
०९४ 	 AryaH/hinduism/branches/brAhmaH/yoga-vAsiShTha-shAstram/Ananda-bodhendra-TIkA/6_nirvANa-prakaraNam/1/094/
०९४ 	 AryaH/hinduism/branches/brAhmaH/yoga-vAsiShTha-shAstram/Ananda-bodhendra-TIkA/6_nirvANa-prakaraNam/2/094/
०९५ 	 AryaH/hinduism/branches/brAhmaH/yoga-vAsiShTha-shAstram/Ananda-bodhendra-TIkA/3_utpattiprakaraNam/095/
०९५ 	 AryaH/hinduism/branches/brAhmaH/yoga-vAsiShTha-shAstram/Ananda-bodhendra-TIkA/6_nirvANa-prakaraNam/1/095/
०९५ 	 AryaH/hinduism/branches/brAhmaH/yoga-vAsiShTha-shAstram/Ananda-bodhendra-TIkA/6_nirvANa-prakaraNam/2/095/
०९६ 	 AryaH/hinduism/branches/brAhmaH/yoga-vAsiShTha-shAstram/Ananda-bodhendra-TIkA/3_utpattiprakaraNam/096/
०९६ 	 AryaH/hinduism/branches/brAhmaH/yoga-vAsiShTha-shAstram/Ananda-bodhendra-TIkA/6_nirvANa-prakaraNam/1/096/
०९६ 	 AryaH/hinduism/branches/brAhmaH/yoga-vAsiShTha-shAstram/Ananda-bodhendra-TIkA/6_nirvANa-prakaraNam/2/096/
०९७ 	 AryaH/hinduism/branches/brAhmaH/yoga-vAsiShTha-shAstram/Ananda-bodhendra-TIkA/3_utpattiprakaraNam/097/
०९७ 	 AryaH/hinduism/branches/brAhmaH/yoga-vAsiShTha-shAstram/Ananda-bodhendra-TIkA/6_nirvANa-prakaraNam/1/097/
०९७ 	 AryaH/hinduism/branches/brAhmaH/yoga-vAsiShTha-shAstram/Ananda-bodhendra-TIkA/6_nirvANa-prakaraNam/2/097/
०९८ 	 AryaH/hinduism/branches/brAhmaH/yoga-vAsiShTha-shAstram/Ananda-bodhendra-TIkA/3_utpattiprakaraNam/098/
०९८ 	 AryaH/hinduism/branches/brAhmaH/yoga-vAsiShTha-shAstram/Ananda-bodhendra-TIkA/6_nirvANa-prakaraNam/1/098/
०९८ 	 AryaH/hinduism/branches/brAhmaH/yoga-vAsiShTha-shAstram/Ananda-bodhendra-TIkA/6_nirvANa-prakaraNam/2/098/
०९९ 	 AryaH/hinduism/branches/brAhmaH/yoga-vAsiShTha-shAstram/Ananda-bodhendra-TIkA/3_utpattiprakaraNam/099/
०९९ 	 AryaH/hinduism/branches/brAhmaH/yoga-vAsiShTha-shAstram/Ananda-bodhendra-TIkA/6_nirvANa-prakaraNam/1/099/
०९९ 	 AryaH/hinduism/branches/brAhmaH/yoga-vAsiShTha-shAstram/Ananda-bodhendra-TIkA/6_nirvANa-prakaraNam/2/099/
१ 	 AryaH/hinduism/branches/nyAya-vaisheShike/vishiShTAdvaiti-granthAH/nyAya-parishuddhiH_vedAnta-deshikaH/01_pratyaxAdhyAyaH/1/
१ 	 AryaH/hinduism/branches/nyAya-vaisheShike/vishiShTAdvaiti-granthAH/nyAya-parishuddhiH_vedAnta-deshikaH/03_shabdAdhyAyaH/1/
१ 	 AryaH/hinduism/branches/nyAya-vaisheShike/vishiShTAdvaiti-granthAH/nyAya-parishuddhiH_vedAnta-deshikaH/04_smRty-adhyAyaH/1/
१ 	 AryaH/hinduism/branches/nyAya-vaisheShike/vishiShTAdvaiti-granthAH/nyAya-parishuddhiH_vedAnta-deshikaH/05_prameyAdhyAyaH/1/
१ 	 AryaH/hinduism/branches/shaivaH/shiva-sUtrANi/kShemarAja-vimarshinI/1/
१ 	 AryaH/hinduism/branches/shaivaH/shiva-sUtrANi/mUlam/1/
१ 	 AryaH/hinduism/branches/shaivaH/shiva-sUtrANi/vasugupta-vArttikam/1/
१ 	 AryaH/hinduism/branches/shaivaH/shiva-sUtrANi/viShaya-sangrahaH/1/
१ 	 AryaH/hinduism/branches/shaivaH/trikam/somAnanda-shivadRShTiH/1/
१ ज्ञानाधिकारः 	 AryaH/hinduism/branches/shaivaH/trikam/Ishvara-pratyabhiJNA-kArikA/vimarshinI-vyAkhyA/1_jnAnAdhikAraH/
१ ज्ञानाधिकारः 	 AryaH/hinduism/branches/shaivaH/trikam/Ishvara-pratyabhiJNA-kArikA/vimarshinI/1_jnAnAdhikAraH/
१ ज्ञानाधिकारः 	 AryaH/hinduism/branches/shaivaH/trikam/Ishvara-pratyabhiJNA-kArikA/vRttiH/1_jnAnAdhikAraH/
१ विषयावतरणम् 	 AryaH/hinduism/branches/brAhmaH/shAnakara-darshanam/sachchidAnandendraH/mUlAvidyA-nirAsaH/1_viShayAvataraNam/
१० 	 AryaH/hinduism/branches/brAhmaH/yoga-vAsiShTha-shAstram/Ananda-bodhendra-TIkA/1_vairAgya-prakaraNam/10/
१० 	 AryaH/hinduism/branches/brAhmaH/yoga-vAsiShTha-shAstram/Ananda-bodhendra-TIkA/2_mumuxu-vyavahAra-prakaraNam/10/
१० 	 AryaH/hinduism/branches/brAhmaH/yoga-vAsiShTha-shAstram/Ananda-bodhendra-TIkA/4_sthiti-prakaraNam/10/
१० 	 AryaH/hinduism/branches/brAhmaH/yoga-vAsiShTha-shAstram/Ananda-bodhendra-TIkA/5_upashama-prakaraNam/10/
१० 	 AryaH/hinduism/branches/mishram/prapancha-sAraH/10/
१० 	 AryaH/hinduism/branches/shaivaH/trikam/abhinavagupta-mUlam/tantrAlokaH/jayaratha-TIkA/10/
१० 	 AryaH/hinduism/branches/shaivaH/trikam/abhinavagupta-mUlam/tantrAlokaH/pariShkAryam/chaturvedi-rAdheshyAmaH/p3_08-10/10/
१० 	 AryaH/hinduism/branches/shaivaH/trikam/abhinavagupta-mUlam/tantrAlokaH/pariShkAryam/paramahaMsa-mishraH/p4_10-13/10/
१० 	 AryaH/hinduism/branches/shaivaH/trikam/abhinavagupta-mUlam/tantrasAraH/mUlam/10/
१० 	 AryaH/hinduism/branches/shaivaH/trikam/mAlinI-vijayottara-tantram/srotaH/paramhaMsa-mishrAnuvAdaH/10/
१० 	 AryaH/hinduism/branches/shaivaH/trikam/mAlinI-vijayottara-tantram/srotaH/viShnu-datta-Shastry-anuvAdaH/10/
१० 	 AryaH/hinduism/branches/shaivaH/trikam/netra-tantram/10/
१० अध्यायः 	 AryaH/hinduism/branches/vaiShNavaH/pAncharAtrAgamaH/pauShkara-saMhitA/10_adhyAyaH/
१० इतरासंश्लेषाधिकरणम् 	 AryaH/hinduism/branches/brAhmaH/shAnakara-darshanam/brahma-sUtrANi/mUlam/4/1/10_itarAsaMshleShAdhikaraNam/
१० कम्पनाधिकरणम् 	 AryaH/hinduism/branches/brAhmaH/shAnakara-darshanam/brahma-sUtrANi/mUlam/1/3/10_kampanAdhikaraNam/
१० गीता के काश्मीरीय भाष्य 	 AryaH/hinduism/branches/brAhmaH/articles/saMskRta-vANmaya-bRhad-itihAsa_10_vedAnta/04_gItA_aura_yogavAsiShTha/01_bhagavadgItA/10_gItA_ke_kAshmIrIya_bhAShya/
१० चराचरव्यपाश्रयाधिकरणम् 	 AryaH/hinduism/branches/brAhmaH/shAnakara-darshanam/brahma-sUtrANi/mUlam/2/3/10_charAcharavyapAshrayAdhikaraNam/
१० जैन पुराण साहित्य 	 AryaH/jainaH/meta/saMskRta-vANmaya-bRhad-itihAsa/10_jaina_purANa_sAhitya/
१० ज्योतिश्चरणाधिकरणम् 	 AryaH/hinduism/branches/brAhmaH/shAnakara-darshanam/brahma-sUtrANi/mUlam/1/1/10_jyotishcharaNAdhikaraNam/
१० तद्भूताधिकरणम् 	 AryaH/hinduism/branches/brAhmaH/shAnakara-darshanam/brahma-sUtrANi/mUlam/3/4/10_tadbhUtAdhikaraNam/
१० पुरश्चर्याकौलिकाचार-प्रकाशः 	 AryaH/hinduism/branches/shaivaH/meru-tantram/10_purashcharyAkaulikAchAra-prakAshaH/
१० प्रपत्ति-योग्याधिकारः 	 AryaH/hinduism/branches/vaiShNavaH/shrI-sampradAyaH/tattvam/venkaTanAthaH/rahasya-traya-sAraH/nsa-summary/1_arthAnushAsana-vibhAgaH/10_prapatti-yogyAdhikAraH/
१० प्रपत्तियोग्यः 	 AryaH/hinduism/branches/vaiShNavaH/shrI-sampradAyaH/tattvam/venkaTanAthaH/rahasya-traya-sAraH/laxmIpura-shrInivAsa-sangrahaH/10_prapattiyogyaH/
१० प्रपत्तियोग्याधिकारः 	 AryaH/hinduism/branches/vaiShNavaH/shrI-sampradAyaH/tattvam/venkaTanAthaH/rahasya-traya-sAraH/mUlam/10_prapattiyogyAdhikAraH/
१० प्रपत्तियोग्याधिकारः 	 AryaH/hinduism/branches/vaiShNavaH/shrI-sampradAyaH/tattvam/venkaTanAthaH/rahasya-traya-sAraH/rAjagopAla-translation/1_arthAnushAsana-vibhAgaH/10_prapattiyogyAdhikAraH/
१० बौद्ध तन्त्रवाङ्मय का इतिहास 	 AryaH/meta/saMskRta-vANmaya-bRhad-itihAsa/11_tantrAgama/10_bauddha_tantravA~Nmaya_kA_itihAsa/
१० महायान साहित्य 	 AryaH/bauddhaH/saMskRta-vANmaya-bRhad-itihAsa/10_mahAyAna_sAhitya/
१० रश्म्यधिकरणम् 	 AryaH/hinduism/branches/brAhmaH/shAnakara-darshanam/brahma-sUtrANi/mUlam/4/2/10_rashmyadhikaraNam/
१० राजलक्षणम् 	 AryaH/hinduism/branches/vaiShNavaH/pAncharAtrAgamaH/aniruddha-saMhitA/10_rAjalaxaNam/
१० वैशाखपूजाविधिपटलः 	 AryaH/hinduism/branches/shaivaH/svAyambhuvAgamaH/04_prakIrNam/10_vaishAkhapUjAvidhipaTalaH/
१० व्योमव्यापि-मन्त्रार्थः 	 AryaH/hinduism/branches/shaivaH/rauravAgamaH/01_vidyApAdaH/10_mantrArthavarNanam/
१० समाधिख्यापनम् 	 AryaH/hinduism/branches/vaiShNavaH/pAncharAtrAgamaH/jayAkhya-saMhitA/10_samAdhikhyApanam/
१० समानाधिकरणम् 	 AryaH/hinduism/branches/brAhmaH/shAnakara-darshanam/brahma-sUtrANi/mUlam/3/3/10_samAnAdhikaraNam/
१० सर्वोपेताधिकरणम् 	 AryaH/hinduism/branches/brAhmaH/shAnakara-darshanam/brahma-sUtrANi/mUlam/2/1/10_sarvopetAdhikaraNam/
१०० 	 AryaH/hinduism/branches/brAhmaH/yoga-vAsiShTha-shAstram/Ananda-bodhendra-TIkA/3_utpattiprakaraNam/100/
१०० 	 AryaH/hinduism/branches/brAhmaH/yoga-vAsiShTha-shAstram/Ananda-bodhendra-TIkA/6_nirvANa-prakaraNam/1/100/
१०० 	 AryaH/hinduism/branches/brAhmaH/yoga-vAsiShTha-shAstram/Ananda-bodhendra-TIkA/6_nirvANa-prakaraNam/2/100/
१०१ 	 AryaH/hinduism/branches/brAhmaH/yoga-vAsiShTha-shAstram/Ananda-bodhendra-TIkA/3_utpattiprakaraNam/101/
१०१ 	 AryaH/hinduism/branches/brAhmaH/yoga-vAsiShTha-shAstram/Ananda-bodhendra-TIkA/6_nirvANa-prakaraNam/1/101/
१०१ 	 AryaH/hinduism/branches/brAhmaH/yoga-vAsiShTha-shAstram/Ananda-bodhendra-TIkA/6_nirvANa-prakaraNam/2/101/
१०२ 	 AryaH/hinduism/branches/brAhmaH/yoga-vAsiShTha-shAstram/Ananda-bodhendra-TIkA/3_utpattiprakaraNam/102/
१०२ 	 AryaH/hinduism/branches/brAhmaH/yoga-vAsiShTha-shAstram/Ananda-bodhendra-TIkA/6_nirvANa-prakaraNam/1/102/
१०२ 	 AryaH/hinduism/branches/brAhmaH/yoga-vAsiShTha-shAstram/Ananda-bodhendra-TIkA/6_nirvANa-prakaraNam/2/102/
१०३ 	 AryaH/hinduism/branches/brAhmaH/yoga-vAsiShTha-shAstram/Ananda-bodhendra-TIkA/3_utpattiprakaraNam/103/
१०३ 	 AryaH/hinduism/branches/brAhmaH/yoga-vAsiShTha-shAstram/Ananda-bodhendra-TIkA/6_nirvANa-prakaraNam/1/103/
१०३ 	 AryaH/hinduism/branches/brAhmaH/yoga-vAsiShTha-shAstram/Ananda-bodhendra-TIkA/6_nirvANa-prakaraNam/2/103/
१०४ 	 AryaH/hinduism/branches/brAhmaH/yoga-vAsiShTha-shAstram/Ananda-bodhendra-TIkA/3_utpattiprakaraNam/104/
१०४ 	 AryaH/hinduism/branches/brAhmaH/yoga-vAsiShTha-shAstram/Ananda-bodhendra-TIkA/6_nirvANa-prakaraNam/1/104/
१०४ 	 AryaH/hinduism/branches/brAhmaH/yoga-vAsiShTha-shAstram/Ananda-bodhendra-TIkA/6_nirvANa-prakaraNam/2/104/
१०५ 	 AryaH/hinduism/branches/brAhmaH/yoga-vAsiShTha-shAstram/Ananda-bodhendra-TIkA/3_utpattiprakaraNam/105/
१०५ 	 AryaH/hinduism/branches/brAhmaH/yoga-vAsiShTha-shAstram/Ananda-bodhendra-TIkA/6_nirvANa-prakaraNam/1/105/
१०५ 	 AryaH/hinduism/branches/brAhmaH/yoga-vAsiShTha-shAstram/Ananda-bodhendra-TIkA/6_nirvANa-prakaraNam/2/105/
१०६ 	 AryaH/hinduism/branches/brAhmaH/yoga-vAsiShTha-shAstram/Ananda-bodhendra-TIkA/3_utpattiprakaraNam/106/
१०६ 	 AryaH/hinduism/branches/brAhmaH/yoga-vAsiShTha-shAstram/Ananda-bodhendra-TIkA/6_nirvANa-prakaraNam/1/106/
१०६ 	 AryaH/hinduism/branches/brAhmaH/yoga-vAsiShTha-shAstram/Ananda-bodhendra-TIkA/6_nirvANa-prakaraNam/2/106/
१०७ 	 AryaH/hinduism/branches/brAhmaH/yoga-vAsiShTha-shAstram/Ananda-bodhendra-TIkA/3_utpattiprakaraNam/107/
१०७ 	 AryaH/hinduism/branches/brAhmaH/yoga-vAsiShTha-shAstram/Ananda-bodhendra-TIkA/6_nirvANa-prakaraNam/1/107/
१०७ 	 AryaH/hinduism/branches/brAhmaH/yoga-vAsiShTha-shAstram/Ananda-bodhendra-TIkA/6_nirvANa-prakaraNam/2/107/
१०८ 	 AryaH/hinduism/branches/brAhmaH/yoga-vAsiShTha-shAstram/Ananda-bodhendra-TIkA/3_utpattiprakaraNam/108/
१०८ 	 AryaH/hinduism/branches/brAhmaH/yoga-vAsiShTha-shAstram/Ananda-bodhendra-TIkA/6_nirvANa-prakaraNam/1/108/
१०८ 	 AryaH/hinduism/branches/brAhmaH/yoga-vAsiShTha-shAstram/Ananda-bodhendra-TIkA/6_nirvANa-prakaraNam/2/108/
१०९ 	 AryaH/hinduism/branches/brAhmaH/yoga-vAsiShTha-shAstram/Ananda-bodhendra-TIkA/3_utpattiprakaraNam/109/
१०९ 	 AryaH/hinduism/branches/brAhmaH/yoga-vAsiShTha-shAstram/Ananda-bodhendra-TIkA/6_nirvANa-prakaraNam/2/109/
११ 	 AryaH/hinduism/branches/brAhmaH/yoga-vAsiShTha-shAstram/Ananda-bodhendra-TIkA/1_vairAgya-prakaraNam/11/
११ 	 AryaH/hinduism/branches/brAhmaH/yoga-vAsiShTha-shAstram/Ananda-bodhendra-TIkA/2_mumuxu-vyavahAra-prakaraNam/11/
११ 	 AryaH/hinduism/branches/brAhmaH/yoga-vAsiShTha-shAstram/Ananda-bodhendra-TIkA/4_sthiti-prakaraNam/11/
११ 	 AryaH/hinduism/branches/brAhmaH/yoga-vAsiShTha-shAstram/Ananda-bodhendra-TIkA/5_upashama-prakaraNam/11/
११ 	 AryaH/hinduism/branches/mishram/prapancha-sAraH/11/
११ 	 AryaH/hinduism/branches/shaivaH/trikam/abhinavagupta-mUlam/tantrAlokaH/jayaratha-TIkA/11/
११ 	 AryaH/hinduism/branches/shaivaH/trikam/abhinavagupta-mUlam/tantrAlokaH/pariShkAryam/chaturvedi-rAdheshyAmaH/p4_11-20/11/
११ 	 AryaH/hinduism/branches/shaivaH/trikam/abhinavagupta-mUlam/tantrAlokaH/pariShkAryam/paramahaMsa-mishraH/p4_10-13/11/
११ 	 AryaH/hinduism/branches/shaivaH/trikam/abhinavagupta-mUlam/tantrasAraH/mUlam/11/
११ 	 AryaH/hinduism/branches/shaivaH/trikam/mAlinI-vijayottara-tantram/srotaH/paramhaMsa-mishrAnuvAdaH/11/
११ 	 AryaH/hinduism/branches/shaivaH/trikam/mAlinI-vijayottara-tantram/srotaH/viShnu-datta-Shastry-anuvAdaH/11/
११ 	 AryaH/hinduism/branches/shaivaH/trikam/netra-tantram/11/
११ अध्यायः 	 AryaH/hinduism/branches/vaiShNavaH/pAncharAtrAgamaH/pauShkara-saMhitA/11_adhyAyaH/
११ अनारब्धाधिकरणम् 	 AryaH/hinduism/branches/brAhmaH/shAnakara-darshanam/brahma-sUtrANi/mUlam/4/1/11_anArabdhAdhikaraNam/
११ आत्माधिकरणम् 	 AryaH/hinduism/branches/brAhmaH/shAnakara-darshanam/brahma-sUtrANi/mUlam/2/3/11_AtmAdhikaraNam/
११ आधिकारिकाधिकरणम् 	 AryaH/hinduism/branches/brAhmaH/shAnakara-darshanam/brahma-sUtrANi/mUlam/3/4/11_AdhikArikAdhikaraNam/
११ कलिसंस्थितसविधि-मन्त्रकथनं 	 AryaH/hinduism/branches/shaivaH/meru-tantram/11_kalisaMsthitasavidhi-mantrakathanaM/
११ ग्रामादिनिर्माणम् 	 AryaH/hinduism/branches/vaiShNavaH/pAncharAtrAgamaH/aniruddha-saMhitA/11_grAmAdinirmANam/
११ जैनतन्त्र और साहित्य-सम्पदा 	 AryaH/meta/saMskRta-vANmaya-bRhad-itihAsa/11_tantrAgama/11_jainatantra_aura_sAhitya-sampadA/
११ ज्येष्ठमासपूजाविधिपटलः 	 AryaH/hinduism/branches/shaivaH/svAyambhuvAgamaH/04_prakIrNam/11_jyeShThamAsapUjAvidhipaTalaH/
११ ज्योतिरधिकरणम् 	 AryaH/hinduism/branches/brAhmaH/shAnakara-darshanam/brahma-sUtrANi/mUlam/1/3/11_jyotiradhikaraNam/
११ दक्षिणायनाधिकरणम् 	 AryaH/hinduism/branches/brAhmaH/shAnakara-darshanam/brahma-sUtrANi/mUlam/4/2/11_daxiNAyanAdhikaraNam/
११ परिकर-विभागाधिकारः 	 AryaH/hinduism/branches/vaiShNavaH/shrI-sampradAyaH/tattvam/venkaTanAthaH/rahasya-traya-sAraH/nsa-summary/1_arthAnushAsana-vibhAgaH/11_parikara-vibhAgAdhikAraH/
११ परिकरविभागाधिकारः 	 AryaH/hinduism/branches/vaiShNavaH/shrI-sampradAyaH/tattvam/venkaTanAthaH/rahasya-traya-sAraH/mUlam/11_parikaravibhAgAdhikAraH/
११ परिकरविभागाधिकारः 	 AryaH/hinduism/branches/vaiShNavaH/shrI-sampradAyaH/tattvam/venkaTanAthaH/rahasya-traya-sAraH/rAjagopAla-translation/1_arthAnushAsana-vibhAgaH/11_parikaravibhAgAdhikAraH/
११ परिकरविशेषः 	 AryaH/hinduism/branches/vaiShNavaH/shrI-sampradAyaH/tattvam/venkaTanAthaH/rahasya-traya-sAraH/laxmIpura-shrInivAsa-sangrahaH/11_parikaravisheShaH/
११ प्रतर्दनाधिकरणम् 	 AryaH/hinduism/branches/brAhmaH/shAnakara-darshanam/brahma-sUtrANi/mUlam/1/1/11_pratardanAdhikaraNam/
११ प्रयोजनवत्त्वाधिकरणम् 	 AryaH/hinduism/branches/brAhmaH/shAnakara-darshanam/brahma-sUtrANi/mUlam/2/1/11_prayojanavattvAdhikaraNam/
११ मन्त्र-न्यास-विधिः 	 AryaH/hinduism/branches/vaiShNavaH/pAncharAtrAgamaH/jayAkhya-saMhitA/11_mantra-nyAsa-vidhiH/
११ महायान के प्रमुख आचार्य 	 AryaH/bauddhaH/saMskRta-vANmaya-bRhad-itihAsa/11_mahAyAna_ke_pramukha_AchArya/
११ सम्बन्धाधिकरणम् 	 AryaH/hinduism/branches/brAhmaH/shAnakara-darshanam/brahma-sUtrANi/mUlam/3/3/11_sambandhAdhikaraNam/
११० 	 AryaH/hinduism/branches/brAhmaH/yoga-vAsiShTha-shAstram/Ananda-bodhendra-TIkA/3_utpattiprakaraNam/110/
११० 	 AryaH/hinduism/branches/brAhmaH/yoga-vAsiShTha-shAstram/Ananda-bodhendra-TIkA/6_nirvANa-prakaraNam/1/110/
११० 	 AryaH/hinduism/branches/brAhmaH/yoga-vAsiShTha-shAstram/Ananda-bodhendra-TIkA/6_nirvANa-prakaraNam/2/110/
१११ 	 AryaH/hinduism/branches/brAhmaH/yoga-vAsiShTha-shAstram/Ananda-bodhendra-TIkA/3_utpattiprakaraNam/111/
१११ 	 AryaH/hinduism/branches/brAhmaH/yoga-vAsiShTha-shAstram/Ananda-bodhendra-TIkA/6_nirvANa-prakaraNam/1/111/
१११ 	 AryaH/hinduism/branches/brAhmaH/yoga-vAsiShTha-shAstram/Ananda-bodhendra-TIkA/6_nirvANa-prakaraNam/2/111/
११२ 	 AryaH/hinduism/branches/brAhmaH/yoga-vAsiShTha-shAstram/Ananda-bodhendra-TIkA/3_utpattiprakaraNam/112/
११२ 	 AryaH/hinduism/branches/brAhmaH/yoga-vAsiShTha-shAstram/Ananda-bodhendra-TIkA/6_nirvANa-prakaraNam/1/112/
११२ 	 AryaH/hinduism/branches/brAhmaH/yoga-vAsiShTha-shAstram/Ananda-bodhendra-TIkA/6_nirvANa-prakaraNam/2/112/
११३ 	 AryaH/hinduism/branches/brAhmaH/yoga-vAsiShTha-shAstram/Ananda-bodhendra-TIkA/3_utpattiprakaraNam/113/
११३ 	 AryaH/hinduism/branches/brAhmaH/yoga-vAsiShTha-shAstram/Ananda-bodhendra-TIkA/6_nirvANa-prakaraNam/1/113/
११३ 	 AryaH/hinduism/branches/brAhmaH/yoga-vAsiShTha-shAstram/Ananda-bodhendra-TIkA/6_nirvANa-prakaraNam/2/113/
११४ 	 AryaH/hinduism/branches/brAhmaH/yoga-vAsiShTha-shAstram/Ananda-bodhendra-TIkA/3_utpattiprakaraNam/114/
११४ 	 AryaH/hinduism/branches/brAhmaH/yoga-vAsiShTha-shAstram/Ananda-bodhendra-TIkA/6_nirvANa-prakaraNam/1/114/
११४ 	 AryaH/hinduism/branches/brAhmaH/yoga-vAsiShTha-shAstram/Ananda-bodhendra-TIkA/6_nirvANa-prakaraNam/2/114/
११५ 	 AryaH/hinduism/branches/brAhmaH/yoga-vAsiShTha-shAstram/Ananda-bodhendra-TIkA/3_utpattiprakaraNam/115/
११५ 	 AryaH/hinduism/branches/brAhmaH/yoga-vAsiShTha-shAstram/Ananda-bodhendra-TIkA/6_nirvANa-prakaraNam/1/115/
११५ 	 AryaH/hinduism/branches/brAhmaH/yoga-vAsiShTha-shAstram/Ananda-bodhendra-TIkA/6_nirvANa-prakaraNam/2/115/
११६ 	 AryaH/hinduism/branches/brAhmaH/yoga-vAsiShTha-shAstram/Ananda-bodhendra-TIkA/3_utpattiprakaraNam/116/
११६ 	 AryaH/hinduism/branches/brAhmaH/yoga-vAsiShTha-shAstram/Ananda-bodhendra-TIkA/6_nirvANa-prakaraNam/1/116/
११६ 	 AryaH/hinduism/branches/brAhmaH/yoga-vAsiShTha-shAstram/Ananda-bodhendra-TIkA/6_nirvANa-prakaraNam/2/116/
११७ 	 AryaH/hinduism/branches/brAhmaH/yoga-vAsiShTha-shAstram/Ananda-bodhendra-TIkA/3_utpattiprakaraNam/117/
११७ 	 AryaH/hinduism/branches/brAhmaH/yoga-vAsiShTha-shAstram/Ananda-bodhendra-TIkA/6_nirvANa-prakaraNam/1/117/
११७ 	 AryaH/hinduism/branches/brAhmaH/yoga-vAsiShTha-shAstram/Ananda-bodhendra-TIkA/6_nirvANa-prakaraNam/2/117/
११८ 	 AryaH/hinduism/branches/brAhmaH/yoga-vAsiShTha-shAstram/Ananda-bodhendra-TIkA/3_utpattiprakaraNam/118/
११८ 	 AryaH/hinduism/branches/brAhmaH/yoga-vAsiShTha-shAstram/Ananda-bodhendra-TIkA/6_nirvANa-prakaraNam/1/118/
११८ 	 AryaH/hinduism/branches/brAhmaH/yoga-vAsiShTha-shAstram/Ananda-bodhendra-TIkA/6_nirvANa-prakaraNam/2/118/
११९ 	 AryaH/hinduism/branches/brAhmaH/yoga-vAsiShTha-shAstram/Ananda-bodhendra-TIkA/3_utpattiprakaraNam/119/
११९ 	 AryaH/hinduism/branches/brAhmaH/yoga-vAsiShTha-shAstram/Ananda-bodhendra-TIkA/6_nirvANa-prakaraNam/1/119/
११९ 	 AryaH/hinduism/branches/brAhmaH/yoga-vAsiShTha-shAstram/Ananda-bodhendra-TIkA/6_nirvANa-prakaraNam/2/119/
१२ 	 AryaH/hinduism/branches/brAhmaH/yoga-vAsiShTha-shAstram/Ananda-bodhendra-TIkA/1_vairAgya-prakaraNam/12/
१२ 	 AryaH/hinduism/branches/brAhmaH/yoga-vAsiShTha-shAstram/Ananda-bodhendra-TIkA/2_mumuxu-vyavahAra-prakaraNam/12/
१२ 	 AryaH/hinduism/branches/brAhmaH/yoga-vAsiShTha-shAstram/Ananda-bodhendra-TIkA/4_sthiti-prakaraNam/12/
१२ 	 AryaH/hinduism/branches/brAhmaH/yoga-vAsiShTha-shAstram/Ananda-bodhendra-TIkA/5_upashama-prakaraNam/12/
१२ 	 AryaH/hinduism/branches/mishram/prapancha-sAraH/12/
१२ 	 AryaH/hinduism/branches/shaivaH/trikam/abhinavagupta-mUlam/tantrAlokaH/jayaratha-TIkA/12/
१२ 	 AryaH/hinduism/branches/shaivaH/trikam/abhinavagupta-mUlam/tantrAlokaH/pariShkAryam/chaturvedi-rAdheshyAmaH/p4_11-20/12/
१२ 	 AryaH/hinduism/branches/shaivaH/trikam/abhinavagupta-mUlam/tantrAlokaH/pariShkAryam/paramahaMsa-mishraH/p4_10-13/12/
१२ 	 AryaH/hinduism/branches/shaivaH/trikam/abhinavagupta-mUlam/tantrasAraH/mUlam/12/
१२ 	 AryaH/hinduism/branches/shaivaH/trikam/mAlinI-vijayottara-tantram/srotaH/paramhaMsa-mishrAnuvAdaH/12/
१२ 	 AryaH/hinduism/branches/shaivaH/trikam/mAlinI-vijayottara-tantram/srotaH/viShnu-datta-Shastry-anuvAdaH/12/
१२ 	 AryaH/hinduism/branches/shaivaH/trikam/netra-tantram/12/
१२ अग्निहोत्राद्यधिकरणम् 	 AryaH/hinduism/branches/brAhmaH/shAnakara-darshanam/brahma-sUtrANi/mUlam/4/1/12_agnihotrAdyadhikaraNam/
१२ अध्यायः 	 AryaH/hinduism/branches/vaiShNavaH/pAncharAtrAgamaH/pauShkara-saMhitA/12_adhyAyaH/
१२ अर्थान्तरत्वादिव्यपदेशाधिकरणम् 	 AryaH/hinduism/branches/brAhmaH/shAnakara-darshanam/brahma-sUtrANi/mUlam/1/3/12_arthAntaratvAdivyapadeshAdhikaraNam/
१२ आषाढपूजाविधिपटलः 	 AryaH/hinduism/branches/shaivaH/svAyambhuvAgamaH/04_prakIrNam/12_AShADhapUjAvidhipaTalaH/
१२ कलिप्रत्ययवेदमन्त्रप्रकाशः 	 AryaH/hinduism/branches/shaivaH/meru-tantram/12_kalipratyayavedamantraprakAshaH/
१२ ज्ञाधिकरणम् 	 AryaH/hinduism/branches/brAhmaH/shAnakara-darshanam/brahma-sUtrANi/mUlam/2/3/12_jnAdhikaraNam/
१२ परिशिष्ट 	 AryaH/bauddhaH/saMskRta-vANmaya-bRhad-itihAsa/12_parishiShTa/
१२ पुराणगत योग एवं तन्त्र 	 AryaH/meta/saMskRta-vANmaya-bRhad-itihAsa/11_tantrAgama/12_purANagata_yoga_evaM_tantra/
१२ बहिरधिकरणम् 	 AryaH/hinduism/branches/brAhmaH/shAnakara-darshanam/brahma-sUtrANi/mUlam/3/4/12_bahiradhikaraNam/
१२ बेरलक्षणम् 	 AryaH/hinduism/branches/vaiShNavaH/pAncharAtrAgamaH/aniruddha-saMhitA/12_beralaxaNam/
१२ मानस-यागाख्यानम् 	 AryaH/hinduism/branches/vaiShNavaH/pAncharAtrAgamaH/jayAkhya-saMhitA/12_mAnasa-yAgAkhyAnam/
१२ वैषम्यनैर्घृण्याधिकरणम् 	 AryaH/hinduism/branches/brAhmaH/shAnakara-darshanam/brahma-sUtrANi/mUlam/2/1/12_vaiShamyanairghRNyAdhikaraNam/
१२ सम्भृत्यधिकरणम् 	 AryaH/hinduism/branches/brAhmaH/shAnakara-darshanam/brahma-sUtrANi/mUlam/3/3/12_sambhRtyadhikaraNam/
१२ साङ्ग-प्रपदनाधिकारः 	 AryaH/hinduism/branches/vaiShNavaH/shrI-sampradAyaH/tattvam/venkaTanAthaH/rahasya-traya-sAraH/nsa-summary/1_arthAnushAsana-vibhAgaH/12_sAnga-prapadanAdhikAraH/
१२ साङ्ग-प्रपदनाधिकारः 	 AryaH/hinduism/branches/vaiShNavaH/shrI-sampradAyaH/tattvam/venkaTanAthaH/rahasya-traya-sAraH/rAjagopAla-translation/1_arthAnushAsana-vibhAgaH/12_sAnga-prapadanAdhikAraH/
१२ साङ्गं प्रपदनम् 	 AryaH/hinduism/branches/vaiShNavaH/shrI-sampradAyaH/tattvam/venkaTanAthaH/rahasya-traya-sAraH/laxmIpura-shrInivAsa-sangrahaH/12_sAngaM_prapadanam/
१२ साङ्गप्रपदनाधिकारः 	 AryaH/hinduism/branches/vaiShNavaH/shrI-sampradAyaH/tattvam/venkaTanAthaH/rahasya-traya-sAraH/mUlam/12_sAngaprapadanAdhikAraH/
१२० 	 AryaH/hinduism/branches/brAhmaH/yoga-vAsiShTha-shAstram/Ananda-bodhendra-TIkA/3_utpattiprakaraNam/120/
१२० 	 AryaH/hinduism/branches/brAhmaH/yoga-vAsiShTha-shAstram/Ananda-bodhendra-TIkA/6_nirvANa-prakaraNam/1/120/
१२० 	 AryaH/hinduism/branches/brAhmaH/yoga-vAsiShTha-shAstram/Ananda-bodhendra-TIkA/6_nirvANa-prakaraNam/2/120/
१२१ 	 AryaH/hinduism/branches/brAhmaH/yoga-vAsiShTha-shAstram/Ananda-bodhendra-TIkA/3_utpattiprakaraNam/121/
१२१ 	 AryaH/hinduism/branches/brAhmaH/yoga-vAsiShTha-shAstram/Ananda-bodhendra-TIkA/6_nirvANa-prakaraNam/1/121/
१२१ 	 AryaH/hinduism/branches/brAhmaH/yoga-vAsiShTha-shAstram/Ananda-bodhendra-TIkA/6_nirvANa-prakaraNam/2/121/
१२२ 	 AryaH/hinduism/branches/brAhmaH/yoga-vAsiShTha-shAstram/Ananda-bodhendra-TIkA/3_utpattiprakaraNam/122/
१२२ 	 AryaH/hinduism/branches/brAhmaH/yoga-vAsiShTha-shAstram/Ananda-bodhendra-TIkA/6_nirvANa-prakaraNam/1/122/
१२२ 	 AryaH/hinduism/branches/brAhmaH/yoga-vAsiShTha-shAstram/Ananda-bodhendra-TIkA/6_nirvANa-prakaraNam/2/122/
१२३ 	 AryaH/hinduism/branches/brAhmaH/yoga-vAsiShTha-shAstram/Ananda-bodhendra-TIkA/6_nirvANa-prakaraNam/2/123/
१२४ 	 AryaH/hinduism/branches/brAhmaH/yoga-vAsiShTha-shAstram/Ananda-bodhendra-TIkA/6_nirvANa-prakaraNam/1/124/
१२४ 	 AryaH/hinduism/branches/brAhmaH/yoga-vAsiShTha-shAstram/Ananda-bodhendra-TIkA/6_nirvANa-prakaraNam/2/124/
१२५ 	 AryaH/hinduism/branches/brAhmaH/yoga-vAsiShTha-shAstram/Ananda-bodhendra-TIkA/6_nirvANa-prakaraNam/1/125/
१२५ 	 AryaH/hinduism/branches/brAhmaH/yoga-vAsiShTha-shAstram/Ananda-bodhendra-TIkA/6_nirvANa-prakaraNam/2/125/
१२६ 	 AryaH/hinduism/branches/brAhmaH/yoga-vAsiShTha-shAstram/Ananda-bodhendra-TIkA/6_nirvANa-prakaraNam/1/126/
१२६ 	 AryaH/hinduism/branches/brAhmaH/yoga-vAsiShTha-shAstram/Ananda-bodhendra-TIkA/6_nirvANa-prakaraNam/2/126/
१२७ 	 AryaH/hinduism/branches/brAhmaH/yoga-vAsiShTha-shAstram/Ananda-bodhendra-TIkA/6_nirvANa-prakaraNam/1/127/
१२७ 	 AryaH/hinduism/branches/brAhmaH/yoga-vAsiShTha-shAstram/Ananda-bodhendra-TIkA/6_nirvANa-prakaraNam/2/127/
१२८ 	 AryaH/hinduism/branches/brAhmaH/yoga-vAsiShTha-shAstram/Ananda-bodhendra-TIkA/6_nirvANa-prakaraNam/1/128/
१२८ 	 AryaH/hinduism/branches/brAhmaH/yoga-vAsiShTha-shAstram/Ananda-bodhendra-TIkA/6_nirvANa-prakaraNam/2/128/
१२९ 	 AryaH/hinduism/branches/brAhmaH/yoga-vAsiShTha-shAstram/Ananda-bodhendra-TIkA/6_nirvANa-prakaraNam/2/129/
१३ 	 AryaH/hinduism/branches/brAhmaH/yoga-vAsiShTha-shAstram/Ananda-bodhendra-TIkA/1_vairAgya-prakaraNam/13/
१३ 	 AryaH/hinduism/branches/brAhmaH/yoga-vAsiShTha-shAstram/Ananda-bodhendra-TIkA/2_mumuxu-vyavahAra-prakaraNam/13/
१३ 	 AryaH/hinduism/branches/brAhmaH/yoga-vAsiShTha-shAstram/Ananda-bodhendra-TIkA/4_sthiti-prakaraNam/13/
१३ 	 AryaH/hinduism/branches/brAhmaH/yoga-vAsiShTha-shAstram/Ananda-bodhendra-TIkA/5_upashama-prakaraNam/13/
१३ 	 AryaH/hinduism/branches/mishram/prapancha-sAraH/13/
१३ 	 AryaH/hinduism/branches/shaivaH/trikam/abhinavagupta-mUlam/tantrAlokaH/jayaratha-TIkA/13/
१३ 	 AryaH/hinduism/branches/shaivaH/trikam/abhinavagupta-mUlam/tantrAlokaH/pariShkAryam/chaturvedi-rAdheshyAmaH/p4_11-20/13/
१३ 	 AryaH/hinduism/branches/shaivaH/trikam/abhinavagupta-mUlam/tantrAlokaH/pariShkAryam/paramahaMsa-mishraH/p4_10-13/13/
१३ 	 AryaH/hinduism/branches/shaivaH/trikam/abhinavagupta-mUlam/tantrasAraH/mUlam/13/
१३ 	 AryaH/hinduism/branches/shaivaH/trikam/mAlinI-vijayottara-tantram/srotaH/paramhaMsa-mishrAnuvAdaH/13/
१३ 	 AryaH/hinduism/branches/shaivaH/trikam/mAlinI-vijayottara-tantram/srotaH/viShnu-datta-Shastry-anuvAdaH/13/
१३ 	 AryaH/hinduism/branches/shaivaH/trikam/netra-tantram/13/
१३ अङ्कुरार्पणम् 	 AryaH/hinduism/branches/vaiShNavaH/pAncharAtrAgamaH/aniruddha-saMhitA/13_ankurArpaNam/
१३ अध्यायः 	 AryaH/hinduism/branches/vaiShNavaH/pAncharAtrAgamaH/pauShkara-saMhitA/13_adhyAyaH/
१३ उत्क्रान्तिगत्यधिकरणम् 	 AryaH/hinduism/branches/brAhmaH/shAnakara-darshanam/brahma-sUtrANi/mUlam/2/3/13_utkrAntigatyadhikaraNam/
१३ कृत-कृत्याधिकारः 	 AryaH/hinduism/branches/vaiShNavaH/shrI-sampradAyaH/tattvam/venkaTanAthaH/rahasya-traya-sAraH/nsa-summary/1_arthAnushAsana-vibhAgaH/13_kRta-kRtyAdhikAraH/
१३ कृतकृत्याधिकारः 	 AryaH/hinduism/branches/vaiShNavaH/shrI-sampradAyaH/tattvam/venkaTanAthaH/rahasya-traya-sAraH/laxmIpura-shrInivAsa-sangrahaH/13_kRtakRtyAdhikAraH/
१३ कृतकृत्याधिकारः 	 AryaH/hinduism/branches/vaiShNavaH/shrI-sampradAyaH/tattvam/venkaTanAthaH/rahasya-traya-sAraH/mUlam/13_kRtakRtyAdhikAraH/
१३ कृतकृत्याधिकारः 	 AryaH/hinduism/branches/vaiShNavaH/shrI-sampradAyaH/tattvam/venkaTanAthaH/rahasya-traya-sAraH/rAjagopAla-translation/1_arthAnushAsana-vibhAgaH/13_kRtakRtyAdhikAraH/
१३ नवग्रहकथनप्रकाशः 	 AryaH/hinduism/branches/shaivaH/meru-tantram/13_navagrahakathanaprakAshaH/
१३ पुरुषविद्याधिकरणम् 	 AryaH/hinduism/branches/brAhmaH/shAnakara-darshanam/brahma-sUtrANi/mUlam/3/3/13_puruShavidyAdhikaraNam/
१३ बाह्य-यागाख्यानम् 	 AryaH/hinduism/branches/vaiShNavaH/pAncharAtrAgamaH/jayAkhya-saMhitA/13_bAhya-yAgAkhyAnam/
१३ विद्याज्ञानसाधनत्वाधिकरणम् 	 AryaH/hinduism/branches/brAhmaH/shAnakara-darshanam/brahma-sUtrANi/mUlam/4/1/13_vidyAjnAnasAdhanatvAdhikaraNam/
१३ श्रावणपूजाविधिपटलः 	 AryaH/hinduism/branches/shaivaH/svAyambhuvAgamaH/04_prakIrNam/13_shrAvaNapUjAvidhipaTalaH/
१३ सन्दर्भ ग्रन्थ-सूची 	 AryaH/meta/saMskRta-vANmaya-bRhad-itihAsa/11_tantrAgama/13_sandarbha_grantha-sUchI/
१३ सर्वधर्मोपपत्त्यधिकरणम् 	 AryaH/hinduism/branches/brAhmaH/shAnakara-darshanam/brahma-sUtrANi/mUlam/2/1/13_sarvadharmopapattyadhikaraNam/
१३ सुषुप्त्युत्क्रान्त्यधिकरणम् 	 AryaH/hinduism/branches/brAhmaH/shAnakara-darshanam/brahma-sUtrANi/mUlam/1/3/13_suShuptyutkrAntyadhikaraNam/
१३ स्वाम्यधिकरणम् 	 AryaH/hinduism/branches/brAhmaH/shAnakara-darshanam/brahma-sUtrANi/mUlam/3/4/13_svAmyadhikaraNam/
१३० 	 AryaH/hinduism/branches/brAhmaH/yoga-vAsiShTha-shAstram/Ananda-bodhendra-TIkA/6_nirvANa-prakaraNam/2/130/
१३१ 	 AryaH/hinduism/branches/brAhmaH/yoga-vAsiShTha-shAstram/Ananda-bodhendra-TIkA/6_nirvANa-prakaraNam/2/131/
१३२ 	 AryaH/hinduism/branches/brAhmaH/yoga-vAsiShTha-shAstram/Ananda-bodhendra-TIkA/6_nirvANa-prakaraNam/2/132/
१३३ 	 AryaH/hinduism/branches/brAhmaH/yoga-vAsiShTha-shAstram/Ananda-bodhendra-TIkA/6_nirvANa-prakaraNam/2/133/
१३४ 	 AryaH/hinduism/branches/brAhmaH/yoga-vAsiShTha-shAstram/Ananda-bodhendra-TIkA/6_nirvANa-prakaraNam/2/134/
१३५ 	 AryaH/hinduism/branches/brAhmaH/yoga-vAsiShTha-shAstram/Ananda-bodhendra-TIkA/6_nirvANa-prakaraNam/2/135/
१३६ 	 AryaH/hinduism/branches/brAhmaH/yoga-vAsiShTha-shAstram/Ananda-bodhendra-TIkA/6_nirvANa-prakaraNam/2/136/
१३७ 	 AryaH/hinduism/branches/brAhmaH/yoga-vAsiShTha-shAstram/Ananda-bodhendra-TIkA/6_nirvANa-prakaraNam/2/137/
१३८ 	 AryaH/hinduism/branches/brAhmaH/yoga-vAsiShTha-shAstram/Ananda-bodhendra-TIkA/6_nirvANa-prakaraNam/2/138/
१३९ 	 AryaH/hinduism/branches/brAhmaH/yoga-vAsiShTha-shAstram/Ananda-bodhendra-TIkA/6_nirvANa-prakaraNam/2/139/
१४ 	 AryaH/hinduism/branches/brAhmaH/yoga-vAsiShTha-shAstram/Ananda-bodhendra-TIkA/1_vairAgya-prakaraNam/14/
१४ 	 AryaH/hinduism/branches/brAhmaH/yoga-vAsiShTha-shAstram/Ananda-bodhendra-TIkA/2_mumuxu-vyavahAra-prakaraNam/14/
१४ 	 AryaH/hinduism/branches/brAhmaH/yoga-vAsiShTha-shAstram/Ananda-bodhendra-TIkA/4_sthiti-prakaraNam/14/
१४ 	 AryaH/hinduism/branches/brAhmaH/yoga-vAsiShTha-shAstram/Ananda-bodhendra-TIkA/5_upashama-prakaraNam/14/
१४ 	 AryaH/hinduism/branches/mishram/prapancha-sAraH/14/
१४ 	 AryaH/hinduism/branches/shaivaH/trikam/abhinavagupta-mUlam/tantrAlokaH/jayaratha-TIkA/14/
१४ 	 AryaH/hinduism/branches/shaivaH/trikam/abhinavagupta-mUlam/tantrAlokaH/pariShkAryam/chaturvedi-rAdheshyAmaH/p4_11-20/14/
१४ 	 AryaH/hinduism/branches/shaivaH/trikam/abhinavagupta-mUlam/tantrAlokaH/pariShkAryam/paramahaMsa-mishraH/p5_14-15/14/
१४ 	 AryaH/hinduism/branches/shaivaH/trikam/abhinavagupta-mUlam/tantrasAraH/mUlam/14/
१४ 	 AryaH/hinduism/branches/shaivaH/trikam/mAlinI-vijayottara-tantram/srotaH/paramhaMsa-mishrAnuvAdaH/14/
१४ 	 AryaH/hinduism/branches/shaivaH/trikam/mAlinI-vijayottara-tantram/srotaH/viShnu-datta-Shastry-anuvAdaH/14/
१४ 	 AryaH/hinduism/branches/shaivaH/trikam/netra-tantram/14/
१४ अध्यायः 	 AryaH/hinduism/branches/vaiShNavaH/pAncharAtrAgamaH/pauShkara-saMhitA/14_adhyAyaH/
१४ इतरक्षपणाधिकरणम् 	 AryaH/hinduism/branches/brAhmaH/shAnakara-darshanam/brahma-sUtrANi/mUlam/4/1/14_itaraxapaNAdhikaraNam/
१४ कर्त्रधिकरणम् 	 AryaH/hinduism/branches/brAhmaH/shAnakara-darshanam/brahma-sUtrANi/mUlam/2/3/14_kartradhikaraNam/
१४ जप-विधानम् 	 AryaH/hinduism/branches/vaiShNavaH/pAncharAtrAgamaH/jayAkhya-saMhitA/14_japa-vidhAnam/
१४ जलाधिवासः 	 AryaH/hinduism/branches/vaiShNavaH/pAncharAtrAgamaH/aniruddha-saMhitA/14_jalAdhivAsaH/
१४ प्रत्यङ्गिरामन्त्रकथनप्रकाशः 	 AryaH/hinduism/branches/shaivaH/meru-tantram/14_pratyangirAmantrakathanaprakAshaH/
१४ भाद्रपदमासपूजाविधिपटलः 	 AryaH/hinduism/branches/shaivaH/svAyambhuvAgamaH/04_prakIrNam/14_bhAdrapadamAsapUjAvidhipaTalaH/
१४ विषयानुक्रमणिका 	 AryaH/meta/saMskRta-vANmaya-bRhad-itihAsa/11_tantrAgama/14_viShayAnukramaNikA/
१४ वेधाद्यधिकरणम् 	 AryaH/hinduism/branches/brAhmaH/shAnakara-darshanam/brahma-sUtrANi/mUlam/3/3/14_vedhAdyadhikaraNam/
१४ सहकार्यन्तरविध्यधिकरणम् 	 AryaH/hinduism/branches/brAhmaH/shAnakara-darshanam/brahma-sUtrANi/mUlam/3/4/14_sahakAryantaravidhyadhikaraNam/
१४ स्वनिष्ठाभिज्ञानाधिकारः 	 AryaH/hinduism/branches/vaiShNavaH/shrI-sampradAyaH/tattvam/venkaTanAthaH/rahasya-traya-sAraH/laxmIpura-shrInivAsa-sangrahaH/14_svaniShThAbhijnAnAdhikAraH/
१४ स्वनिष्ठाभिज्ञानाधिकारः 	 AryaH/hinduism/branches/vaiShNavaH/shrI-sampradAyaH/tattvam/venkaTanAthaH/rahasya-traya-sAraH/mUlam/14_svaniShThAbhijnAnAdhikAraH/
१४ स्वनिष्ठाभिज्ञानाधिकारः 	 AryaH/hinduism/branches/vaiShNavaH/shrI-sampradAyaH/tattvam/venkaTanAthaH/rahasya-traya-sAraH/nsa-summary/1_arthAnushAsana-vibhAgaH/14_svaniShThAbhijnAnAdhikAraH/
१४ स्वनिष्ठाभिज्ञानाधिकारः 	 AryaH/hinduism/branches/vaiShNavaH/shrI-sampradAyaH/tattvam/venkaTanAthaH/rahasya-traya-sAraH/rAjagopAla-translation/1_arthAnushAsana-vibhAgaH/14_svaniShThAbhijnAnAdhikAraH/
१४० 	 AryaH/hinduism/branches/brAhmaH/yoga-vAsiShTha-shAstram/Ananda-bodhendra-TIkA/6_nirvANa-prakaraNam/2/140/
१४१ 	 AryaH/hinduism/branches/brAhmaH/yoga-vAsiShTha-shAstram/Ananda-bodhendra-TIkA/6_nirvANa-prakaraNam/2/141/
१४२ 	 AryaH/hinduism/branches/brAhmaH/yoga-vAsiShTha-shAstram/Ananda-bodhendra-TIkA/6_nirvANa-prakaraNam/2/142/
१४३ 	 AryaH/hinduism/branches/brAhmaH/yoga-vAsiShTha-shAstram/Ananda-bodhendra-TIkA/6_nirvANa-prakaraNam/2/143/
१४४ 	 AryaH/hinduism/branches/brAhmaH/yoga-vAsiShTha-shAstram/Ananda-bodhendra-TIkA/6_nirvANa-prakaraNam/2/144/
१४५ 	 AryaH/hinduism/branches/brAhmaH/yoga-vAsiShTha-shAstram/Ananda-bodhendra-TIkA/6_nirvANa-prakaraNam/2/145/
१४६ 	 AryaH/hinduism/branches/brAhmaH/yoga-vAsiShTha-shAstram/Ananda-bodhendra-TIkA/6_nirvANa-prakaraNam/2/146/
१४७ 	 AryaH/hinduism/branches/brAhmaH/yoga-vAsiShTha-shAstram/Ananda-bodhendra-TIkA/6_nirvANa-prakaraNam/2/147/
१४८ 	 AryaH/hinduism/branches/brAhmaH/yoga-vAsiShTha-shAstram/Ananda-bodhendra-TIkA/6_nirvANa-prakaraNam/2/148/
१४९ 	 AryaH/hinduism/branches/brAhmaH/yoga-vAsiShTha-shAstram/Ananda-bodhendra-TIkA/6_nirvANa-prakaraNam/2/149/
१५ 	 AryaH/hinduism/branches/brAhmaH/yoga-vAsiShTha-shAstram/Ananda-bodhendra-TIkA/1_vairAgya-prakaraNam/15/
१५ 	 AryaH/hinduism/branches/brAhmaH/yoga-vAsiShTha-shAstram/Ananda-bodhendra-TIkA/2_mumuxu-vyavahAra-prakaraNam/15/
१५ 	 AryaH/hinduism/branches/brAhmaH/yoga-vAsiShTha-shAstram/Ananda-bodhendra-TIkA/4_sthiti-prakaraNam/15/
१५ 	 AryaH/hinduism/branches/brAhmaH/yoga-vAsiShTha-shAstram/Ananda-bodhendra-TIkA/5_upashama-prakaraNam/15/
१५ 	 AryaH/hinduism/branches/mishram/prapancha-sAraH/15/
१५ 	 AryaH/hinduism/branches/shaivaH/trikam/abhinavagupta-mUlam/tantrAlokaH/jayaratha-TIkA/15/
१५ 	 AryaH/hinduism/branches/shaivaH/trikam/abhinavagupta-mUlam/tantrAlokaH/pariShkAryam/chaturvedi-rAdheshyAmaH/p4_11-20/15/
१५ 	 AryaH/hinduism/branches/shaivaH/trikam/abhinavagupta-mUlam/tantrAlokaH/pariShkAryam/paramahaMsa-mishraH/p5_14-15/15/
१५ 	 AryaH/hinduism/branches/shaivaH/trikam/abhinavagupta-mUlam/tantrasAraH/mUlam/15/
१५ 	 AryaH/hinduism/branches/shaivaH/trikam/mAlinI-vijayottara-tantram/srotaH/paramhaMsa-mishrAnuvAdaH/15/
१५ 	 AryaH/hinduism/branches/shaivaH/trikam/mAlinI-vijayottara-tantram/srotaH/viShnu-datta-Shastry-anuvAdaH/15/
१५ 	 AryaH/hinduism/branches/shaivaH/trikam/netra-tantram/15/
१५ अग्नि-कार्य-विधानम् 	 AryaH/hinduism/branches/vaiShNavaH/pAncharAtrAgamaH/jayAkhya-saMhitA/15_agni-kArya-vidhAnam/
१५ अध्यायः 	 AryaH/hinduism/branches/vaiShNavaH/pAncharAtrAgamaH/pauShkara-saMhitA/15_adhyAyaH/
१५ अनाविष्काराधिकरणम् 	 AryaH/hinduism/branches/brAhmaH/shAnakara-darshanam/brahma-sUtrANi/mUlam/3/4/15_anAviShkArAdhikaraNam/
१५ उत्तरकृत्याधिकारः 	 AryaH/hinduism/branches/vaiShNavaH/shrI-sampradAyaH/tattvam/venkaTanAthaH/rahasya-traya-sAraH/laxmIpura-shrInivAsa-sangrahaH/15_uttarakRtyAdhikAraH/
१५ उत्तरकृत्याधिकारः 	 AryaH/hinduism/branches/vaiShNavaH/shrI-sampradAyaH/tattvam/venkaTanAthaH/rahasya-traya-sAraH/mUlam/15_uttarakRtyAdhikAraH/
१५ उत्तरकृत्याधिकारः 	 AryaH/hinduism/branches/vaiShNavaH/shrI-sampradAyaH/tattvam/venkaTanAthaH/rahasya-traya-sAraH/nsa-summary/1_arthAnushAsana-vibhAgaH/15_uttarakRtyAdhikAraH/
१५ उत्तरकृत्याधिकारः 	 AryaH/hinduism/branches/vaiShNavaH/shrI-sampradAyaH/tattvam/venkaTanAthaH/rahasya-traya-sAraH/rAjagopAla-translation/1_arthAnushAsana-vibhAgaH/15_uttarakRtyAdhikAraH/
१५ तक्षाधिकरणम् 	 AryaH/hinduism/branches/brAhmaH/shAnakara-darshanam/brahma-sUtrANi/mUlam/2/3/15_taxAdhikaraNam/
१५ तुलामासपूजाविधिपटलः 	 AryaH/hinduism/branches/shaivaH/svAyambhuvAgamaH/04_prakIrNam/15_tulAmAsapUjAvidhipaTalaH/
१५ प्रतिष्ठाविधिः 	 AryaH/hinduism/branches/vaiShNavaH/pAncharAtrAgamaH/aniruddha-saMhitA/15_pratiShThAvidhiH/
१५ वैदिकयन्त्रकथनप्रकाशः 	 AryaH/hinduism/branches/shaivaH/meru-tantram/15_vaidikayantrakathanaprakAshaH/
१५ हान्यधिकरणम् 	 AryaH/hinduism/branches/brAhmaH/shAnakara-darshanam/brahma-sUtrANi/mUlam/3/3/15_hAnyadhikaraNam/
१५० 	 AryaH/hinduism/branches/brAhmaH/yoga-vAsiShTha-shAstram/Ananda-bodhendra-TIkA/6_nirvANa-prakaraNam/2/150/
१५१ 	 AryaH/hinduism/branches/brAhmaH/yoga-vAsiShTha-shAstram/Ananda-bodhendra-TIkA/6_nirvANa-prakaraNam/2/151/
१५२ 	 AryaH/hinduism/branches/brAhmaH/yoga-vAsiShTha-shAstram/Ananda-bodhendra-TIkA/6_nirvANa-prakaraNam/2/152/
१५३ 	 AryaH/hinduism/branches/brAhmaH/yoga-vAsiShTha-shAstram/Ananda-bodhendra-TIkA/6_nirvANa-prakaraNam/2/153/
१५४ 	 AryaH/hinduism/branches/brAhmaH/yoga-vAsiShTha-shAstram/Ananda-bodhendra-TIkA/6_nirvANa-prakaraNam/2/154/
१५५ 	 AryaH/hinduism/branches/brAhmaH/yoga-vAsiShTha-shAstram/Ananda-bodhendra-TIkA/6_nirvANa-prakaraNam/2/155/
१५६ 	 AryaH/hinduism/branches/brAhmaH/yoga-vAsiShTha-shAstram/Ananda-bodhendra-TIkA/6_nirvANa-prakaraNam/2/156/
१५७ 	 AryaH/hinduism/branches/brAhmaH/yoga-vAsiShTha-shAstram/Ananda-bodhendra-TIkA/6_nirvANa-prakaraNam/2/157/
१५८ 	 AryaH/hinduism/branches/brAhmaH/yoga-vAsiShTha-shAstram/Ananda-bodhendra-TIkA/6_nirvANa-prakaraNam/2/158/
१५९ 	 AryaH/hinduism/branches/brAhmaH/yoga-vAsiShTha-shAstram/Ananda-bodhendra-TIkA/6_nirvANa-prakaraNam/2/159/
१६ 	 AryaH/hinduism/branches/brAhmaH/yoga-vAsiShTha-shAstram/Ananda-bodhendra-TIkA/1_vairAgya-prakaraNam/16/
१६ 	 AryaH/hinduism/branches/brAhmaH/yoga-vAsiShTha-shAstram/Ananda-bodhendra-TIkA/2_mumuxu-vyavahAra-prakaraNam/16/
१६ 	 AryaH/hinduism/branches/brAhmaH/yoga-vAsiShTha-shAstram/Ananda-bodhendra-TIkA/4_sthiti-prakaraNam/16/
१६ 	 AryaH/hinduism/branches/brAhmaH/yoga-vAsiShTha-shAstram/Ananda-bodhendra-TIkA/5_upashama-prakaraNam/16/
१६ 	 AryaH/hinduism/branches/mishram/prapancha-sAraH/16/
१६ 	 AryaH/hinduism/branches/shaivaH/trikam/abhinavagupta-mUlam/tantrAlokaH/jayaratha-TIkA/16/
१६ 	 AryaH/hinduism/branches/shaivaH/trikam/abhinavagupta-mUlam/tantrAlokaH/pariShkAryam/chaturvedi-rAdheshyAmaH/p4_11-20/16/
१६ 	 AryaH/hinduism/branches/shaivaH/trikam/abhinavagupta-mUlam/tantrAlokaH/pariShkAryam/paramahaMsa-mishraH/p6_16-27/16/
१६ 	 AryaH/hinduism/branches/shaivaH/trikam/abhinavagupta-mUlam/tantrasAraH/mUlam/16/
१६ 	 AryaH/hinduism/branches/shaivaH/trikam/mAlinI-vijayottara-tantram/srotaH/paramhaMsa-mishrAnuvAdaH/16/
१६ 	 AryaH/hinduism/branches/shaivaH/trikam/mAlinI-vijayottara-tantram/srotaH/viShnu-datta-Shastry-anuvAdaH/16/
१६ 	 AryaH/hinduism/branches/shaivaH/trikam/netra-tantram/16/
१६ अध्यायः 	 AryaH/hinduism/branches/vaiShNavaH/pAncharAtrAgamaH/pauShkara-saMhitA/16_adhyAyaH/
१६ ऐहिकाधिकरणम् 	 AryaH/hinduism/branches/brAhmaH/shAnakara-darshanam/brahma-sUtrANi/mUlam/3/4/16_aihikAdhikaraNam/
१६ कृत्तिकापूजाविधिपटलः 	 AryaH/hinduism/branches/shaivaH/svAyambhuvAgamaH/04_prakIrNam/16_kRttikApUjAvidhipaTalaH/
१६ दक्षिणाम्नायगणपतिमन्त्रप्रकाशः 	 AryaH/hinduism/branches/shaivaH/meru-tantram/16_daxiNAmnAyagaNapatimantraprakAshaH/
१६ दीक्षा-विधानम् 	 AryaH/hinduism/branches/vaiShNavaH/pAncharAtrAgamaH/jayAkhya-saMhitA/16_dIxA-vidhAnam/
१६ परायत्ताधिकरणम् 	 AryaH/hinduism/branches/brAhmaH/shAnakara-darshanam/brahma-sUtrANi/mUlam/2/3/16_parAyattAdhikaraNam/
१६ पुरुषार्थ-काष्ठाधिकारः 	 AryaH/hinduism/branches/vaiShNavaH/shrI-sampradAyaH/tattvam/venkaTanAthaH/rahasya-traya-sAraH/rAjagopAla-translation/1_arthAnushAsana-vibhAgaH/16_puruShArtha-kAShThAdhikAraH/
१६ पुरुषार्थकाष्ठा 	 AryaH/hinduism/branches/vaiShNavaH/shrI-sampradAyaH/tattvam/venkaTanAthaH/rahasya-traya-sAraH/laxmIpura-shrInivAsa-sangrahaH/16_puruShArthakAShThA/
१६ पुरुषार्थकाष्ठाधिकारः 	 AryaH/hinduism/branches/vaiShNavaH/shrI-sampradAyaH/tattvam/venkaTanAthaH/rahasya-traya-sAraH/mUlam/16_puruShArthakAShThAdhikAraH/
१६ पुरुषार्थकाष्ठाधिकारः 	 AryaH/hinduism/branches/vaiShNavaH/shrI-sampradAyaH/tattvam/venkaTanAthaH/rahasya-traya-sAraH/nsa-summary/1_arthAnushAsana-vibhAgaH/16_puruShArthakAShThAdhikAraH/
१६ सदाचारविधिः 	 AryaH/hinduism/branches/vaiShNavaH/pAncharAtrAgamaH/aniruddha-saMhitA/16_sadAchAravidhiH/
१६ साम्परायाधिकरणम् 	 AryaH/hinduism/branches/brAhmaH/shAnakara-darshanam/brahma-sUtrANi/mUlam/3/3/16_sAmparAyAdhikaraNam/
१६० 	 AryaH/hinduism/branches/brAhmaH/yoga-vAsiShTha-shAstram/Ananda-bodhendra-TIkA/6_nirvANa-prakaraNam/2/160/
१६१ 	 AryaH/hinduism/branches/brAhmaH/yoga-vAsiShTha-shAstram/Ananda-bodhendra-TIkA/6_nirvANa-prakaraNam/2/161/
१६२ 	 AryaH/hinduism/branches/brAhmaH/yoga-vAsiShTha-shAstram/Ananda-bodhendra-TIkA/6_nirvANa-prakaraNam/2/162/
१६३ 	 AryaH/hinduism/branches/brAhmaH/yoga-vAsiShTha-shAstram/Ananda-bodhendra-TIkA/6_nirvANa-prakaraNam/2/163/
१६४ 	 AryaH/hinduism/branches/brAhmaH/yoga-vAsiShTha-shAstram/Ananda-bodhendra-TIkA/6_nirvANa-prakaraNam/2/164/
१६५ 	 AryaH/hinduism/branches/brAhmaH/yoga-vAsiShTha-shAstram/Ananda-bodhendra-TIkA/6_nirvANa-prakaraNam/2/165/
१६६ 	 AryaH/hinduism/branches/brAhmaH/yoga-vAsiShTha-shAstram/Ananda-bodhendra-TIkA/6_nirvANa-prakaraNam/2/166/
१६७ 	 AryaH/hinduism/branches/brAhmaH/yoga-vAsiShTha-shAstram/Ananda-bodhendra-TIkA/6_nirvANa-prakaraNam/2/167/
१६८ 	 AryaH/hinduism/branches/brAhmaH/yoga-vAsiShTha-shAstram/Ananda-bodhendra-TIkA/6_nirvANa-prakaraNam/2/168/
१६९ 	 AryaH/hinduism/branches/brAhmaH/yoga-vAsiShTha-shAstram/Ananda-bodhendra-TIkA/6_nirvANa-prakaraNam/2/169/
१७ 	 AryaH/hinduism/branches/brAhmaH/yoga-vAsiShTha-shAstram/Ananda-bodhendra-TIkA/1_vairAgya-prakaraNam/17/
१७ 	 AryaH/hinduism/branches/brAhmaH/yoga-vAsiShTha-shAstram/Ananda-bodhendra-TIkA/4_sthiti-prakaraNam/17/
१७ 	 AryaH/hinduism/branches/brAhmaH/yoga-vAsiShTha-shAstram/Ananda-bodhendra-TIkA/5_upashama-prakaraNam/17/
१७ 	 AryaH/hinduism/branches/mishram/prapancha-sAraH/17/
१७ 	 AryaH/hinduism/branches/shaivaH/trikam/abhinavagupta-mUlam/tantrAlokaH/jayaratha-TIkA/17/
१७ 	 AryaH/hinduism/branches/shaivaH/trikam/abhinavagupta-mUlam/tantrAlokaH/pariShkAryam/chaturvedi-rAdheshyAmaH/p4_11-20/17/
१७ 	 AryaH/hinduism/branches/shaivaH/trikam/abhinavagupta-mUlam/tantrAlokaH/pariShkAryam/paramahaMsa-mishraH/p6_16-27/17/
१७ 	 AryaH/hinduism/branches/shaivaH/trikam/abhinavagupta-mUlam/tantrasAraH/mUlam/17/
१७ 	 AryaH/hinduism/branches/shaivaH/trikam/mAlinI-vijayottara-tantram/srotaH/paramhaMsa-mishrAnuvAdaH/17/
१७ 	 AryaH/hinduism/branches/shaivaH/trikam/mAlinI-vijayottara-tantram/srotaH/viShnu-datta-Shastry-anuvAdaH/17/
१७ 	 AryaH/hinduism/branches/shaivaH/trikam/netra-tantram/17/
१७ अंशाधिकरणम् 	 AryaH/hinduism/branches/brAhmaH/shAnakara-darshanam/brahma-sUtrANi/mUlam/2/3/17_aMshAdhikaraNam/
१७ अध्यायः 	 AryaH/hinduism/branches/vaiShNavaH/pAncharAtrAgamaH/pauShkara-saMhitA/17_adhyAyaH/
१७ ऊर्ध्वाम्नायगणपतिमन्त्रप्रकाशः 	 AryaH/hinduism/branches/shaivaH/meru-tantram/17_UrdhvAmnAyagaNapatimantraprakAshaH/
१७ गतेरर्थवत्त्वाधिकरणम् 	 AryaH/hinduism/branches/brAhmaH/shAnakara-darshanam/brahma-sUtrANi/mUlam/3/3/17_gaterarthavattvAdhikaraNam/
१७ मुक्तिफलाधिकरणम् 	 AryaH/hinduism/branches/brAhmaH/shAnakara-darshanam/brahma-sUtrANi/mUlam/3/4/17_muktiphalAdhikaraNam/
१७ शान्तिहोमः 	 AryaH/hinduism/branches/vaiShNavaH/pAncharAtrAgamaH/kriyA-kairava-chandrikA/01_kriyA/17_shAntihomaH/
१७ शास्त्रीय नियमनाधिकारः 	 AryaH/hinduism/branches/vaiShNavaH/shrI-sampradAyaH/tattvam/venkaTanAthaH/rahasya-traya-sAraH/mUlam/17_shAstrIya_niyamanAdhikAraH/
१७ शास्त्रीय-नियमनाधिकारः 	 AryaH/hinduism/branches/vaiShNavaH/shrI-sampradAyaH/tattvam/venkaTanAthaH/rahasya-traya-sAraH/nsa-summary/1_arthAnushAsana-vibhAgaH/17_shAstrIya-niyamanAdhikAraH/
१७ शास्त्रीय-नियमनाधिकारः 	 AryaH/hinduism/branches/vaiShNavaH/shrI-sampradAyaH/tattvam/venkaTanAthaH/rahasya-traya-sAraH/rAjagopAla-translation/1_arthAnushAsana-vibhAgaH/17_shAstrIya-niyamanAdhikAraH/
१७ शास्त्रीयनियमनम् 	 AryaH/hinduism/branches/vaiShNavaH/shrI-sampradAyaH/tattvam/venkaTanAthaH/rahasya-traya-sAraH/laxmIpura-shrInivAsa-sangrahaH/17_shAstrIyaniyamanam/
१७ शिष्य-भेदाख्यानम् 	 AryaH/hinduism/branches/vaiShNavaH/pAncharAtrAgamaH/jayAkhya-saMhitA/17_shiShya-bhedAkhyAnam/
१७ समाराधनविधिः 	 AryaH/hinduism/branches/vaiShNavaH/pAncharAtrAgamaH/aniruddha-saMhitA/17_samArAdhanavidhiH/
१७ सर्वप्रायश्चित्तविधिपटलः 	 AryaH/hinduism/branches/shaivaH/svAyambhuvAgamaH/04_prakIrNam/17_sarvaprAyashchittavidhipaTalaH/
१७० 	 AryaH/hinduism/branches/brAhmaH/yoga-vAsiShTha-shAstram/Ananda-bodhendra-TIkA/6_nirvANa-prakaraNam/2/170/
१७१ 	 AryaH/hinduism/branches/brAhmaH/yoga-vAsiShTha-shAstram/Ananda-bodhendra-TIkA/6_nirvANa-prakaraNam/2/171/
१७२ 	 AryaH/hinduism/branches/brAhmaH/yoga-vAsiShTha-shAstram/Ananda-bodhendra-TIkA/6_nirvANa-prakaraNam/2/172/
१७३ 	 AryaH/hinduism/branches/brAhmaH/yoga-vAsiShTha-shAstram/Ananda-bodhendra-TIkA/6_nirvANa-prakaraNam/2/173/
१७४ 	 AryaH/hinduism/branches/brAhmaH/yoga-vAsiShTha-shAstram/Ananda-bodhendra-TIkA/6_nirvANa-prakaraNam/2/174/
१७५ 	 AryaH/hinduism/branches/brAhmaH/yoga-vAsiShTha-shAstram/Ananda-bodhendra-TIkA/6_nirvANa-prakaraNam/2/175/
१७६ 	 AryaH/hinduism/branches/brAhmaH/yoga-vAsiShTha-shAstram/Ananda-bodhendra-TIkA/6_nirvANa-prakaraNam/2/176/
१७७ 	 AryaH/hinduism/branches/brAhmaH/yoga-vAsiShTha-shAstram/Ananda-bodhendra-TIkA/6_nirvANa-prakaraNam/2/177/
१७८ 	 AryaH/hinduism/branches/brAhmaH/yoga-vAsiShTha-shAstram/Ananda-bodhendra-TIkA/6_nirvANa-prakaraNam/2/178/
१७९ 	 AryaH/hinduism/branches/brAhmaH/yoga-vAsiShTha-shAstram/Ananda-bodhendra-TIkA/6_nirvANa-prakaraNam/2/179/
१८ 	 AryaH/hinduism/branches/brAhmaH/yoga-vAsiShTha-shAstram/Ananda-bodhendra-TIkA/1_vairAgya-prakaraNam/18/
१८ 	 AryaH/hinduism/branches/brAhmaH/yoga-vAsiShTha-shAstram/Ananda-bodhendra-TIkA/2_mumuxu-vyavahAra-prakaraNam/18/
१८ 	 AryaH/hinduism/branches/brAhmaH/yoga-vAsiShTha-shAstram/Ananda-bodhendra-TIkA/4_sthiti-prakaraNam/18/
१८ 	 AryaH/hinduism/branches/brAhmaH/yoga-vAsiShTha-shAstram/Ananda-bodhendra-TIkA/5_upashama-prakaraNam/18/
१८ 	 AryaH/hinduism/branches/mishram/prapancha-sAraH/18/
१८ 	 AryaH/hinduism/branches/shaivaH/trikam/abhinavagupta-mUlam/tantrAlokaH/jayaratha-TIkA/18/
१८ 	 AryaH/hinduism/branches/shaivaH/trikam/abhinavagupta-mUlam/tantrAlokaH/pariShkAryam/chaturvedi-rAdheshyAmaH/p4_11-20/18/
१८ 	 AryaH/hinduism/branches/shaivaH/trikam/abhinavagupta-mUlam/tantrAlokaH/pariShkAryam/paramahaMsa-mishraH/p6_16-27/18/
१८ 	 AryaH/hinduism/branches/shaivaH/trikam/abhinavagupta-mUlam/tantrasAraH/mUlam/18/
१८ 	 AryaH/hinduism/branches/shaivaH/trikam/mAlinI-vijayottara-tantram/srotaH/paramhaMsa-mishrAnuvAdaH/18/
१८ 	 AryaH/hinduism/branches/shaivaH/trikam/mAlinI-vijayottara-tantram/srotaH/viShnu-datta-Shastry-anuvAdaH/18/
१८ 	 AryaH/hinduism/branches/shaivaH/trikam/netra-tantram/18/
१८ अग्निकार्यबलिप्रदानविधिः 	 AryaH/hinduism/branches/vaiShNavaH/pAncharAtrAgamaH/aniruddha-saMhitA/18_agnikAryabalipradAnavidhiH/
१८ अध्यायः 	 AryaH/hinduism/branches/vaiShNavaH/pAncharAtrAgamaH/pauShkara-saMhitA/18_adhyAyaH/
१८ अनियमाधिकरणम् 	 AryaH/hinduism/branches/brAhmaH/shAnakara-darshanam/brahma-sUtrANi/mUlam/3/3/18_aniyamAdhikaraNam/
१८ अपराध-परिहाराधिकारः 	 AryaH/hinduism/branches/vaiShNavaH/shrI-sampradAyaH/tattvam/venkaTanAthaH/rahasya-traya-sAraH/nsa-summary/1_arthAnushAsana-vibhAgaH/18_aparAdha-parihArAdhikAraH/
१८ अपराधपरिहारः 	 AryaH/hinduism/branches/vaiShNavaH/shrI-sampradAyaH/tattvam/venkaTanAthaH/rahasya-traya-sAraH/laxmIpura-shrInivAsa-sangrahaH/18_aparAdhaparihAraH/
१८ अपराधपरिहाराधिकारः 	 AryaH/hinduism/branches/vaiShNavaH/shrI-sampradAyaH/tattvam/venkaTanAthaH/rahasya-traya-sAraH/mUlam/18_aparAdhaparihArAdhikAraH/
१८ अपराधपरिहाराधिकारः 	 AryaH/hinduism/branches/vaiShNavaH/shrI-sampradAyaH/tattvam/venkaTanAthaH/rahasya-traya-sAraH/rAjagopAla-translation/1_arthAnushAsana-vibhAgaH/18_aparAdhaparihArAdhikAraH/
१८ अभिषेकाख्यानम् 	 AryaH/hinduism/branches/vaiShNavaH/pAncharAtrAgamaH/jayAkhya-saMhitA/18_abhiShekAkhyAnam/
१८ पूर्वाम्नायगणपतिमन्त्रप्रकाशः 	 AryaH/hinduism/branches/shaivaH/meru-tantram/18_pUrvAmnAyagaNapatimantraprakAshaH/
१८ प्रतिष्ठा 	 AryaH/hinduism/branches/vaiShNavaH/pAncharAtrAgamaH/kriyA-kairava-chandrikA/01_kriyA/18_pratiShThA/
१८ संकोचविधिपटलः 	 AryaH/hinduism/branches/shaivaH/svAyambhuvAgamaH/04_prakIrNam/18_saMkochavidhipaTalaH/
१८० 	 AryaH/hinduism/branches/brAhmaH/yoga-vAsiShTha-shAstram/Ananda-bodhendra-TIkA/6_nirvANa-prakaraNam/2/180/
१८१ 	 AryaH/hinduism/branches/brAhmaH/yoga-vAsiShTha-shAstram/Ananda-bodhendra-TIkA/6_nirvANa-prakaraNam/2/181/
१८२ 	 AryaH/hinduism/branches/brAhmaH/yoga-vAsiShTha-shAstram/Ananda-bodhendra-TIkA/6_nirvANa-prakaraNam/2/182/
१८३ 	 AryaH/hinduism/branches/brAhmaH/yoga-vAsiShTha-shAstram/Ananda-bodhendra-TIkA/6_nirvANa-prakaraNam/2/183/
१८४ 	 AryaH/hinduism/branches/brAhmaH/yoga-vAsiShTha-shAstram/Ananda-bodhendra-TIkA/6_nirvANa-prakaraNam/2/184/
१८५ 	 AryaH/hinduism/branches/brAhmaH/yoga-vAsiShTha-shAstram/Ananda-bodhendra-TIkA/6_nirvANa-prakaraNam/2/185/
१८६ 	 AryaH/hinduism/branches/brAhmaH/yoga-vAsiShTha-shAstram/Ananda-bodhendra-TIkA/6_nirvANa-prakaraNam/2/186/
१८७ 	 AryaH/hinduism/branches/brAhmaH/yoga-vAsiShTha-shAstram/Ananda-bodhendra-TIkA/6_nirvANa-prakaraNam/2/187/
१८८ 	 AryaH/hinduism/branches/brAhmaH/yoga-vAsiShTha-shAstram/Ananda-bodhendra-TIkA/6_nirvANa-prakaraNam/2/188/
१८९ 	 AryaH/hinduism/branches/brAhmaH/yoga-vAsiShTha-shAstram/Ananda-bodhendra-TIkA/6_nirvANa-prakaraNam/2/189/
१९ 	 AryaH/hinduism/branches/brAhmaH/yoga-vAsiShTha-shAstram/Ananda-bodhendra-TIkA/1_vairAgya-prakaraNam/19/
१९ 	 AryaH/hinduism/branches/brAhmaH/yoga-vAsiShTha-shAstram/Ananda-bodhendra-TIkA/2_mumuxu-vyavahAra-prakaraNam/19/
१९ 	 AryaH/hinduism/branches/brAhmaH/yoga-vAsiShTha-shAstram/Ananda-bodhendra-TIkA/4_sthiti-prakaraNam/19/
१९ 	 AryaH/hinduism/branches/brAhmaH/yoga-vAsiShTha-shAstram/Ananda-bodhendra-TIkA/5_upashama-prakaraNam/19/
१९ 	 AryaH/hinduism/branches/mishram/prapancha-sAraH/19/
१९ 	 AryaH/hinduism/branches/shaivaH/trikam/abhinavagupta-mUlam/tantrAlokaH/jayaratha-TIkA/19/
१९ 	 AryaH/hinduism/branches/shaivaH/trikam/abhinavagupta-mUlam/tantrAlokaH/pariShkAryam/chaturvedi-rAdheshyAmaH/p4_11-20/19/
१९ 	 AryaH/hinduism/branches/shaivaH/trikam/abhinavagupta-mUlam/tantrAlokaH/pariShkAryam/paramahaMsa-mishraH/p6_16-27/19/
१९ 	 AryaH/hinduism/branches/shaivaH/trikam/abhinavagupta-mUlam/tantrasAraH/mUlam/19/
१९ 	 AryaH/hinduism/branches/shaivaH/trikam/mAlinI-vijayottara-tantram/srotaH/viShnu-datta-Shastry-anuvAdaH/19/
१९ 	 AryaH/hinduism/branches/shaivaH/trikam/netra-tantram/19/
१९ अध्यायः 	 AryaH/hinduism/branches/vaiShNavaH/pAncharAtrAgamaH/pauShkara-saMhitA/19_adhyAyaH/
१९ अरुणपूजाविधिपटलः 	 AryaH/hinduism/branches/shaivaH/svAyambhuvAgamaH/04_prakIrNam/19_aruNapUjAvidhipaTalaH/
१९ पश्चिमाम्नाय-गणपतिमन्त्रकथनम् 	 AryaH/hinduism/branches/shaivaH/meru-tantram/19_pashchimAmnAya-gaNapatimantrakathanam/
१९ मन्त्र-सिद्धि-चिन्हाख्यानम् 	 AryaH/hinduism/branches/vaiShNavaH/pAncharAtrAgamaH/jayAkhya-saMhitA/19_mantra-siddhi-chinhAkhyAnam/
१९ यावदधिकाराधिकरणम् 	 AryaH/hinduism/branches/brAhmaH/shAnakara-darshanam/brahma-sUtrANi/mUlam/3/3/19_yAvadadhikArAdhikaraNam/
१९ विभवमूर्त्यादिप्रतिष्ठा 	 AryaH/hinduism/branches/vaiShNavaH/pAncharAtrAgamaH/kriyA-kairava-chandrikA/01_kriyA/19_vibhavamUryAdi-pratiShThA/
१९ स्थानविशेषः 	 AryaH/hinduism/branches/vaiShNavaH/shrI-sampradAyaH/tattvam/venkaTanAthaH/rahasya-traya-sAraH/laxmIpura-shrInivAsa-sangrahaH/19_sthAnavisheShaH/
१९ स्थानविशेषाधिकारः 	 AryaH/hinduism/branches/vaiShNavaH/shrI-sampradAyaH/tattvam/venkaTanAthaH/rahasya-traya-sAraH/mUlam/19_sthAnavisheShAdhikAraH/
१९ स्थानविशेषाधिकारः 	 AryaH/hinduism/branches/vaiShNavaH/shrI-sampradAyaH/tattvam/venkaTanAthaH/rahasya-traya-sAraH/nsa-summary/1_arthAnushAsana-vibhAgaH/19_sthAnavisheShAdhikAraH/
१९ स्थानविशेषाधिकारः 	 AryaH/hinduism/branches/vaiShNavaH/shrI-sampradAyaH/tattvam/venkaTanAthaH/rahasya-traya-sAraH/rAjagopAla-translation/1_arthAnushAsana-vibhAgaH/19_sthAnavisheShAdhikAraH/
१९ स्नपनविधिः 	 AryaH/hinduism/branches/vaiShNavaH/pAncharAtrAgamaH/aniruddha-saMhitA/19_snapanavidhiH/
१९० 	 AryaH/hinduism/branches/brAhmaH/yoga-vAsiShTha-shAstram/Ananda-bodhendra-TIkA/6_nirvANa-prakaraNam/2/190/
१९१ 	 AryaH/hinduism/branches/brAhmaH/yoga-vAsiShTha-shAstram/Ananda-bodhendra-TIkA/6_nirvANa-prakaraNam/2/191/
१९२ 	 AryaH/hinduism/branches/brAhmaH/yoga-vAsiShTha-shAstram/Ananda-bodhendra-TIkA/6_nirvANa-prakaraNam/2/192/
१९३ 	 AryaH/hinduism/branches/brAhmaH/yoga-vAsiShTha-shAstram/Ananda-bodhendra-TIkA/6_nirvANa-prakaraNam/2/193/
१९४ 	 AryaH/hinduism/branches/brAhmaH/yoga-vAsiShTha-shAstram/Ananda-bodhendra-TIkA/6_nirvANa-prakaraNam/2/194/
१९५ 	 AryaH/hinduism/branches/brAhmaH/yoga-vAsiShTha-shAstram/Ananda-bodhendra-TIkA/6_nirvANa-prakaraNam/2/195/
१९६ 	 AryaH/hinduism/branches/brAhmaH/yoga-vAsiShTha-shAstram/Ananda-bodhendra-TIkA/6_nirvANa-prakaraNam/2/196/
१९७ 	 AryaH/hinduism/branches/brAhmaH/yoga-vAsiShTha-shAstram/Ananda-bodhendra-TIkA/6_nirvANa-prakaraNam/2/197/
१९८ 	 AryaH/hinduism/branches/brAhmaH/yoga-vAsiShTha-shAstram/Ananda-bodhendra-TIkA/6_nirvANa-prakaraNam/2/198/
१९९ 	 AryaH/hinduism/branches/brAhmaH/yoga-vAsiShTha-shAstram/Ananda-bodhendra-TIkA/6_nirvANa-prakaraNam/2/199/
२ 	 AryaH/hinduism/branches/nyAya-vaisheShike/vishiShTAdvaiti-granthAH/nyAya-parishuddhiH_vedAnta-deshikaH/01_pratyaxAdhyAyaH/2/
२ 	 AryaH/hinduism/branches/nyAya-vaisheShike/vishiShTAdvaiti-granthAH/nyAya-parishuddhiH_vedAnta-deshikaH/03_shabdAdhyAyaH/2/
२ 	 AryaH/hinduism/branches/nyAya-vaisheShike/vishiShTAdvaiti-granthAH/nyAya-parishuddhiH_vedAnta-deshikaH/04_smRty-adhyAyaH/2/
२ 	 AryaH/hinduism/branches/nyAya-vaisheShike/vishiShTAdvaiti-granthAH/nyAya-parishuddhiH_vedAnta-deshikaH/05_prameyAdhyAyaH/2/
२ 	 AryaH/hinduism/branches/shaivaH/shiva-sUtrANi/kShemarAja-vimarshinI/2/
२ 	 AryaH/hinduism/branches/shaivaH/shiva-sUtrANi/mUlam/2/
२ 	 AryaH/hinduism/branches/shaivaH/shiva-sUtrANi/viShaya-sangrahaH/2/
२ 	 AryaH/hinduism/branches/shaivaH/trikam/somAnanda-shivadRShTiH/2/
२ एकीयमतसमालोचनम् 	 AryaH/hinduism/branches/brAhmaH/shAnakara-darshanam/sachchidAnandendraH/mUlAvidyA-nirAsaH/2_ekIyamatasamAlochanam/
२ क्रियाधिकारः 	 AryaH/hinduism/branches/shaivaH/trikam/Ishvara-pratyabhiJNA-kArikA/vimarshinI-vyAkhyA/2_kriyAdhikAraH/
२ क्रियाधिकारः 	 AryaH/hinduism/branches/shaivaH/trikam/Ishvara-pratyabhiJNA-kArikA/vimarshinI/2_kriyAdhikAraH/
२ क्रियाधिकारः 	 AryaH/hinduism/branches/shaivaH/trikam/Ishvara-pratyabhiJNA-kArikA/vRttiH/2_kriyAdhikAraH/
२ सहजविद्योदयः 	 AryaH/hinduism/branches/shaivaH/shiva-sUtrANi/vasugupta-vArttikam/2_sahajavidyodayaH/
२० 	 AryaH/hinduism/branches/brAhmaH/yoga-vAsiShTha-shAstram/Ananda-bodhendra-TIkA/1_vairAgya-prakaraNam/20/
२० 	 AryaH/hinduism/branches/brAhmaH/yoga-vAsiShTha-shAstram/Ananda-bodhendra-TIkA/2_mumuxu-vyavahAra-prakaraNam/20/
२० 	 AryaH/hinduism/branches/brAhmaH/yoga-vAsiShTha-shAstram/Ananda-bodhendra-TIkA/4_sthiti-prakaraNam/20/
२० 	 AryaH/hinduism/branches/brAhmaH/yoga-vAsiShTha-shAstram/Ananda-bodhendra-TIkA/5_upashama-prakaraNam/20/
२० 	 AryaH/hinduism/branches/mishram/prapancha-sAraH/20/
२० 	 AryaH/hinduism/branches/shaivaH/trikam/abhinavagupta-mUlam/tantrAlokaH/jayaratha-TIkA/20/
२० 	 AryaH/hinduism/branches/shaivaH/trikam/abhinavagupta-mUlam/tantrAlokaH/pariShkAryam/chaturvedi-rAdheshyAmaH/p4_11-20/20/
२० 	 AryaH/hinduism/branches/shaivaH/trikam/abhinavagupta-mUlam/tantrAlokaH/pariShkAryam/paramahaMsa-mishraH/p6_16-27/20/
२० 	 AryaH/hinduism/branches/shaivaH/trikam/abhinavagupta-mUlam/tantrasAraH/mUlam/20/
२० 	 AryaH/hinduism/branches/shaivaH/trikam/mAlinI-vijayottara-tantram/srotaH/paramhaMsa-mishrAnuvAdaH/20/
२० 	 AryaH/hinduism/branches/shaivaH/trikam/mAlinI-vijayottara-tantram/srotaH/viShnu-datta-Shastry-anuvAdaH/20/
२० 	 AryaH/hinduism/branches/shaivaH/trikam/netra-tantram/20/
२० अक्षरध्यधिकरणम् 	 AryaH/hinduism/branches/brAhmaH/shAnakara-darshanam/brahma-sUtrANi/mUlam/3/3/20_axaradhyadhikaraNam/
२० अध्यायः 	 AryaH/hinduism/branches/vaiShNavaH/pAncharAtrAgamaH/pauShkara-saMhitA/20_adhyAyaH/
२० उत्तराम्नाय-गणपति-मन्त्र-कथनं 	 AryaH/hinduism/branches/shaivaH/meru-tantram/20_uttarAmnAya-gaNapati-mantra-kathanaM/
२० उत्सवविधिपटलः 	 AryaH/hinduism/branches/shaivaH/svAyambhuvAgamaH/04_prakIrNam/20_utsavavidhipaTalaH/
२० ध्वजारोहणविधिः 	 AryaH/hinduism/branches/vaiShNavaH/pAncharAtrAgamaH/aniruddha-saMhitA/20_dhvajArohaNavidhiH/
२० निर्याणम् 	 AryaH/hinduism/branches/vaiShNavaH/shrI-sampradAyaH/tattvam/venkaTanAthaH/rahasya-traya-sAraH/laxmIpura-shrInivAsa-sangrahaH/20_niryANam/
२० निर्याणाधिकारः 	 AryaH/hinduism/branches/vaiShNavaH/shrI-sampradAyaH/tattvam/venkaTanAthaH/rahasya-traya-sAraH/mUlam/20_niryANAdhikAraH/
२० निर्याणाधिकारः 	 AryaH/hinduism/branches/vaiShNavaH/shrI-sampradAyaH/tattvam/venkaTanAthaH/rahasya-traya-sAraH/nsa-summary/1_arthAnushAsana-vibhAgaH/20_niryANAdhikAraH/
२० निर्याणाधिकारः 	 AryaH/hinduism/branches/vaiShNavaH/shrI-sampradAyaH/tattvam/venkaTanAthaH/rahasya-traya-sAraH/rAjagopAla-translation/1_arthAnushAsana-vibhAgaH/20_niryANAdhikAraH/
२० पाणिग्रहणम् 	 AryaH/hinduism/branches/vaiShNavaH/pAncharAtrAgamaH/kriyA-kairava-chandrikA/01_kriyA/20_pANigrahaNam/
२० प्रतिष्ठा-विधानम् 	 AryaH/hinduism/branches/vaiShNavaH/pAncharAtrAgamaH/jayAkhya-saMhitA/20_pratiShThA-vidhAnam/
२०० 	 AryaH/hinduism/branches/brAhmaH/yoga-vAsiShTha-shAstram/Ananda-bodhendra-TIkA/6_nirvANa-prakaraNam/2/200/
२०१ 	 AryaH/hinduism/branches/brAhmaH/yoga-vAsiShTha-shAstram/Ananda-bodhendra-TIkA/6_nirvANa-prakaraNam/2/201/
२०२ 	 AryaH/hinduism/branches/brAhmaH/yoga-vAsiShTha-shAstram/Ananda-bodhendra-TIkA/6_nirvANa-prakaraNam/2/202/
२०३ 	 AryaH/hinduism/branches/brAhmaH/yoga-vAsiShTha-shAstram/Ananda-bodhendra-TIkA/6_nirvANa-prakaraNam/2/203/
२०४ 	 AryaH/hinduism/branches/brAhmaH/yoga-vAsiShTha-shAstram/Ananda-bodhendra-TIkA/6_nirvANa-prakaraNam/2/204/
२०५ 	 AryaH/hinduism/branches/brAhmaH/yoga-vAsiShTha-shAstram/Ananda-bodhendra-TIkA/6_nirvANa-prakaraNam/2/205/
२०७ 	 AryaH/hinduism/branches/brAhmaH/yoga-vAsiShTha-shAstram/Ananda-bodhendra-TIkA/6_nirvANa-prakaraNam/2/207/
२०८ 	 AryaH/hinduism/branches/brAhmaH/yoga-vAsiShTha-shAstram/Ananda-bodhendra-TIkA/6_nirvANa-prakaraNam/2/208/
२०९ 	 AryaH/hinduism/branches/brAhmaH/yoga-vAsiShTha-shAstram/Ananda-bodhendra-TIkA/6_nirvANa-prakaraNam/2/209/
२१ 	 AryaH/hinduism/branches/brAhmaH/yoga-vAsiShTha-shAstram/Ananda-bodhendra-TIkA/1_vairAgya-prakaraNam/21/
२१ 	 AryaH/hinduism/branches/brAhmaH/yoga-vAsiShTha-shAstram/Ananda-bodhendra-TIkA/4_sthiti-prakaraNam/21/
२१ 	 AryaH/hinduism/branches/brAhmaH/yoga-vAsiShTha-shAstram/Ananda-bodhendra-TIkA/5_upashama-prakaraNam/21/
२१ 	 AryaH/hinduism/branches/mishram/prapancha-sAraH/21/
२१ 	 AryaH/hinduism/branches/shaivaH/trikam/abhinavagupta-mUlam/tantrAlokaH/jayaratha-TIkA/21/
२१ 	 AryaH/hinduism/branches/shaivaH/trikam/abhinavagupta-mUlam/tantrAlokaH/pariShkAryam/chaturvedi-rAdheshyAmaH/p5_21-37/21/
२१ 	 AryaH/hinduism/branches/shaivaH/trikam/abhinavagupta-mUlam/tantrAlokaH/pariShkAryam/paramahaMsa-mishraH/p6_16-27/21/
२१ 	 AryaH/hinduism/branches/shaivaH/trikam/abhinavagupta-mUlam/tantrasAraH/mUlam/21/
२१ 	 AryaH/hinduism/branches/shaivaH/trikam/mAlinI-vijayottara-tantram/srotaH/paramhaMsa-mishrAnuvAdaH/21/
२१ 	 AryaH/hinduism/branches/shaivaH/trikam/mAlinI-vijayottara-tantram/srotaH/viShnu-datta-Shastry-anuvAdaH/21/
२१ 	 AryaH/hinduism/branches/shaivaH/trikam/netra-tantram/21/
२१ अध्यायः 	 AryaH/hinduism/branches/vaiShNavaH/pAncharAtrAgamaH/pauShkara-saMhitA/21_adhyAyaH/
२१ इयदधिकरणम् 	 AryaH/hinduism/branches/brAhmaH/shAnakara-darshanam/brahma-sUtrANi/mUlam/3/3/21_iyadadhikaraNam/
२१ गतिचिन्तनम् 	 AryaH/hinduism/branches/vaiShNavaH/shrI-sampradAyaH/tattvam/venkaTanAthaH/rahasya-traya-sAraH/laxmIpura-shrInivAsa-sangrahaH/21_gatichintanam/
२१ गतिचिन्तनाधिकारः 	 AryaH/hinduism/branches/vaiShNavaH/shrI-sampradAyaH/tattvam/venkaTanAthaH/rahasya-traya-sAraH/mUlam/21_gatichintanAdhikAraH/
२१ गतिचिन्तनाधिकारः 	 AryaH/hinduism/branches/vaiShNavaH/shrI-sampradAyaH/tattvam/venkaTanAthaH/rahasya-traya-sAraH/nsa-summary/1_arthAnushAsana-vibhAgaH/21_gatichintanAdhikAraH/
२१ गतिचिन्तनाधिकारः 	 AryaH/hinduism/branches/vaiShNavaH/shrI-sampradAyaH/tattvam/venkaTanAthaH/rahasya-traya-sAraH/rAjagopAla-translation/1_arthAnushAsana-vibhAgaH/21_gatichintanAdhikAraH/
२१ पवित्र-विधानम् 	 AryaH/hinduism/branches/vaiShNavaH/pAncharAtrAgamaH/jayAkhya-saMhitA/21_pavitra-vidhAnam/
२१ महोत्सवविधिः 	 AryaH/hinduism/branches/vaiShNavaH/pAncharAtrAgamaH/aniruddha-saMhitA/21_mahotsavavidhiH/
२१ विमानप्रतिष्ठा 	 AryaH/hinduism/branches/vaiShNavaH/pAncharAtrAgamaH/kriyA-kairava-chandrikA/01_kriyA/21_vimAnapratiSThA/
२१ शक्त्युत्सवविधिपटलः 	 AryaH/hinduism/branches/shaivaH/svAyambhuvAgamaH/04_prakIrNam/21_shaktyutsavavidhipaTalaH/
२१ सूर्य्यमन्त्रप्रकाशः 	 AryaH/hinduism/branches/shaivaH/meru-tantram/21_sUryyamantraprakAshaH/
२१-तम-शतक-पदार्थ-शास्त्र-परिष्कारः 	 AryaH/hinduism/branches/nyAya-vaisheShike/21ce-padArtha-shAstra-pariShkAraH/
२१० 	 AryaH/hinduism/branches/brAhmaH/yoga-vAsiShTha-shAstram/Ananda-bodhendra-TIkA/6_nirvANa-prakaraNam/2/210/
२११ 	 AryaH/hinduism/branches/brAhmaH/yoga-vAsiShTha-shAstram/Ananda-bodhendra-TIkA/6_nirvANa-prakaraNam/2/211/
२१२ 	 AryaH/hinduism/branches/brAhmaH/yoga-vAsiShTha-shAstram/Ananda-bodhendra-TIkA/6_nirvANa-prakaraNam/2/212/
२१३ 	 AryaH/hinduism/branches/brAhmaH/yoga-vAsiShTha-shAstram/Ananda-bodhendra-TIkA/6_nirvANa-prakaraNam/2/213/
२१४ 	 AryaH/hinduism/branches/brAhmaH/yoga-vAsiShTha-shAstram/Ananda-bodhendra-TIkA/6_nirvANa-prakaraNam/2/214/
२१५ 	 AryaH/hinduism/branches/brAhmaH/yoga-vAsiShTha-shAstram/Ananda-bodhendra-TIkA/6_nirvANa-prakaraNam/2/215/
२२ 	 AryaH/hinduism/branches/brAhmaH/yoga-vAsiShTha-shAstram/Ananda-bodhendra-TIkA/1_vairAgya-prakaraNam/22/
२२ 	 AryaH/hinduism/branches/brAhmaH/yoga-vAsiShTha-shAstram/Ananda-bodhendra-TIkA/4_sthiti-prakaraNam/22/
२२ 	 AryaH/hinduism/branches/brAhmaH/yoga-vAsiShTha-shAstram/Ananda-bodhendra-TIkA/5_upashama-prakaraNam/22/
२२ 	 AryaH/hinduism/branches/mishram/prapancha-sAraH/22/
२२ 	 AryaH/hinduism/branches/shaivaH/trikam/abhinavagupta-mUlam/tantrAlokaH/jayaratha-TIkA/22/
२२ 	 AryaH/hinduism/branches/shaivaH/trikam/abhinavagupta-mUlam/tantrAlokaH/pariShkAryam/chaturvedi-rAdheshyAmaH/p5_21-37/22/
२२ 	 AryaH/hinduism/branches/shaivaH/trikam/abhinavagupta-mUlam/tantrAlokaH/pariShkAryam/paramahaMsa-mishraH/p6_16-27/22/
२२ 	 AryaH/hinduism/branches/shaivaH/trikam/abhinavagupta-mUlam/tantrasAraH/mUlam/22/
२२ 	 AryaH/hinduism/branches/shaivaH/trikam/mAlinI-vijayottara-tantram/srotaH/paramhaMsa-mishrAnuvAdaH/22/
२२ 	 AryaH/hinduism/branches/shaivaH/trikam/mAlinI-vijayottara-tantram/srotaH/viShnu-datta-Shastry-anuvAdaH/22/
२२ 	 AryaH/hinduism/branches/shaivaH/trikam/netra-tantram/22/
२२ अध्यायः 	 AryaH/hinduism/branches/vaiShNavaH/pAncharAtrAgamaH/pauShkara-saMhitA/22_adhyAyaH/
२२ अन्तरत्वाधिकरणम् 	 AryaH/hinduism/branches/brAhmaH/shAnakara-darshanam/brahma-sUtrANi/mUlam/3/3/22_antaratvAdhikaraNam/
२२ दमनारोपणविधिः 	 AryaH/hinduism/branches/vaiShNavaH/pAncharAtrAgamaH/aniruddha-saMhitA/22_damanAropaNavidhiH/
२२ नवग्रहप्रकाशः 	 AryaH/hinduism/branches/shaivaH/meru-tantram/22_navagrahaprakAshaH/
२२ परिपूर्ण-ब्रह्मानुभवाधिकारः 	 AryaH/hinduism/branches/vaiShNavaH/shrI-sampradAyaH/tattvam/venkaTanAthaH/rahasya-traya-sAraH/nsa-summary/1_arthAnushAsana-vibhAgaH/22_paripUrNa-brahmAnubhavAdhikAraH/
२२ परिपूर्णब्रह्मानुभवः 	 AryaH/hinduism/branches/vaiShNavaH/shrI-sampradAyaH/tattvam/venkaTanAthaH/rahasya-traya-sAraH/laxmIpura-shrInivAsa-sangrahaH/22_paripUrNabrahmAnubhavaH/
२२ परिपूर्णब्रह्मानुभवाधिकारः 	 AryaH/hinduism/branches/vaiShNavaH/shrI-sampradAyaH/tattvam/venkaTanAthaH/rahasya-traya-sAraH/mUlam/22_paripUrNabrahmAnubhavAdhikAraH/
२२ परिपूर्णब्रह्मानुभवाधिकारः 	 AryaH/hinduism/branches/vaiShNavaH/shrI-sampradAyaH/tattvam/venkaTanAthaH/rahasya-traya-sAraH/rAjagopAla-translation/1_arthAnushAsana-vibhAgaH/22_paripUrNabrahmAnubhavAdhikAraH/
२२ मण्डपादिप्रतिष्ठा 	 AryaH/hinduism/branches/vaiShNavaH/pAncharAtrAgamaH/kriyA-kairava-chandrikA/01_kriyA/22_maNDapAdipratiShThA/
२२ वैवाह्यविधिपटलः 	 AryaH/hinduism/branches/shaivaH/svAyambhuvAgamaH/04_prakIrNam/22_vaivAhyavidhipaTalaH/
२२ वैष्णवाचार-लक्षणम् 	 AryaH/hinduism/branches/vaiShNavaH/pAncharAtrAgamaH/jayAkhya-saMhitA/22_vaiShNavAchAra-laxaNam/
२३ 	 AryaH/hinduism/branches/brAhmaH/yoga-vAsiShTha-shAstram/Ananda-bodhendra-TIkA/1_vairAgya-prakaraNam/23/
२३ 	 AryaH/hinduism/branches/brAhmaH/yoga-vAsiShTha-shAstram/Ananda-bodhendra-TIkA/4_sthiti-prakaraNam/23/
२३ 	 AryaH/hinduism/branches/brAhmaH/yoga-vAsiShTha-shAstram/Ananda-bodhendra-TIkA/5_upashama-prakaraNam/23/
२३ 	 AryaH/hinduism/branches/mishram/prapancha-sAraH/23/
२३ 	 AryaH/hinduism/branches/shaivaH/trikam/abhinavagupta-mUlam/tantrAlokaH/jayaratha-TIkA/23/
२३ 	 AryaH/hinduism/branches/shaivaH/trikam/abhinavagupta-mUlam/tantrAlokaH/pariShkAryam/chaturvedi-rAdheshyAmaH/p5_21-37/23/
२३ 	 AryaH/hinduism/branches/shaivaH/trikam/abhinavagupta-mUlam/tantrAlokaH/pariShkAryam/paramahaMsa-mishraH/p6_16-27/23/
२३ 	 AryaH/hinduism/branches/shaivaH/trikam/mAlinI-vijayottara-tantram/srotaH/viShnu-datta-Shastry-anuvAdaH/23/
२३ अध्यायः 	 AryaH/hinduism/branches/vaiShNavaH/pAncharAtrAgamaH/pauShkara-saMhitA/23_adhyAyaH/
२३ बलिपीठादिप्रतिष्ठा 	 AryaH/hinduism/branches/vaiShNavaH/pAncharAtrAgamaH/kriyA-kairava-chandrikA/01_kriyA/23_balipIThAdipratiShThA/
२३ ब्राह्माद्यष्टमातृकामन्त्रप्रकाशस् 	 AryaH/hinduism/branches/shaivaH/meru-tantram/23_brAhmAdyaShTamAtRkAmantraprakAshas/
२३ मासोत्सवविधिः 	 AryaH/hinduism/branches/vaiShNavaH/pAncharAtrAgamaH/aniruddha-saMhitA/23_mAsotsavavidhiH/
२३ व्यतिहाराधिकरणम् 	 AryaH/hinduism/branches/brAhmaH/shAnakara-darshanam/brahma-sUtrANi/mUlam/3/3/23_vyatihArAdhikaraNam/
२३ श्राद्ध-विधानम् 	 AryaH/hinduism/branches/vaiShNavaH/pAncharAtrAgamaH/jayAkhya-saMhitA/23_shrAddha-vidhAnam/
२३ सिद्धोपायशोधनम् 	 AryaH/hinduism/branches/vaiShNavaH/shrI-sampradAyaH/tattvam/venkaTanAthaH/rahasya-traya-sAraH/laxmIpura-shrInivAsa-sangrahaH/23_siddhopAyashodhanam/
२३ सिद्धोपायशोधनाधिकारः 	 AryaH/hinduism/branches/vaiShNavaH/shrI-sampradAyaH/tattvam/venkaTanAthaH/rahasya-traya-sAraH/mUlam/23_siddhopAyashodhanAdhikAraH/
२३ सिद्धोपायशोधनाधिकारः 	 AryaH/hinduism/branches/vaiShNavaH/shrI-sampradAyaH/tattvam/venkaTanAthaH/rahasya-traya-sAraH/nsa-summary/2_sthirI-karaNa-vibhAgaH/23_siddhopAyashodhanAdhikAraH/
२३ सिद्धोपायशोधनाधिकारः 	 AryaH/hinduism/branches/vaiShNavaH/shrI-sampradAyaH/tattvam/venkaTanAthaH/rahasya-traya-sAraH/rAjagopAla-translation/1_arthAnushAsana-vibhAgaH/23_siddhopAyashodhanAdhikAraH/
२३ स्नानविधिपटलः 	 AryaH/hinduism/branches/shaivaH/svAyambhuvAgamaH/04_prakIrNam/23_snAnavidhipaTalaH/
२४ 	 AryaH/hinduism/branches/brAhmaH/yoga-vAsiShTha-shAstram/Ananda-bodhendra-TIkA/1_vairAgya-prakaraNam/24/
२४ 	 AryaH/hinduism/branches/brAhmaH/yoga-vAsiShTha-shAstram/Ananda-bodhendra-TIkA/4_sthiti-prakaraNam/24/
२४ 	 AryaH/hinduism/branches/brAhmaH/yoga-vAsiShTha-shAstram/Ananda-bodhendra-TIkA/5_upashama-prakaraNam/24/
२४ 	 AryaH/hinduism/branches/mishram/prapancha-sAraH/24/
२४ 	 AryaH/hinduism/branches/shaivaH/trikam/abhinavagupta-mUlam/tantrAlokaH/jayaratha-TIkA/24/
२४ 	 AryaH/hinduism/branches/shaivaH/trikam/abhinavagupta-mUlam/tantrAlokaH/pariShkAryam/chaturvedi-rAdheshyAmaH/p5_21-37/24/
२४ 	 AryaH/hinduism/branches/shaivaH/trikam/abhinavagupta-mUlam/tantrAlokaH/pariShkAryam/paramahaMsa-mishraH/p6_16-27/24/
२४ अध्यायः 	 AryaH/hinduism/branches/vaiShNavaH/pAncharAtrAgamaH/pauShkara-saMhitA/24_adhyAyaH/
२४ दशदिगीशमन्त्रप्रकाशः 	 AryaH/hinduism/branches/shaivaH/meru-tantram/24_dashadigIshamantraprakAshaH/
२४ पवित्रारोहणम् 	 AryaH/hinduism/branches/vaiShNavaH/pAncharAtrAgamaH/aniruddha-saMhitA/24_pavitrArohaNam/
२४ प्रथमेष्टकः पटलः 	 AryaH/hinduism/branches/shaivaH/svAyambhuvAgamaH/02_uttarasUtram/24_prathameShTakaH_paTalaH/
२४ प्रभादिप्रतिष्ठा 	 AryaH/hinduism/branches/vaiShNavaH/pAncharAtrAgamaH/kriyA-kairava-chandrikA/01_kriyA/24_prabhAdipratiShThA/
२४ शिवपूजाविधिपटलः 	 AryaH/hinduism/branches/shaivaH/svAyambhuvAgamaH/04_prakIrNam/24_shivapUjAvidhipaTalaH/
२४ संस्काराख्यानम् 	 AryaH/hinduism/branches/vaiShNavaH/pAncharAtrAgamaH/jayAkhya-saMhitA/24_saMskArAkhyAnam/
२४ सत्याद्यधिकरणम् 	 AryaH/hinduism/branches/brAhmaH/shAnakara-darshanam/brahma-sUtrANi/mUlam/3/3/24_satyAdyadhikaraNam/
२४ साध्योपाय-शोधनाधिकारः 	 AryaH/hinduism/branches/vaiShNavaH/shrI-sampradAyaH/tattvam/venkaTanAthaH/rahasya-traya-sAraH/rAjagopAla-translation/2_sthirI-karaNa-vibhAgaH/24_sAdhyopAya-shodhanAdhikAraH/
२४ साध्योपायशोधनम् 	 AryaH/hinduism/branches/vaiShNavaH/shrI-sampradAyaH/tattvam/venkaTanAthaH/rahasya-traya-sAraH/laxmIpura-shrInivAsa-sangrahaH/24_sAdhyopAyashodhanam/
२४ साध्योपायशोधनाधिकारः 	 AryaH/hinduism/branches/vaiShNavaH/shrI-sampradAyaH/tattvam/venkaTanAthaH/rahasya-traya-sAraH/mUlam/24_sAdhyopAyashodhanAdhikAraH/
२४ साध्योपायशोधनाधिकारः 	 AryaH/hinduism/branches/vaiShNavaH/shrI-sampradAyaH/tattvam/venkaTanAthaH/rahasya-traya-sAraH/nsa-summary/2_sthirI-karaNa-vibhAgaH/24_sAdhyopAyashodhanAdhikAraH/
२५ 	 AryaH/hinduism/branches/brAhmaH/yoga-vAsiShTha-shAstram/Ananda-bodhendra-TIkA/1_vairAgya-prakaraNam/25/
२५ 	 AryaH/hinduism/branches/brAhmaH/yoga-vAsiShTha-shAstram/Ananda-bodhendra-TIkA/4_sthiti-prakaraNam/25/
२५ 	 AryaH/hinduism/branches/brAhmaH/yoga-vAsiShTha-shAstram/Ananda-bodhendra-TIkA/5_upashama-prakaraNam/25/
२५ 	 AryaH/hinduism/branches/mishram/prapancha-sAraH/25/
२५ 	 AryaH/hinduism/branches/shaivaH/trikam/abhinavagupta-mUlam/tantrAlokaH/jayaratha-TIkA/25/
२५ 	 AryaH/hinduism/branches/shaivaH/trikam/abhinavagupta-mUlam/tantrAlokaH/pariShkAryam/chaturvedi-rAdheshyAmaH/p5_21-37/25/
२५ 	 AryaH/hinduism/branches/shaivaH/trikam/abhinavagupta-mUlam/tantrAlokaH/pariShkAryam/paramahaMsa-mishraH/p6_16-27/25/
२५ अध्यायः 	 AryaH/hinduism/branches/vaiShNavaH/pAncharAtrAgamaH/pauShkara-saMhitA/25_adhyAyaH/
२५ कामाद्यधिकरणम् 	 AryaH/hinduism/branches/brAhmaH/shAnakara-darshanam/brahma-sUtrANi/mUlam/3/3/25_kAmAdyadhikaraNam/
२५ गृहार्चाप्रतिष्ठा 	 AryaH/hinduism/branches/vaiShNavaH/pAncharAtrAgamaH/kriyA-kairava-chandrikA/01_kriyA/25_gRhArchA-pratiShThA/
२५ जयन्तीकृत्तिकोत्सवविधिः 	 AryaH/hinduism/branches/vaiShNavaH/pAncharAtrAgamaH/aniruddha-saMhitA/25_jayantIkRttikotsavavidhiH/
२५ दीपविधिप्रकाशः 	 AryaH/hinduism/branches/shaivaH/meru-tantram/25_dIpavidhiprakAshaH/
२५ प्रभाव-व्यवस्थाधिकारः 	 AryaH/hinduism/branches/vaiShNavaH/shrI-sampradAyaH/tattvam/venkaTanAthaH/rahasya-traya-sAraH/rAjagopAla-translation/2_sthirI-karaNa-vibhAgaH/25_prabhAva-vyavasthAdhikAraH/
२५ प्रभावव्यवस्था 	 AryaH/hinduism/branches/vaiShNavaH/shrI-sampradAyaH/tattvam/venkaTanAthaH/rahasya-traya-sAraH/laxmIpura-shrInivAsa-sangrahaH/25_prabhAvavyavasthA/
२५ प्रभावव्यवस्थाधिकारः 	 AryaH/hinduism/branches/vaiShNavaH/shrI-sampradAyaH/tattvam/venkaTanAthaH/rahasya-traya-sAraH/mUlam/25_prabhAvavyavasthAdhikAraH/
२५ प्रभावव्यवस्थाधिकारः 	 AryaH/hinduism/branches/vaiShNavaH/shrI-sampradAyaH/tattvam/venkaTanAthaH/rahasya-traya-sAraH/nsa-summary/2_sthirI-karaNa-vibhAgaH/25_prabhAvavyavasthAdhikAraH/
२५ प्रायश्चित्त-विधिः 	 AryaH/hinduism/branches/vaiShNavaH/pAncharAtrAgamaH/jayAkhya-saMhitA/25_prAyashchitta-vidhiH/
२५ मुद्रालक्षणपटलः 	 AryaH/hinduism/branches/shaivaH/svAyambhuvAgamaH/04_prakIrNam/25_mudrAlaxaNapaTalaH/
२६ 	 AryaH/hinduism/branches/brAhmaH/yoga-vAsiShTha-shAstram/Ananda-bodhendra-TIkA/1_vairAgya-prakaraNam/26/
२६ 	 AryaH/hinduism/branches/brAhmaH/yoga-vAsiShTha-shAstram/Ananda-bodhendra-TIkA/4_sthiti-prakaraNam/26/
२६ 	 AryaH/hinduism/branches/brAhmaH/yoga-vAsiShTha-shAstram/Ananda-bodhendra-TIkA/5_upashama-prakaraNam/26/
२६ 	 AryaH/hinduism/branches/mishram/prapancha-sAraH/26/
२६ 	 AryaH/hinduism/branches/shaivaH/trikam/abhinavagupta-mUlam/tantrAlokaH/jayaratha-TIkA/26/
२६ 	 AryaH/hinduism/branches/shaivaH/trikam/abhinavagupta-mUlam/tantrAlokaH/pariShkAryam/chaturvedi-rAdheshyAmaH/p5_21-37/26/
२६ 	 AryaH/hinduism/branches/shaivaH/trikam/abhinavagupta-mUlam/tantrAlokaH/pariShkAryam/paramahaMsa-mishraH/p6_16-27/26/
२६ (नीराजनम्) अध्ययनोत्सवविधिः 	 AryaH/hinduism/branches/vaiShNavaH/pAncharAtrAgamaH/aniruddha-saMhitA/26_nIrAjanam_adhyayanotsavavidhiH/
२६ अध्यायः 	 AryaH/hinduism/branches/vaiShNavaH/pAncharAtrAgamaH/pauShkara-saMhitA/26_adhyAyaH/
२६ आदराधिकरणम् 	 AryaH/hinduism/branches/brAhmaH/shAnakara-darshanam/brahma-sUtrANi/mUlam/3/3/26_AdarAdhikaraNam/
२६ गर्भन्यासपटलः 	 AryaH/hinduism/branches/shaivaH/svAyambhuvAgamaH/02_uttarasUtram/26_garbhanyAsapaTalaH/
२६ दशावतारमन्त्रप्रकाशः 	 AryaH/hinduism/branches/shaivaH/meru-tantram/26_dashAvatAramantraprakAshaH/
२६ दीक्षा 	 AryaH/hinduism/branches/vaiShNavaH/pAncharAtrAgamaH/kriyA-kairava-chandrikA/02_charyA/26_dIxA/
२६ प्रभावरक्षा 	 AryaH/hinduism/branches/vaiShNavaH/shrI-sampradAyaH/tattvam/venkaTanAthaH/rahasya-traya-sAraH/laxmIpura-shrInivAsa-sangrahaH/26_prabhAvaraxA/
२६ प्रभावरक्षाधिकारः 	 AryaH/hinduism/branches/vaiShNavaH/shrI-sampradAyaH/tattvam/venkaTanAthaH/rahasya-traya-sAraH/mUlam/26_prabhAvaraxAdhikAraH/
२६ प्रभावरक्षाधिकारः 	 AryaH/hinduism/branches/vaiShNavaH/shrI-sampradAyaH/tattvam/venkaTanAthaH/rahasya-traya-sAraH/nsa-summary/2_sthirI-karaNa-vibhAgaH/26_prabhAvaraxAdhikAraH/
२६ प्रभावरक्षाधिकारः 	 AryaH/hinduism/branches/vaiShNavaH/shrI-sampradAyaH/tattvam/venkaTanAthaH/rahasya-traya-sAraH/rAjagopAla-translation/2_sthirI-karaNa-vibhAgaH/26_prabhAvaraxAdhikAraH/
२६ शिवरात्रिपूजाविधिपटलः 	 AryaH/hinduism/branches/shaivaH/svAyambhuvAgamaH/04_prakIrNam/26_shivarAtripUjAvidhipaTalaH/
२६ साधकस्य मूलमन्त्रसाधनम् 	 AryaH/hinduism/branches/vaiShNavaH/pAncharAtrAgamaH/jayAkhya-saMhitA/26_sAdhakasya_mUlamantrasAdhanam/
२७ 	 AryaH/hinduism/branches/brAhmaH/yoga-vAsiShTha-shAstram/Ananda-bodhendra-TIkA/1_vairAgya-prakaraNam/27/
२७ 	 AryaH/hinduism/branches/brAhmaH/yoga-vAsiShTha-shAstram/Ananda-bodhendra-TIkA/4_sthiti-prakaraNam/27/
२७ 	 AryaH/hinduism/branches/brAhmaH/yoga-vAsiShTha-shAstram/Ananda-bodhendra-TIkA/5_upashama-prakaraNam/27/
२७ 	 AryaH/hinduism/branches/mishram/prapancha-sAraH/27/
२७ 	 AryaH/hinduism/branches/shaivaH/trikam/abhinavagupta-mUlam/tantrAlokaH/jayaratha-TIkA/27/
२७ 	 AryaH/hinduism/branches/shaivaH/trikam/abhinavagupta-mUlam/tantrAlokaH/pariShkAryam/chaturvedi-rAdheshyAmaH/p5_21-37/27/
२७ 	 AryaH/hinduism/branches/shaivaH/trikam/abhinavagupta-mUlam/tantrAlokaH/pariShkAryam/paramahaMsa-mishraH/p6_16-27/27/
२७ अध्यायः 	 AryaH/hinduism/branches/vaiShNavaH/pAncharAtrAgamaH/pauShkara-saMhitA/27_adhyAyaH/
२७ कृत्तिकादीपपटलः 	 AryaH/hinduism/branches/shaivaH/svAyambhuvAgamaH/04_prakIrNam/27_kRttikAdIpapaTalaH/
२७ चतुर्विंशतिमूर्तिमनुकथनं 	 AryaH/hinduism/branches/shaivaH/meru-tantram/27_chaturviMshatimUrtimanukathanaM/
२७ तन्निर्धारणाधिकरणम् 	 AryaH/hinduism/branches/brAhmaH/shAnakara-darshanam/brahma-sUtrANi/mUlam/3/3/27_tannirdhAraNAdhikaraNam/
२७ प्रासादलक्षणम् 	 AryaH/hinduism/branches/shaivaH/svAyambhuvAgamaH/02_uttarasUtram/27_prAsAdalaxaNam/
२७ मूलमन्त्राधिकार 	 AryaH/hinduism/branches/vaiShNavaH/shrI-sampradAyaH/tattvam/venkaTanAthaH/rahasya-traya-sAraH/mUlam/27_mUlamantrAdhikAra/
२७ मूलमन्त्राधिकारः 	 AryaH/hinduism/branches/vaiShNavaH/shrI-sampradAyaH/tattvam/venkaTanAthaH/rahasya-traya-sAraH/laxmIpura-shrInivAsa-sangrahaH/27_mUlamantrAdhikAraH/
२७ मूलमन्त्राधिकारः 	 AryaH/hinduism/branches/vaiShNavaH/shrI-sampradAyaH/tattvam/venkaTanAthaH/rahasya-traya-sAraH/nsa-summary/3_pada-vAkya-yojanA-vibhAgaH/27_mUlamantrAdhikAraH/
२७ मूलमन्त्राधिकारः 	 AryaH/hinduism/branches/vaiShNavaH/shrI-sampradAyaH/tattvam/venkaTanAthaH/rahasya-traya-sAraH/rAjagopAla-translation/3_pada-vAkya-yojanA-vibhAgaH/27_mUlamantrAdhikAraH/
२७ शक्ति-मन्त्र-साधनम् 	 AryaH/hinduism/branches/vaiShNavaH/pAncharAtrAgamaH/jayAkhya-saMhitA/27_shakti-mantra-sAdhanam/
२७ संवत्सरोत्सव-(स्नान)-विधिः 	 AryaH/hinduism/branches/vaiShNavaH/pAncharAtrAgamaH/aniruddha-saMhitA/27_saMvatsarotsava-snAna-vidhiH/
२८ 	 AryaH/hinduism/branches/brAhmaH/yoga-vAsiShTha-shAstram/Ananda-bodhendra-TIkA/1_vairAgya-prakaraNam/28/
२८ 	 AryaH/hinduism/branches/brAhmaH/yoga-vAsiShTha-shAstram/Ananda-bodhendra-TIkA/4_sthiti-prakaraNam/28/
२८ 	 AryaH/hinduism/branches/brAhmaH/yoga-vAsiShTha-shAstram/Ananda-bodhendra-TIkA/5_upashama-prakaraNam/28/
२८ 	 AryaH/hinduism/branches/mishram/prapancha-sAraH/28/
२८ 	 AryaH/hinduism/branches/shaivaH/trikam/abhinavagupta-mUlam/tantrAlokaH/jayaratha-TIkA/28/
२८ 	 AryaH/hinduism/branches/shaivaH/trikam/abhinavagupta-mUlam/tantrAlokaH/pariShkAryam/chaturvedi-rAdheshyAmaH/p5_21-37/28/
२८ 	 AryaH/hinduism/branches/shaivaH/trikam/abhinavagupta-mUlam/tantrAlokaH/pariShkAryam/paramahaMsa-mishraH/p7_28-29/28/
२८ 	 AryaH/hinduism/branches/vaiShNavaH/pAncharAtrAgamaH/kriyA-kairava-chandrikA/02_charyA/28/
२८ अङ्ग-मन्त्र-साधनं 	 AryaH/hinduism/branches/vaiShNavaH/pAncharAtrAgamaH/jayAkhya-saMhitA/28_anga-mantra-sAdhanaM/
२८ अध्यायः 	 AryaH/hinduism/branches/vaiShNavaH/pAncharAtrAgamaH/pauShkara-saMhitA/28_adhyAyaH/
२८ तिलदानविधिः 	 AryaH/hinduism/branches/vaiShNavaH/pAncharAtrAgamaH/aniruddha-saMhitA/28_tiladAnavidhiH/
२८ द्वयाधिकारः 	 AryaH/hinduism/branches/vaiShNavaH/shrI-sampradAyaH/tattvam/venkaTanAthaH/rahasya-traya-sAraH/laxmIpura-shrInivAsa-sangrahaH/28_dvayAdhikAraH/
२८ द्वयाधिकारः 	 AryaH/hinduism/branches/vaiShNavaH/shrI-sampradAyaH/tattvam/venkaTanAthaH/rahasya-traya-sAraH/mUlam/28_dvayAdhikAraH/
२८ द्वयाधिकारः 	 AryaH/hinduism/branches/vaiShNavaH/shrI-sampradAyaH/tattvam/venkaTanAthaH/rahasya-traya-sAraH/nsa-summary/3_pada-vAkya-yojanA-vibhAgaH/28_dvayAdhikAraH/
२८ द्वयाधिकारः 	 AryaH/hinduism/branches/vaiShNavaH/shrI-sampradAyaH/tattvam/venkaTanAthaH/rahasya-traya-sAraH/rAjagopAla-translation/3_pada-vAkya-yojanA-vibhAgaH/28_dvayAdhikAraH/
२८ प्रदानाधिकरणम् 	 AryaH/hinduism/branches/brAhmaH/shAnakara-darshanam/brahma-sUtrANi/mUlam/3/3/28_pradAnAdhikaraNam/
२८ मयमते यानाधिकाराध्यायः 	 AryaH/hinduism/branches/shaivaH/svAyambhuvAgamaH/04_prakIrNam/28_mayamate_yAnAdhikArAdhyAyaH/
२८ मूर्धकाष्टकःपटलः 	 AryaH/hinduism/branches/shaivaH/svAyambhuvAgamaH/02_uttarasUtram/28_mUrdhakAShTakaHpaTalaH/
२८ विष्णुप्रियमन्त्रकथनं 	 AryaH/hinduism/branches/shaivaH/meru-tantram/28_viShNupriyamantrakathanaM/
२९ 	 AryaH/hinduism/branches/brAhmaH/yoga-vAsiShTha-shAstram/Ananda-bodhendra-TIkA/1_vairAgya-prakaraNam/29/
२९ 	 AryaH/hinduism/branches/brAhmaH/yoga-vAsiShTha-shAstram/Ananda-bodhendra-TIkA/4_sthiti-prakaraNam/29/
२९ 	 AryaH/hinduism/branches/brAhmaH/yoga-vAsiShTha-shAstram/Ananda-bodhendra-TIkA/5_upashama-prakaraNam/29/
२९ 	 AryaH/hinduism/branches/mishram/prapancha-sAraH/29/
२९ 	 AryaH/hinduism/branches/shaivaH/trikam/abhinavagupta-mUlam/tantrAlokaH/jayaratha-TIkA/29/
२९ 	 AryaH/hinduism/branches/shaivaH/trikam/abhinavagupta-mUlam/tantrAlokaH/pariShkAryam/chaturvedi-rAdheshyAmaH/p5_21-37/29/
२९ 	 AryaH/hinduism/branches/shaivaH/trikam/abhinavagupta-mUlam/tantrAlokaH/pariShkAryam/paramahaMsa-mishraH/p7_28-29/29/
२९ अग्निकार्यविधिः 	 AryaH/hinduism/branches/vaiShNavaH/pAncharAtrAgamaH/kriyA-kairava-chandrikA/02_charyA/29_agnikAryavidhiH/
२९ अध्यायः 	 AryaH/hinduism/branches/vaiShNavaH/pAncharAtrAgamaH/pauShkara-saMhitA/29_adhyAyaH/
२९ आयुधमन्त्रकथनं 	 AryaH/hinduism/branches/shaivaH/meru-tantram/29_AyudhamantrakathanaM/
२९ गौतममते यानसंहितायां रथमानम् 	 AryaH/hinduism/branches/shaivaH/svAyambhuvAgamaH/04_prakIrNam/29_gautamamate_yAnasaMhitAyAM_rathamAnam/
२९ चरमश्लोकाधिकारः 	 AryaH/hinduism/branches/vaiShNavaH/shrI-sampradAyaH/tattvam/venkaTanAthaH/rahasya-traya-sAraH/laxmIpura-shrInivAsa-sangrahaH/29_charamashlokAdhikAraH/
२९ चरमश्लोकाधिकारः 	 AryaH/hinduism/branches/vaiShNavaH/shrI-sampradAyaH/tattvam/venkaTanAthaH/rahasya-traya-sAraH/mUlam/29_charamashlokAdhikAraH/
२९ चरमश्लोकाधिकारः 	 AryaH/hinduism/branches/vaiShNavaH/shrI-sampradAyaH/tattvam/venkaTanAthaH/rahasya-traya-sAraH/nsa-summary/3_pada-vAkya-yojanA-vibhAgaH/29_charamashlokAdhikAraH/
२९ चरमश्लोकाधिकारः 	 AryaH/hinduism/branches/vaiShNavaH/shrI-sampradAyaH/tattvam/venkaTanAthaH/rahasya-traya-sAraH/rAjagopAla-translation/3_pada-vAkya-yojanA-vibhAgaH/29_charamashlokAdhikAraH/
२९ लिङ्गभूयस्त्वाधिकरणम् 	 AryaH/hinduism/branches/brAhmaH/shAnakara-darshanam/brahma-sUtrANi/mUlam/3/3/29_lingabhUyastvAdhikaraNam/
२९ लिङ्गलक्षणम् 	 AryaH/hinduism/branches/shaivaH/svAyambhuvAgamaH/02_uttarasUtram/29_lingalaxaNam/
२९ वक्त्र-मन्त्र-साधनम् 	 AryaH/hinduism/branches/vaiShNavaH/pAncharAtrAgamaH/jayAkhya-saMhitA/29_vaktra-mantra-sAdhanam/
२९ सम्प्रोक्षणविधिः 	 AryaH/hinduism/branches/vaiShNavaH/pAncharAtrAgamaH/aniruddha-saMhitA/29_samproxaNavidhiH/
३ 	 AryaH/hinduism/branches/shaivaH/shiva-sUtrANi/kShemarAja-vimarshinI/3/
३ 	 AryaH/hinduism/branches/shaivaH/shiva-sUtrANi/mUlam/3/
३ 	 AryaH/hinduism/branches/shaivaH/shiva-sUtrANi/viShaya-sangrahaH/3/
३ 	 AryaH/hinduism/branches/shaivaH/trikam/somAnanda-shivadRShTiH/3/
३ आगमाधिकारः 	 AryaH/hinduism/branches/shaivaH/trikam/Ishvara-pratyabhiJNA-kArikA/vimarshinI-vyAkhyA/3_AgamAdhikAraH/
३ आगमाधिकारः 	 AryaH/hinduism/branches/shaivaH/trikam/Ishvara-pratyabhiJNA-kArikA/vimarshinI/3_AgamAdhikAraH/
३ आगमाधिकारः 	 AryaH/hinduism/branches/shaivaH/trikam/Ishvara-pratyabhiJNA-kArikA/vRttiH/3_AgamAdhikAraH/
३ विभूतिस्पन्दः 	 AryaH/hinduism/branches/shaivaH/shiva-sUtrANi/vasugupta-vArttikam/3_vibhUtispandaH/
३ स्वप्रक्रिया-निरूपणम् 	 AryaH/hinduism/branches/brAhmaH/shAnakara-darshanam/sachchidAnandendraH/mUlAvidyA-nirAsaH/3_svaprakriyA-nirUpaNam/
३० 	 AryaH/hinduism/branches/brAhmaH/yoga-vAsiShTha-shAstram/Ananda-bodhendra-TIkA/1_vairAgya-prakaraNam/30/
३० 	 AryaH/hinduism/branches/brAhmaH/yoga-vAsiShTha-shAstram/Ananda-bodhendra-TIkA/4_sthiti-prakaraNam/30/
३० 	 AryaH/hinduism/branches/brAhmaH/yoga-vAsiShTha-shAstram/Ananda-bodhendra-TIkA/5_upashama-prakaraNam/30/
३० 	 AryaH/hinduism/branches/mishram/prapancha-sAraH/30/
३० 	 AryaH/hinduism/branches/shaivaH/trikam/abhinavagupta-mUlam/tantrAlokaH/jayaratha-TIkA/30/
३० 	 AryaH/hinduism/branches/shaivaH/trikam/abhinavagupta-mUlam/tantrAlokaH/pariShkAryam/chaturvedi-rAdheshyAmaH/p5_21-37/30/
३० 	 AryaH/hinduism/branches/shaivaH/trikam/abhinavagupta-mUlam/tantrAlokaH/pariShkAryam/paramahaMsa-mishraH/p8_30-37_pariShiShTAni/30/
३० अध्यायः 	 AryaH/hinduism/branches/vaiShNavaH/pAncharAtrAgamaH/pauShkara-saMhitA/30_adhyAyaH/
३० आचार्यकृत्याधिकारः 	 AryaH/hinduism/branches/vaiShNavaH/shrI-sampradAyaH/tattvam/venkaTanAthaH/rahasya-traya-sAraH/laxmIpura-shrInivAsa-sangrahaH/30_AchAryakRtyAdhikAraH/
३० आचार्यकृत्याधिकारः 	 AryaH/hinduism/branches/vaiShNavaH/shrI-sampradAyaH/tattvam/venkaTanAthaH/rahasya-traya-sAraH/mUlam/30_AchAryakRtyAdhikAraH/
३० आचार्यकृत्याधिकारः 	 AryaH/hinduism/branches/vaiShNavaH/shrI-sampradAyaH/tattvam/venkaTanAthaH/rahasya-traya-sAraH/nsa-summary/4_saMpradAya-prakriyA-bhAgaH/30_AchAryakRtyAdhikAraH/
३० आचार्यकृत्याधिकारः 	 AryaH/hinduism/branches/vaiShNavaH/shrI-sampradAyaH/tattvam/venkaTanAthaH/rahasya-traya-sAraH/rAjagopAla-translation/4_saMpradAya-prakriyA-bhAgaH/30_AchAryakRtyAdhikAraH/
३० ऐकात्म्याधिकरणम् 	 AryaH/hinduism/branches/brAhmaH/shAnakara-darshanam/brahma-sUtrANi/mUlam/3/3/30_aikAtmyAdhikaraNam/
३० परिकर-साधनम् 	 AryaH/hinduism/branches/vaiShNavaH/pAncharAtrAgamaH/jayAkhya-saMhitA/30_parikara-sAdhanam/
३० प्रतिमालक्षणम् 	 AryaH/hinduism/branches/shaivaH/svAyambhuvAgamaH/02_uttarasUtram/30_pratimAlaxaNam/
३० प्रायश्चित्तविधिः 	 AryaH/hinduism/branches/vaiShNavaH/pAncharAtrAgamaH/aniruddha-saMhitA/30_prAyashchittavidhiH/
३० मूलसंकोचविधिपटलः 	 AryaH/hinduism/branches/shaivaH/svAyambhuvAgamaH/04_prakIrNam/30_mUlasaMkochavidhipaTalaH/
३० विष्णुशक्तिमनुकथनं 	 AryaH/hinduism/branches/shaivaH/meru-tantram/30_viShNushaktimanukathanaM/
३१ 	 AryaH/hinduism/branches/brAhmaH/yoga-vAsiShTha-shAstram/Ananda-bodhendra-TIkA/1_vairAgya-prakaraNam/31/
३१ 	 AryaH/hinduism/branches/brAhmaH/yoga-vAsiShTha-shAstram/Ananda-bodhendra-TIkA/4_sthiti-prakaraNam/31/
३१ 	 AryaH/hinduism/branches/brAhmaH/yoga-vAsiShTha-shAstram/Ananda-bodhendra-TIkA/5_upashama-prakaraNam/31/
३१ 	 AryaH/hinduism/branches/mishram/prapancha-sAraH/31/
३१ 	 AryaH/hinduism/branches/shaivaH/trikam/abhinavagupta-mUlam/tantrAlokaH/jayaratha-TIkA/31/
३१ 	 AryaH/hinduism/branches/shaivaH/trikam/abhinavagupta-mUlam/tantrAlokaH/pariShkAryam/chaturvedi-rAdheshyAmaH/p5_21-37/31/
३१ 	 AryaH/hinduism/branches/shaivaH/trikam/abhinavagupta-mUlam/tantrAlokaH/pariShkAryam/paramahaMsa-mishraH/p8_30-37_pariShiShTAni/31/
३१ अङ्गावबद्धाधिकरणम् 	 AryaH/hinduism/branches/brAhmaH/shAnakara-darshanam/brahma-sUtrANi/mUlam/3/3/31_angAvabaddhAdhikaraNam/
३१ अध्यायः 	 AryaH/hinduism/branches/vaiShNavaH/pAncharAtrAgamaH/pauShkara-saMhitA/31_adhyAyaH/
३१ उपाङ्ग-साधनम् 	 AryaH/hinduism/branches/vaiShNavaH/pAncharAtrAgamaH/jayAkhya-saMhitA/31_upAnga-sAdhanam/
३१ गर्भन्यासविधिः 	 AryaH/hinduism/branches/vaiShNavaH/pAncharAtrAgamaH/aniruddha-saMhitA/31_garbhanyAsavidhiH/
३१ नित्योत्सवः 	 AryaH/hinduism/branches/vaiShNavaH/pAncharAtrAgamaH/kriyA-kairava-chandrikA/02_charyA/30_nityotsavaH/
३१ लिङ्गस्थापनम् 	 AryaH/hinduism/branches/shaivaH/svAyambhuvAgamaH/02_uttarasUtram/31_lingasthApanam/
३१ विघ्नेशार्चनम् 	 AryaH/hinduism/branches/shaivaH/svAyambhuvAgamaH/04_prakIrNam/31_vighneshArchanam/
३१ शिवमन्त्रकथनं 	 AryaH/hinduism/branches/shaivaH/meru-tantram/31_shivamantrakathanaM/
३१ शिष्यकृत्याधिकारः 	 AryaH/hinduism/branches/vaiShNavaH/shrI-sampradAyaH/tattvam/venkaTanAthaH/rahasya-traya-sAraH/laxmIpura-shrInivAsa-sangrahaH/31_shiShyakRtyAdhikAraH/
३१ शिष्यकृत्याधिकारः 	 AryaH/hinduism/branches/vaiShNavaH/shrI-sampradAyaH/tattvam/venkaTanAthaH/rahasya-traya-sAraH/mUlam/31_shiShyakRtyAdhikAraH/
३१ शिष्यकृत्याधिकारः 	 AryaH/hinduism/branches/vaiShNavaH/shrI-sampradAyaH/tattvam/venkaTanAthaH/rahasya-traya-sAraH/nsa-summary/4_saMpradAya-prakriyA-bhAgaH/31_shiShyakRtyAdhikAraH/
३१ शिष्यकृत्याधिकारः 	 AryaH/hinduism/branches/vaiShNavaH/shrI-sampradAyaH/tattvam/venkaTanAthaH/rahasya-traya-sAraH/rAjagopAla-translation/4_saMpradAya-prakriyA-bhAgaH/31_shiShyakRtyAdhikAraH/
३१ स्नपनम् 	 AryaH/hinduism/branches/vaiShNavaH/pAncharAtrAgamaH/kriyA-kairava-chandrikA/02_charyA/31_snapanam/
३२ 	 AryaH/hinduism/branches/brAhmaH/yoga-vAsiShTha-shAstram/Ananda-bodhendra-TIkA/1_vairAgya-prakaraNam/32/
३२ 	 AryaH/hinduism/branches/brAhmaH/yoga-vAsiShTha-shAstram/Ananda-bodhendra-TIkA/4_sthiti-prakaraNam/32/
३२ 	 AryaH/hinduism/branches/brAhmaH/yoga-vAsiShTha-shAstram/Ananda-bodhendra-TIkA/5_upashama-prakaraNam/32/
३२ 	 AryaH/hinduism/branches/mishram/prapancha-sAraH/32/
३२ 	 AryaH/hinduism/branches/shaivaH/trikam/abhinavagupta-mUlam/tantrAlokaH/jayaratha-TIkA/32/
३२ 	 AryaH/hinduism/branches/shaivaH/trikam/abhinavagupta-mUlam/tantrAlokaH/pariShkAryam/chaturvedi-rAdheshyAmaH/p5_21-37/32/
३२ 	 AryaH/hinduism/branches/shaivaH/trikam/abhinavagupta-mUlam/tantrAlokaH/pariShkAryam/paramahaMsa-mishraH/p8_30-37_pariShiShTAni/32/
३२ अध्यायः 	 AryaH/hinduism/branches/vaiShNavaH/pAncharAtrAgamaH/pauShkara-saMhitA/32_adhyAyaH/
३२ निगमनाधिकारः 	 AryaH/hinduism/branches/vaiShNavaH/shrI-sampradAyaH/tattvam/venkaTanAthaH/rahasya-traya-sAraH/laxmIpura-shrInivAsa-sangrahaH/32_nigamanAdhikAraH/
३२ निगमनाधिकारः 	 AryaH/hinduism/branches/vaiShNavaH/shrI-sampradAyaH/tattvam/venkaTanAthaH/rahasya-traya-sAraH/mUlam/32_nigamanAdhikAraH/
३२ निगमनाधिकारः 	 AryaH/hinduism/branches/vaiShNavaH/shrI-sampradAyaH/tattvam/venkaTanAthaH/rahasya-traya-sAraH/nsa-summary/4_saMpradAya-prakriyA-bhAgaH/32_nigamanAdhikAraH/
३२ निगमनाधिकारः 	 AryaH/hinduism/branches/vaiShNavaH/shrI-sampradAyaH/tattvam/venkaTanAthaH/rahasya-traya-sAraH/rAjagopAla-translation/4_saMpradAya-prakriyA-bhAgaH/32_nigamanAdhikAraH/
३२ बलिपीठप्रतिष्ठापनविधिः 	 AryaH/hinduism/branches/vaiShNavaH/pAncharAtrAgamaH/aniruddha-saMhitA/32_balipIThapratiShThApanavidhiH/
३२ भूमज्यायस्त्वाधिकरणम् 	 AryaH/hinduism/branches/brAhmaH/shAnakara-darshanam/brahma-sUtrANi/mUlam/3/3/32_bhUmajyAyastvAdhikaraNam/
३२ भैरवादिमनुकथनं 	 AryaH/hinduism/branches/shaivaH/meru-tantram/32_bhairavAdimanukathanaM/
३२ विघ्नेशध्यानम् 	 AryaH/hinduism/branches/shaivaH/svAyambhuvAgamaH/04_prakIrNam/32_vighneshadhyAnam/
३२ सहस्रकलस्नपनम् 	 AryaH/hinduism/branches/vaiShNavaH/pAncharAtrAgamaH/kriyA-kairava-chandrikA/02_charyA/32_sahasrakalashasnapanam/
३२ साधन-विधिः 	 AryaH/hinduism/branches/vaiShNavaH/pAncharAtrAgamaH/jayAkhya-saMhitA/32_sAdhana-vidhiH/
३२ स्थापकः पटलः 	 AryaH/hinduism/branches/shaivaH/svAyambhuvAgamaH/02_uttarasUtram/32_sthApakaH_paTalaH/
३३ 	 AryaH/hinduism/branches/brAhmaH/yoga-vAsiShTha-shAstram/Ananda-bodhendra-TIkA/1_vairAgya-prakaraNam/33/
३३ 	 AryaH/hinduism/branches/brAhmaH/yoga-vAsiShTha-shAstram/Ananda-bodhendra-TIkA/4_sthiti-prakaraNam/33/
३३ 	 AryaH/hinduism/branches/brAhmaH/yoga-vAsiShTha-shAstram/Ananda-bodhendra-TIkA/5_upashama-prakaraNam/33/
३३ 	 AryaH/hinduism/branches/mishram/prapancha-sAraH/33/
३३ 	 AryaH/hinduism/branches/shaivaH/trikam/abhinavagupta-mUlam/tantrAlokaH/jayaratha-TIkA/33/
३३ 	 AryaH/hinduism/branches/shaivaH/trikam/abhinavagupta-mUlam/tantrAlokaH/pariShkAryam/chaturvedi-rAdheshyAmaH/p5_21-37/33/
३३ 	 AryaH/hinduism/branches/shaivaH/trikam/abhinavagupta-mUlam/tantrAlokaH/pariShkAryam/paramahaMsa-mishraH/p8_30-37_pariShiShTAni/33/
३३ अध्यायः 	 AryaH/hinduism/branches/vaiShNavaH/pAncharAtrAgamaH/pauShkara-saMhitA/33_adhyAyaH/
३३ गणेशोत्सवपटलः 	 AryaH/hinduism/branches/shaivaH/svAyambhuvAgamaH/04_prakIrNam/33_gaNeshotsavapaTalaH/
३३ दैवतयन्त्रकथनं 	 AryaH/hinduism/branches/shaivaH/meru-tantram/33_daivatayantrakathanaM/
३३ ध्वजारोहणम् 	 AryaH/hinduism/branches/vaiShNavaH/pAncharAtrAgamaH/kriyA-kairava-chandrikA/02_charyA/33_dhvajArohaNam/
३३ बलस्थापनम् 	 AryaH/hinduism/branches/shaivaH/svAyambhuvAgamaH/02_uttarasUtram/33_balasthApanam/
३३ योगाख्यानम् 	 AryaH/hinduism/branches/vaiShNavaH/pAncharAtrAgamaH/jayAkhya-saMhitA/33_yogAkhyAnam/
३३ विष्वक्सेनप्रतिष्ठाविधिः 	 AryaH/hinduism/branches/vaiShNavaH/pAncharAtrAgamaH/aniruddha-saMhitA/33_viShvaksenapratiShThAvidhiH/
३३ शब्दादिभेदाधिकरणम् 	 AryaH/hinduism/branches/brAhmaH/shAnakara-darshanam/brahma-sUtrANi/mUlam/3/3/33_shabdAdibhedAdhikaraNam/
३४ 	 AryaH/hinduism/branches/brAhmaH/yoga-vAsiShTha-shAstram/Ananda-bodhendra-TIkA/4_sthiti-prakaraNam/34/
३४ 	 AryaH/hinduism/branches/brAhmaH/yoga-vAsiShTha-shAstram/Ananda-bodhendra-TIkA/5_upashama-prakaraNam/34/
३४ 	 AryaH/hinduism/branches/shaivaH/trikam/abhinavagupta-mUlam/tantrAlokaH/jayaratha-TIkA/34/
३४ 	 AryaH/hinduism/branches/shaivaH/trikam/abhinavagupta-mUlam/tantrAlokaH/pariShkAryam/chaturvedi-rAdheshyAmaH/p5_21-37/34/
३४ 	 AryaH/hinduism/branches/shaivaH/trikam/abhinavagupta-mUlam/tantrAlokaH/pariShkAryam/paramahaMsa-mishraH/p8_30-37_pariShiShTAni/34/
३४ अध्यायः 	 AryaH/hinduism/branches/vaiShNavaH/pAncharAtrAgamaH/pauShkara-saMhitA/34_adhyAyaH/
३४ अनामकम्?? 	 AryaH/hinduism/branches/shaivaH/svAyambhuvAgamaH/04_prakIrNam/34_anAmakam/
३४ भक्तप्रतिष्ठाविधिः 	 AryaH/hinduism/branches/vaiShNavaH/pAncharAtrAgamaH/aniruddha-saMhitA/34_bhaktapratiShThAvidhiH/
३४ महोत्सवः 	 AryaH/hinduism/branches/vaiShNavaH/pAncharAtrAgamaH/kriyA-kairava-chandrikA/02_charyA/34_mahotsavaH/
३४ विकल्पाधिकरणम् 	 AryaH/hinduism/branches/brAhmaH/shAnakara-darshanam/brahma-sUtrANi/mUlam/3/3/34_vikalpAdhikaraNam/
३४ शूल-स्थापन-पटलम् 	 AryaH/hinduism/branches/shaivaH/svAyambhuvAgamaH/02_uttarasUtram/34_shUla-sthApana-paTalam/
३४ हनुमन्मन्त्रकथनं 	 AryaH/hinduism/branches/shaivaH/meru-tantram/34_hanumanmantrakathanaM/
३५ 	 AryaH/hinduism/branches/brAhmaH/yoga-vAsiShTha-shAstram/Ananda-bodhendra-TIkA/4_sthiti-prakaraNam/35/
३५ 	 AryaH/hinduism/branches/brAhmaH/yoga-vAsiShTha-shAstram/Ananda-bodhendra-TIkA/5_upashama-prakaraNam/35/
३५ 	 AryaH/hinduism/branches/shaivaH/trikam/abhinavagupta-mUlam/tantrAlokaH/jayaratha-TIkA/35/
३५ 	 AryaH/hinduism/branches/shaivaH/trikam/abhinavagupta-mUlam/tantrAlokaH/pariShkAryam/chaturvedi-rAdheshyAmaH/p5_21-37/35/
३५ 	 AryaH/hinduism/branches/shaivaH/trikam/abhinavagupta-mUlam/tantrAlokaH/pariShkAryam/paramahaMsa-mishraH/p8_30-37_pariShiShTAni/35/
३५ अध्यायः 	 AryaH/hinduism/branches/vaiShNavaH/pAncharAtrAgamaH/pauShkara-saMhitA/35_adhyAyaH/
३५ काम्याधिकरणम् 	 AryaH/hinduism/branches/brAhmaH/shAnakara-darshanam/brahma-sUtrANi/mUlam/3/3/35_kAmyAdhikaraNam/
३५ कार्त्तवीर्य्यार्जुनमन्त्रकथनं 	 AryaH/hinduism/branches/shaivaH/meru-tantram/35_kArttavIryyArjunamantrakathanaM/
३५ जीर्णोद्धारः 	 AryaH/hinduism/branches/vaiShNavaH/pAncharAtrAgamaH/kriyA-kairava-chandrikA/02_charyA/35_jIrNOddhAraH/
३५ बलिदानविधिः 	 AryaH/hinduism/branches/shaivaH/svAyambhuvAgamaH/04_prakIrNam/35_balidAnavidhiH/
३६ 	 AryaH/hinduism/branches/brAhmaH/yoga-vAsiShTha-shAstram/Ananda-bodhendra-TIkA/4_sthiti-prakaraNam/36/
३६ 	 AryaH/hinduism/branches/brAhmaH/yoga-vAsiShTha-shAstram/Ananda-bodhendra-TIkA/5_upashama-prakaraNam/36/
३६ 	 AryaH/hinduism/branches/shaivaH/trikam/abhinavagupta-mUlam/tantrAlokaH/jayaratha-TIkA/36/
३६ 	 AryaH/hinduism/branches/shaivaH/trikam/abhinavagupta-mUlam/tantrAlokaH/pariShkAryam/chaturvedi-rAdheshyAmaH/p5_21-37/36/
३६ 	 AryaH/hinduism/branches/shaivaH/trikam/abhinavagupta-mUlam/tantrAlokaH/pariShkAryam/paramahaMsa-mishraH/p8_30-37_pariShiShTAni/36/
३६ अध्यायः 	 AryaH/hinduism/branches/vaiShNavaH/pAncharAtrAgamaH/pauShkara-saMhitA/36_adhyAyaH/
३६ चन्द्रार्चनम् 	 AryaH/hinduism/branches/shaivaH/svAyambhuvAgamaH/04_prakIrNam/36_chandrArchanam/
३६ परिवारस्थापनम् 	 AryaH/hinduism/branches/shaivaH/svAyambhuvAgamaH/02_uttarasUtram/36_parivArasthApanam/
३६ यथाश्रयभावाधिकरणम् 	 AryaH/hinduism/branches/brAhmaH/shAnakara-darshanam/brahma-sUtrANi/mUlam/3/3/36_yathAshrayabhAvAdhikaraNam/
३६ सम्प्रोक्षणम् 	 AryaH/hinduism/branches/vaiShNavaH/pAncharAtrAgamaH/kriyA-kairava-chandrikA/02_charyA/36_saMproxaNam/
३७ 	 AryaH/hinduism/branches/brAhmaH/yoga-vAsiShTha-shAstram/Ananda-bodhendra-TIkA/4_sthiti-prakaraNam/37/
३७ 	 AryaH/hinduism/branches/brAhmaH/yoga-vAsiShTha-shAstram/Ananda-bodhendra-TIkA/5_upashama-prakaraNam/37/
३७ 	 AryaH/hinduism/branches/shaivaH/trikam/abhinavagupta-mUlam/tantrAlokaH/jayaratha-TIkA/37/
३७ 	 AryaH/hinduism/branches/shaivaH/trikam/abhinavagupta-mUlam/tantrAlokaH/pariShkAryam/chaturvedi-rAdheshyAmaH/p5_21-37/37/
३७ 	 AryaH/hinduism/branches/shaivaH/trikam/abhinavagupta-mUlam/tantrAlokaH/pariShkAryam/paramahaMsa-mishraH/p8_30-37_pariShiShTAni/37/
३७ अध्यायः 	 AryaH/hinduism/branches/vaiShNavaH/pAncharAtrAgamaH/pauShkara-saMhitA/37_adhyAyaH/
३७ पवित्रारोहणम् 	 AryaH/hinduism/branches/vaiShNavaH/pAncharAtrAgamaH/kriyA-kairava-chandrikA/02_charyA/37_pavitrArohaNam/
३७ प्रवेशबलिपटलः 	 AryaH/hinduism/branches/shaivaH/svAyambhuvAgamaH/04_prakIrNam/37_praveshabalipaTalaH/
३७ बाल्यस्थानम् 	 AryaH/hinduism/branches/shaivaH/svAyambhuvAgamaH/02_uttarasUtram/37_bAlyasthAnam/
३८ 	 AryaH/hinduism/branches/brAhmaH/yoga-vAsiShTha-shAstram/Ananda-bodhendra-TIkA/5_upashama-prakaraNam/38/
३८ अध्यायः 	 AryaH/hinduism/branches/vaiShNavaH/pAncharAtrAgamaH/pauShkara-saMhitA/38_adhyAyaH/
३८ प्रोक्षणविधिः 	 AryaH/hinduism/branches/shaivaH/svAyambhuvAgamaH/02_uttarasUtram/38_proxaNavidhiH/
३८ स्थूपिप्रतिष्ठाविधिपटलः 	 AryaH/hinduism/branches/shaivaH/svAyambhuvAgamaH/04_prakIrNam/38_sthUpipratiShThAvidhipaTalaH/
३९ 	 AryaH/hinduism/branches/brAhmaH/yoga-vAsiShTha-shAstram/Ananda-bodhendra-TIkA/4_sthiti-prakaraNam/39/
३९ 	 AryaH/hinduism/branches/brAhmaH/yoga-vAsiShTha-shAstram/Ananda-bodhendra-TIkA/5_upashama-prakaraNam/39/
३९ अङ्कुरार्पणम् 	 AryaH/hinduism/branches/shaivaH/svAyambhuvAgamaH/02_uttarasUtram/39_ankurArpaNam/
३९ अध्यायः 	 AryaH/hinduism/branches/vaiShNavaH/pAncharAtrAgamaH/pauShkara-saMhitA/39_adhyAyaH/
३९ विमानस्थापनम् 	 AryaH/hinduism/branches/shaivaH/svAyambhuvAgamaH/04_prakIrNam/39_vimAnasthApanam/
४ 	 AryaH/hinduism/branches/shaivaH/trikam/somAnanda-shivadRShTiH/4/
४ तत्त्वसंग्रहाधिकारः 	 AryaH/hinduism/branches/shaivaH/trikam/Ishvara-pratyabhiJNA-kArikA/vimarshinI-vyAkhyA/4_tattvasaMgrahAdhikAraH/
४ तत्त्वसङ्ग्रहाधिकारः 	 AryaH/hinduism/branches/shaivaH/trikam/Ishvara-pratyabhiJNA-kArikA/vimarshinI/4_tattvasangrahAdhikAraH/
४ तत्त्वसङ्ग्रहाधिकारः 	 AryaH/hinduism/branches/shaivaH/trikam/Ishvara-pratyabhiJNA-kArikA/vRttiH/4_tattvasangrahAdhikAraH/
४ श्रुत्यादिप्रमाणोपन्यासः 	 AryaH/hinduism/branches/brAhmaH/shAnakara-darshanam/sachchidAnandendraH/mUlAvidyA-nirAsaH/4_shrutyAdipramANopanyAsaH/
४० 	 AryaH/hinduism/branches/brAhmaH/yoga-vAsiShTha-shAstram/Ananda-bodhendra-TIkA/4_sthiti-prakaraNam/40/
४० 	 AryaH/hinduism/branches/brAhmaH/yoga-vAsiShTha-shAstram/Ananda-bodhendra-TIkA/5_upashama-prakaraNam/40/
४० अध्यायः 	 AryaH/hinduism/branches/vaiShNavaH/pAncharAtrAgamaH/pauShkara-saMhitA/40_adhyAyaH/
४० उत्सवविधिः 	 AryaH/hinduism/branches/shaivaH/svAyambhuvAgamaH/02_uttarasUtram/40_utsavavidhiH/
४० संप्रोक्षणम् 	 AryaH/hinduism/branches/shaivaH/svAyambhuvAgamaH/04_prakIrNam/40_saMproxaNam/
४१ 	 AryaH/hinduism/branches/brAhmaH/yoga-vAsiShTha-shAstram/Ananda-bodhendra-TIkA/4_sthiti-prakaraNam/41/
४१ 	 AryaH/hinduism/branches/brAhmaH/yoga-vAsiShTha-shAstram/Ananda-bodhendra-TIkA/5_upashama-prakaraNam/41/
४१ अध्यायः 	 AryaH/hinduism/branches/vaiShNavaH/pAncharAtrAgamaH/pauShkara-saMhitA/41_adhyAyaH/
४१ नृत्तमूर्तिप्रतिष्ठा 	 AryaH/hinduism/branches/shaivaH/svAyambhuvAgamaH/04_prakIrNam/41_nRttamUrtipratiShThA/
४१ शङ्करस्नपनम् 	 AryaH/hinduism/branches/shaivaH/svAyambhuvAgamaH/02_uttarasUtram/41_shankarasnapanam/
४२ 	 AryaH/hinduism/branches/brAhmaH/yoga-vAsiShTha-shAstram/Ananda-bodhendra-TIkA/4_sthiti-prakaraNam/42/
४२ 	 AryaH/hinduism/branches/brAhmaH/yoga-vAsiShTha-shAstram/Ananda-bodhendra-TIkA/5_upashama-prakaraNam/42/
४२ अध्यायः 	 AryaH/hinduism/branches/vaiShNavaH/pAncharAtrAgamaH/pauShkara-saMhitA/42_adhyAyaH/
४२ नैवेद्यप्रमाणम् 	 AryaH/hinduism/branches/shaivaH/svAyambhuvAgamaH/02_uttarasUtram/42_naivedyapramANam/
४२ प्रदोषविधिः 	 AryaH/hinduism/branches/shaivaH/svAyambhuvAgamaH/04_prakIrNam/42_pradoShavidhiH/
४३ 	 AryaH/hinduism/branches/brAhmaH/yoga-vAsiShTha-shAstram/Ananda-bodhendra-TIkA/4_sthiti-prakaraNam/43/
४३ 	 AryaH/hinduism/branches/brAhmaH/yoga-vAsiShTha-shAstram/Ananda-bodhendra-TIkA/5_upashama-prakaraNam/43/
४३ अध्यायः 	 AryaH/hinduism/branches/vaiShNavaH/pAncharAtrAgamaH/pauShkara-saMhitA/43_adhyAyaH/
४३ बलिविधिपटलः 	 AryaH/hinduism/branches/shaivaH/svAyambhuvAgamaH/02_uttarasUtram/43_balividhipaTalaH/
४३ महोत्सवः 	 AryaH/hinduism/branches/shaivaH/svAyambhuvAgamaH/04_prakIrNam/43_mahotsavaH/
४४ 	 AryaH/hinduism/branches/brAhmaH/yoga-vAsiShTha-shAstram/Ananda-bodhendra-TIkA/4_sthiti-prakaraNam/44/
४४ 	 AryaH/hinduism/branches/brAhmaH/yoga-vAsiShTha-shAstram/Ananda-bodhendra-TIkA/5_upashama-prakaraNam/44/
४४ वसन्तोत्सवविधिपटलः 	 AryaH/hinduism/branches/shaivaH/svAyambhuvAgamaH/04_prakIrNam/44_vasantotsavavidhipaTalaH/
४५ 	 AryaH/hinduism/branches/brAhmaH/yoga-vAsiShTha-shAstram/Ananda-bodhendra-TIkA/4_sthiti-prakaraNam/45/
४५ 	 AryaH/hinduism/branches/brAhmaH/yoga-vAsiShTha-shAstram/Ananda-bodhendra-TIkA/5_upashama-prakaraNam/45/
४५ अद्भुतशान्तिः 	 AryaH/hinduism/branches/shaivaH/svAyambhuvAgamaH/02_uttarasUtram/45_adbhutashAntiH/
४५ वारार्चनम् 	 AryaH/hinduism/branches/shaivaH/svAyambhuvAgamaH/04_prakIrNam/45_vArArchanam/
४६ 	 AryaH/hinduism/branches/brAhmaH/yoga-vAsiShTha-shAstram/Ananda-bodhendra-TIkA/4_sthiti-prakaraNam/46/
४६ 	 AryaH/hinduism/branches/brAhmaH/yoga-vAsiShTha-shAstram/Ananda-bodhendra-TIkA/5_upashama-prakaraNam/46/
४६ अन्नाभिषेकविधिः 	 AryaH/hinduism/branches/shaivaH/svAyambhuvAgamaH/04_prakIrNam/46_annAbhiShekavidhiH/
४६ करणलक्षणम् 	 AryaH/hinduism/branches/shaivaH/svAyambhuvAgamaH/02_uttarasUtram/46_karaNalaxaNam/
४७ 	 AryaH/hinduism/branches/brAhmaH/yoga-vAsiShTha-shAstram/Ananda-bodhendra-TIkA/4_sthiti-prakaraNam/47/
४७ 	 AryaH/hinduism/branches/brAhmaH/yoga-vAsiShTha-shAstram/Ananda-bodhendra-TIkA/5_upashama-prakaraNam/47/
४७ ध्वजपटलक्षणम् 	 AryaH/hinduism/branches/shaivaH/svAyambhuvAgamaH/02_uttarasUtram/47_dhvajapaTalaxaNam/
४७ सकलपूजा 	 AryaH/hinduism/branches/shaivaH/svAyambhuvAgamaH/04_prakIrNam/47_sakalapUjA/
४८ 	 AryaH/hinduism/branches/brAhmaH/yoga-vAsiShTha-shAstram/Ananda-bodhendra-TIkA/4_sthiti-prakaraNam/48/
४८ 	 AryaH/hinduism/branches/brAhmaH/yoga-vAsiShTha-shAstram/Ananda-bodhendra-TIkA/5_upashama-prakaraNam/48/
४८ जीर्णोद्धारणम् 	 AryaH/hinduism/branches/shaivaH/svAyambhuvAgamaH/04_prakIrNam/48_jIrNoddhAraNam/
४९ 	 AryaH/hinduism/branches/brAhmaH/yoga-vAsiShTha-shAstram/Ananda-bodhendra-TIkA/4_sthiti-prakaraNam/49/
४९ 	 AryaH/hinduism/branches/brAhmaH/yoga-vAsiShTha-shAstram/Ananda-bodhendra-TIkA/5_upashama-prakaraNam/49/
४९ लिङ्गलक्षणम् 	 AryaH/hinduism/branches/shaivaH/svAyambhuvAgamaH/04_prakIrNam/49_lingalaxaNam/
५ 	 AryaH/hinduism/branches/shaivaH/trikam/somAnanda-shivadRShTiH/5/
५० 	 AryaH/hinduism/branches/brAhmaH/yoga-vAsiShTha-shAstram/Ananda-bodhendra-TIkA/4_sthiti-prakaraNam/50/
५० 	 AryaH/hinduism/branches/brAhmaH/yoga-vAsiShTha-shAstram/Ananda-bodhendra-TIkA/5_upashama-prakaraNam/50/
५१ 	 AryaH/hinduism/branches/brAhmaH/yoga-vAsiShTha-shAstram/Ananda-bodhendra-TIkA/4_sthiti-prakaraNam/51/
५१ 	 AryaH/hinduism/branches/brAhmaH/yoga-vAsiShTha-shAstram/Ananda-bodhendra-TIkA/5_upashama-prakaraNam/51/
५२ 	 AryaH/hinduism/branches/brAhmaH/yoga-vAsiShTha-shAstram/Ananda-bodhendra-TIkA/4_sthiti-prakaraNam/52/
५२ 	 AryaH/hinduism/branches/brAhmaH/yoga-vAsiShTha-shAstram/Ananda-bodhendra-TIkA/5_upashama-prakaraNam/52/
५३ 	 AryaH/hinduism/branches/brAhmaH/yoga-vAsiShTha-shAstram/Ananda-bodhendra-TIkA/4_sthiti-prakaraNam/53/
५३ 	 AryaH/hinduism/branches/brAhmaH/yoga-vAsiShTha-shAstram/Ananda-bodhendra-TIkA/5_upashama-prakaraNam/53/
५४ 	 AryaH/hinduism/branches/brAhmaH/yoga-vAsiShTha-shAstram/Ananda-bodhendra-TIkA/4_sthiti-prakaraNam/54/
५४ 	 AryaH/hinduism/branches/brAhmaH/yoga-vAsiShTha-shAstram/Ananda-bodhendra-TIkA/5_upashama-prakaraNam/54/
५५ 	 AryaH/hinduism/branches/brAhmaH/yoga-vAsiShTha-shAstram/Ananda-bodhendra-TIkA/4_sthiti-prakaraNam/55/
५५ 	 AryaH/hinduism/branches/brAhmaH/yoga-vAsiShTha-shAstram/Ananda-bodhendra-TIkA/5_upashama-prakaraNam/55/
५६ 	 AryaH/hinduism/branches/brAhmaH/yoga-vAsiShTha-shAstram/Ananda-bodhendra-TIkA/4_sthiti-prakaraNam/56/
५६ 	 AryaH/hinduism/branches/brAhmaH/yoga-vAsiShTha-shAstram/Ananda-bodhendra-TIkA/5_upashama-prakaraNam/56/
५७ 	 AryaH/hinduism/branches/brAhmaH/yoga-vAsiShTha-shAstram/Ananda-bodhendra-TIkA/4_sthiti-prakaraNam/57/
५७ 	 AryaH/hinduism/branches/brAhmaH/yoga-vAsiShTha-shAstram/Ananda-bodhendra-TIkA/5_upashama-prakaraNam/57/
५८ 	 AryaH/hinduism/branches/brAhmaH/yoga-vAsiShTha-shAstram/Ananda-bodhendra-TIkA/4_sthiti-prakaraNam/58/
५८ 	 AryaH/hinduism/branches/brAhmaH/yoga-vAsiShTha-shAstram/Ananda-bodhendra-TIkA/5_upashama-prakaraNam/58/
५९ 	 AryaH/hinduism/branches/brAhmaH/yoga-vAsiShTha-shAstram/Ananda-bodhendra-TIkA/4_sthiti-prakaraNam/59/
५९ 	 AryaH/hinduism/branches/brAhmaH/yoga-vAsiShTha-shAstram/Ananda-bodhendra-TIkA/5_upashama-prakaraNam/59/
६ 	 AryaH/hinduism/branches/shaivaH/trikam/somAnanda-shivadRShTiH/6/
६० 	 AryaH/hinduism/branches/brAhmaH/yoga-vAsiShTha-shAstram/Ananda-bodhendra-TIkA/4_sthiti-prakaraNam/60/
६० 	 AryaH/hinduism/branches/brAhmaH/yoga-vAsiShTha-shAstram/Ananda-bodhendra-TIkA/5_upashama-prakaraNam/60/
६१ 	 AryaH/hinduism/branches/brAhmaH/yoga-vAsiShTha-shAstram/Ananda-bodhendra-TIkA/4_sthiti-prakaraNam/61/
६१ 	 AryaH/hinduism/branches/brAhmaH/yoga-vAsiShTha-shAstram/Ananda-bodhendra-TIkA/5_upashama-prakaraNam/61/
६२ 	 AryaH/hinduism/branches/brAhmaH/yoga-vAsiShTha-shAstram/Ananda-bodhendra-TIkA/4_sthiti-prakaraNam/62/
६२ 	 AryaH/hinduism/branches/brAhmaH/yoga-vAsiShTha-shAstram/Ananda-bodhendra-TIkA/5_upashama-prakaraNam/62/
६३ 	 AryaH/hinduism/branches/brAhmaH/yoga-vAsiShTha-shAstram/Ananda-bodhendra-TIkA/5_upashama-prakaraNam/63/
६४ 	 AryaH/hinduism/branches/brAhmaH/yoga-vAsiShTha-shAstram/Ananda-bodhendra-TIkA/5_upashama-prakaraNam/64/
६५ 	 AryaH/hinduism/branches/brAhmaH/yoga-vAsiShTha-shAstram/Ananda-bodhendra-TIkA/5_upashama-prakaraNam/65/
६६ 	 AryaH/hinduism/branches/brAhmaH/yoga-vAsiShTha-shAstram/Ananda-bodhendra-TIkA/5_upashama-prakaraNam/66/
६७ 	 AryaH/hinduism/branches/brAhmaH/yoga-vAsiShTha-shAstram/Ananda-bodhendra-TIkA/5_upashama-prakaraNam/67/
६८ 	 AryaH/hinduism/branches/brAhmaH/yoga-vAsiShTha-shAstram/Ananda-bodhendra-TIkA/5_upashama-prakaraNam/68/
६९ 	 AryaH/hinduism/branches/brAhmaH/yoga-vAsiShTha-shAstram/Ananda-bodhendra-TIkA/5_upashama-prakaraNam/69/
७ 	 AryaH/hinduism/branches/shaivaH/trikam/somAnanda-shivadRShTiH/7/
७० 	 AryaH/hinduism/branches/brAhmaH/yoga-vAsiShTha-shAstram/Ananda-bodhendra-TIkA/5_upashama-prakaraNam/70/
७१ 	 AryaH/hinduism/branches/brAhmaH/yoga-vAsiShTha-shAstram/Ananda-bodhendra-TIkA/5_upashama-prakaraNam/71/
७२ 	 AryaH/hinduism/branches/brAhmaH/yoga-vAsiShTha-shAstram/Ananda-bodhendra-TIkA/5_upashama-prakaraNam/72/
७३ 	 AryaH/hinduism/branches/brAhmaH/yoga-vAsiShTha-shAstram/Ananda-bodhendra-TIkA/5_upashama-prakaraNam/73/
७४ 	 AryaH/hinduism/branches/brAhmaH/yoga-vAsiShTha-shAstram/Ananda-bodhendra-TIkA/5_upashama-prakaraNam/74/
७५ 	 AryaH/hinduism/branches/brAhmaH/yoga-vAsiShTha-shAstram/Ananda-bodhendra-TIkA/5_upashama-prakaraNam/75/
७६ 	 AryaH/hinduism/branches/brAhmaH/yoga-vAsiShTha-shAstram/Ananda-bodhendra-TIkA/5_upashama-prakaraNam/76/
७७ 	 AryaH/hinduism/branches/brAhmaH/yoga-vAsiShTha-shAstram/Ananda-bodhendra-TIkA/5_upashama-prakaraNam/77/
७८ 	 AryaH/hinduism/branches/brAhmaH/yoga-vAsiShTha-shAstram/Ananda-bodhendra-TIkA/5_upashama-prakaraNam/78/
८० 	 AryaH/hinduism/branches/brAhmaH/yoga-vAsiShTha-shAstram/Ananda-bodhendra-TIkA/5_upashama-prakaraNam/80/
८१ 	 AryaH/hinduism/branches/brAhmaH/yoga-vAsiShTha-shAstram/Ananda-bodhendra-TIkA/5_upashama-prakaraNam/81/
८२ 	 AryaH/hinduism/branches/brAhmaH/yoga-vAsiShTha-shAstram/Ananda-bodhendra-TIkA/5_upashama-prakaraNam/82/
८३ 	 AryaH/hinduism/branches/brAhmaH/yoga-vAsiShTha-shAstram/Ananda-bodhendra-TIkA/5_upashama-prakaraNam/83/
८४ 	 AryaH/hinduism/branches/brAhmaH/yoga-vAsiShTha-shAstram/Ananda-bodhendra-TIkA/5_upashama-prakaraNam/84/
८५ 	 AryaH/hinduism/branches/brAhmaH/yoga-vAsiShTha-shAstram/Ananda-bodhendra-TIkA/5_upashama-prakaraNam/85/
८६ 	 AryaH/hinduism/branches/brAhmaH/yoga-vAsiShTha-shAstram/Ananda-bodhendra-TIkA/5_upashama-prakaraNam/86/
८७ 	 AryaH/hinduism/branches/brAhmaH/yoga-vAsiShTha-shAstram/Ananda-bodhendra-TIkA/5_upashama-prakaraNam/87/
८८ 	 AryaH/hinduism/branches/brAhmaH/yoga-vAsiShTha-shAstram/Ananda-bodhendra-TIkA/5_upashama-prakaraNam/88/
८९ 	 AryaH/hinduism/branches/brAhmaH/yoga-vAsiShTha-shAstram/Ananda-bodhendra-TIkA/5_upashama-prakaraNam/89/
९० 	 AryaH/hinduism/branches/brAhmaH/yoga-vAsiShTha-shAstram/Ananda-bodhendra-TIkA/5_upashama-prakaraNam/90/
९१ 	 AryaH/hinduism/branches/brAhmaH/yoga-vAsiShTha-shAstram/Ananda-bodhendra-TIkA/5_upashama-prakaraNam/91/
९२ 	 AryaH/hinduism/branches/brAhmaH/yoga-vAsiShTha-shAstram/Ananda-bodhendra-TIkA/5_upashama-prakaraNam/92/
९३ 	 AryaH/hinduism/branches/brAhmaH/yoga-vAsiShTha-shAstram/Ananda-bodhendra-TIkA/5_upashama-prakaraNam/93/
ಉಪದೇಶ ಸಾರ 	 AryaH/hinduism/branches/brAhmaH/shAnakara-darshanam/articles/satyanArAyaNa-shAstrI/garaNi-rAdhAkRShNaH/ramaNa/upadEsha_sAra/
ಪೀಠಿಕೆ 	 AryaH/hinduism/branches/brAhmaH/shAnakara-darshanam/brahma-sUtrANi/sachchidAnandendraH/v1/0/pIThike/
ಪ್ರಕಾಶಕರ ಮೊದಲಮಾತು 	 AryaH/hinduism/branches/brAhmaH/shAnakara-darshanam/brahma-sUtrANi/sachchidAnandendraH/v1/0/prakAshakara_modalamAtu/
ಭಾಷ್ಯಕಾರರ ಅವತರಣಿಕೆ 	 AryaH/hinduism/branches/brAhmaH/shAnakara-darshanam/brahma-sUtrANi/sachchidAnandendraH/v1/0/bhAShyakArara_avataraNike/
ಶ್ರೇಷ್ಠ ಭಾರತೀಯ ಚಿಂತನೆಗಳು 	 AryaH/hinduism/tattvam/articles/shreShTha-bhAratIya-chintanegaLu/
ಸಂಕೇತಗಳ ವಿವರ 	 AryaH/hinduism/branches/brAhmaH/shAnakara-darshanam/brahma-sUtrANi/sachchidAnandendraH/v1/0/saMkEtagaLa_vivara/
ಸತ್ ದರ್ಶನ 	 AryaH/hinduism/branches/brAhmaH/shAnakara-darshanam/articles/satyanArAyaNa-shAstrI/garaNi-rAdhAkRShNaH/ramaNa/sat_darshana/
೦೧ ಉಪಾಸನೆಯ ಮಹತ್ವ 	 AryaH/hinduism/branches/brAhmaH/shAnakara-darshanam/articles/satyanArAyaNa-shAstrI/garaNi-rAdhAkRShNaH/ramaNa/ramaNa_gItA/01_upAsaneya_mahatva/
೦೧ ಪ್ರಸ್ತಾವನೆ 	 AryaH/hinduism/branches/brAhmaH/shAnakara-darshanam/articles/satyanArAyaNa-shAstrI/garaNi-rAdhAkRShNaH/ramaNa/gItA_maNi_mAle/01_prastAvane/
೦೧ ಪ್ರಾರಂಭದ ಶಂಕೆಗಳು 	 AryaH/hinduism/branches/brAhmaH/shAnakara-darshanam/articles/satyanArAyaNa-shAstrI/garaNi-rAdhAkRShNaH/ramaNa/ramaNa_maharShigaLoDane_saMvAda/01_prAraMbhada_shaMkegaLu/
೦೨ ನಲವತ್ತೆರಡು ಶ್ಲೋಕಗಳು 	 AryaH/hinduism/branches/brAhmaH/shAnakara-darshanam/articles/satyanArAyaNa-shAstrI/garaNi-rAdhAkRShNaH/ramaNa/gItA_maNi_mAle/02_nalavatteraDu_shlOkagaLu/
೦೨ ಮೂರು ಪಥಗಳು 	 AryaH/hinduism/branches/brAhmaH/shAnakara-darshanam/articles/satyanArAyaNa-shAstrI/garaNi-rAdhAkRShNaH/ramaNa/ramaNa_gItA/02_mUru_pathagaLu/
೦೨ ಸದ್ಗುರು 	 AryaH/hinduism/branches/brAhmaH/shAnakara-darshanam/articles/satyanArAyaNa-shAstrI/garaNi-rAdhAkRShNaH/ramaNa/ramaNa_maharShigaLoDane_saMvAda/02_sadguru/
೦೩ ಅನುಬಂಧ ೧ ಸತ್ ಮತ್ತು ಅಸತ್ 	 AryaH/hinduism/branches/brAhmaH/shAnakara-darshanam/articles/satyanArAyaNa-shAstrI/garaNi-rAdhAkRShNaH/ramaNa/gItA_maNi_mAle/03_anubaMdha_1_sat_mattu_asat/
೦೩ ನಿನ್ನಲ್ಲಿರುವ ಆತ್ಮ ನಿನಗೋಸ್ಕರ ಕಾಯುತ್ತದೆ 	 AryaH/hinduism/branches/brAhmaH/shAnakara-darshanam/articles/satyanArAyaNa-shAstrI/garaNi-rAdhAkRShNaH/ramaNa/ramaNa_maharShigaLoDane_saMvAda/03_ninnalliruva_Atma_ninagOskara_kAyuttade/
೦೩ ಪ್ರಮುಖ ಕರ್ತವ್ಯಗಳು 	 AryaH/hinduism/branches/brAhmaH/shAnakara-darshanam/articles/satyanArAyaNa-shAstrI/garaNi-rAdhAkRShNaH/ramaNa/ramaNa_gItA/03_pramukha_kartavyagaLu/
೦೪ ಅನುಬಂಧ ೨ ಆಕಾಶ 	 AryaH/hinduism/branches/brAhmaH/shAnakara-darshanam/articles/satyanArAyaNa-shAstrI/garaNi-rAdhAkRShNaH/ramaNa/gItA_maNi_mAle/04_anubaMdha_2_AkAsha/
೦೪ ಜ್ಞಾನದ ಪ್ರಕೃತಿ ಮತ್ತು ಸ್ವಭಾವ 	 AryaH/hinduism/branches/brAhmaH/shAnakara-darshanam/articles/satyanArAyaNa-shAstrI/garaNi-rAdhAkRShNaH/ramaNa/ramaNa_gItA/04_jnAnada_prakRti_mattu_svabhAva/
೦೪ ಜ್ಞಾನದ ಸ್ಥಿತಿಯು ನಿಷ್ಕ್ರಿಯತೆ ಅಲ್ಲ 	 AryaH/hinduism/branches/brAhmaH/shAnakara-darshanam/articles/satyanArAyaNa-shAstrI/garaNi-rAdhAkRShNaH/ramaNa/ramaNa_maharShigaLoDane_saMvAda/04_jnAnada_sthitiyu_niShkriyate_alla/
೦೫ ಅನುಬಂಧ ೩ ವ್ಯಕ್ತ, ಅವ್ಯಕ್ತ, ಅಕ್ಷರ 	 AryaH/hinduism/branches/brAhmaH/shAnakara-darshanam/articles/satyanArAyaNa-shAstrI/garaNi-rAdhAkRShNaH/ramaNa/gItA_maNi_mAle/05_anubaMdha_3_vyakta_avyakta_axara/
೦೫ ನಿರ್ವಿಕಲ್ಪ ಮತ್ತು ಸಹಜ ಸಮಾಧಿ ಸ್ಥಿತಿ 	 AryaH/hinduism/branches/brAhmaH/shAnakara-darshanam/articles/satyanArAyaNa-shAstrI/garaNi-rAdhAkRShNaH/ramaNa/ramaNa_maharShigaLoDane_saMvAda/05_nirvikalpa_mattu_sahaja_samAdhi_sthiti/
೦೫ ಹೃದಯದ ವಿಜ್ಞಾನ 	 AryaH/hinduism/branches/brAhmaH/shAnakara-darshanam/articles/satyanArAyaNa-shAstrI/garaNi-rAdhAkRShNaH/ramaNa/ramaNa_gItA/05_hRdayada_vijnAna/
೦೬ ಆನುಭಂದ ೪ ಮಾಯಾ 	 AryaH/hinduism/branches/brAhmaH/shAnakara-darshanam/articles/satyanArAyaNa-shAstrI/garaNi-rAdhAkRShNaH/ramaNa/gItA_maNi_mAle/06_AnubhaMda_4_mAyA/
೦೬ ಬ್ರಹ್ಮನ್ ಎಂದರೆ ಮನಸ್ಸನ್ನು ದಾಟಿರುವ ನೆಲೆಯೇ? 	 AryaH/hinduism/branches/brAhmaH/shAnakara-darshanam/articles/satyanArAyaNa-shAstrI/garaNi-rAdhAkRShNaH/ramaNa/ramaNa_maharShigaLoDane_saMvAda/06_brahman_eMdare_manassannu_dATiruva_neleyE/
೦೬ ಮನಸ್ಸಿನ ನಿಯಂತ್ರಣ 	 AryaH/hinduism/branches/brAhmaH/shAnakara-darshanam/articles/satyanArAyaNa-shAstrI/garaNi-rAdhAkRShNaH/ramaNa/ramaNa_gItA/06_manassina_niyaMtraNa/
೦೭ ಆತ್ಮ ತತ್ವದ ವಿಚಾರಣೆ ಅರ್ಹತೆ ಮತ್ತು ಘಟಕಗಳು 	 AryaH/hinduism/branches/brAhmaH/shAnakara-darshanam/articles/satyanArAyaNa-shAstrI/garaNi-rAdhAkRShNaH/ramaNa/ramaNa_gItA/07_Atma_tatvada_vichAraNe_arhate_mattu_ghaTakagaLu/
೦೭ ದೇಹದಲ್ಲಿ ನನಗೆ ನಿವೃತ್ತಿ ನೆಲೆ 	 AryaH/hinduism/branches/brAhmaH/shAnakara-darshanam/articles/satyanArAyaNa-shAstrI/garaNi-rAdhAkRShNaH/ramaNa/ramaNa_maharShigaLoDane_saMvAda/07_dEhadalli_nanage_nivRtti_nele/
೦೮ ಆತ್ಮನ ರಹಸ್ಯ ಸ್ಥಳ 	 AryaH/hinduism/branches/brAhmaH/shAnakara-darshanam/articles/satyanArAyaNa-shAstrI/garaNi-rAdhAkRShNaH/ramaNa/ramaNa_maharShigaLoDane_saMvAda/08_Atmana_rahasya_sthaLa/
೦೮ ಜೀವನದ ವಿವಿಧ ಹಂತಗಳು 	 AryaH/hinduism/branches/brAhmaH/shAnakara-darshanam/articles/satyanArAyaNa-shAstrI/garaNi-rAdhAkRShNaH/ramaNa/ramaNa_gItA/08_jIvanada_vividha_haMtagaLu/
೦೯ ದೇಹಾಅನುಭವ ಮತ್ತು ಸಾಕ್ಷಾತ್ಕಾರ 	 AryaH/hinduism/branches/brAhmaH/shAnakara-darshanam/articles/satyanArAyaNa-shAstrI/garaNi-rAdhAkRShNaH/ramaNa/ramaNa_maharShigaLoDane_saMvAda/09_dEhAanubhava_mattu_sAxAtkAra/
೦೯ ಹೃದಯ ಗ್ರಂಥಿಯ ಬೇಧನೆ 	 AryaH/hinduism/branches/brAhmaH/shAnakara-darshanam/articles/satyanArAyaNa-shAstrI/garaNi-rAdhAkRShNaH/ramaNa/ramaNa_gItA/09_hRdaya_graMthiya_bEdhane/
೧ 	 AryaH/hinduism/branches/brAhmaH/shAnakara-darshanam/brahma-sUtrANi/sachchidAnandendraH/v1/1/1/
೧ 	 AryaH/hinduism/branches/brAhmaH/shAnakara-darshanam/brahma-sUtrANi/sachchidAnandendraH/v1/2/1/
೧೦ ಮುಕ್ತರು ಮತ್ತು ಸಿದ್ದಿಗಳು 	 AryaH/hinduism/branches/brAhmaH/shAnakara-darshanam/articles/satyanArAyaNa-shAstrI/garaNi-rAdhAkRShNaH/ramaNa/ramaNa_maharShigaLoDane_saMvAda/10_muktaru_mattu_siddigaLu/
೧೦ ಸಮಾಜ 	 AryaH/hinduism/branches/brAhmaH/shAnakara-darshanam/articles/satyanArAyaNa-shAstrI/garaNi-rAdhAkRShNaH/ramaNa/ramaNa_gItA/10_samAja/
೧೧ ಜ್ಞಾನ ಮತ್ತು ಸಿದ್ಧಿಯ ಹೋಲಿಕೆಗಳು 	 AryaH/hinduism/branches/brAhmaH/shAnakara-darshanam/articles/satyanArAyaNa-shAstrI/garaNi-rAdhAkRShNaH/ramaNa/ramaNa_gItA/11_jnAna_mattu_siddhiya_hOlikegaLu/
೧೧ ಪರಮಾತ್ಮನಲ್ಲಿ ಶರಣಾಗ ಬೇಕು 	 AryaH/hinduism/branches/brAhmaH/shAnakara-darshanam/articles/satyanArAyaNa-shAstrI/garaNi-rAdhAkRShNaH/ramaNa/ramaNa_maharShigaLoDane_saMvAda/11_paramAtmanalli_sharaNAga_bEku/
೧೨ ವಿವಿಧ ಆಶ್ರಮಗಳು ಮತ್ತು ಅದರ ಮಹತ್ವ 	 AryaH/hinduism/branches/brAhmaH/shAnakara-darshanam/articles/satyanArAyaNa-shAstrI/garaNi-rAdhAkRShNaH/ramaNa/ramaNa_maharShigaLoDane_saMvAda/12_vividha_AshramagaLu_mattu_adara_mahatva/
೧೨ ಶಕ್ತಿಯ ವಿವರಣೆ 	 AryaH/hinduism/branches/brAhmaH/shAnakara-darshanam/articles/satyanArAyaNa-shAstrI/garaNi-rAdhAkRShNaH/ramaNa/ramaNa_gItA/12_shaktiya_vivaraNe/
೧೩ ಸನ್ಯಾಸಕ್ಕೆ ಸ್ತ್ರೀಯರ ಅರ್ಹತೆ 	 AryaH/hinduism/branches/brAhmaH/shAnakara-darshanam/articles/satyanArAyaNa-shAstrI/garaNi-rAdhAkRShNaH/ramaNa/ramaNa_gItA/13_sanyAsakke_strIyara_arhate/
೧೩ ಸಮಾಜ ಮತ್ತು ಮನುಷ್ಯನ ಗುರಿ 	 AryaH/hinduism/branches/brAhmaH/shAnakara-darshanam/articles/satyanArAyaNa-shAstrI/garaNi-rAdhAkRShNaH/ramaNa/ramaNa_maharShigaLoDane_saMvAda/13_samAja_mattu_manuShyana_guri/
೧೪ ಜೀವನ್-ಮುಕ್ತಿ 	 AryaH/hinduism/branches/brAhmaH/shAnakara-darshanam/articles/satyanArAyaNa-shAstrI/garaNi-rAdhAkRShNaH/ramaNa/ramaNa_gItA/14_jIvan-mukti/
೧೪ ಜ್ಞಾನಿಯ ಸಮತ್ವ ದೃಷ್ಟಿ 	 AryaH/hinduism/branches/brAhmaH/shAnakara-darshanam/articles/satyanArAyaNa-shAstrI/garaNi-rAdhAkRShNaH/ramaNa/ramaNa_maharShigaLoDane_saMvAda/14_jnAniya_samatva_dRShTi/
೧೫ ಶಕ್ತಿ ಮತ್ತು ಶಾಕ್ತ ಅವಿಚ್ಛಿನ್ನಶಕ್ತಿ ಮತ್ತು ವಿಕಾರವಿಲ್ಲದ ನೆಲೆ 	 AryaH/hinduism/branches/brAhmaH/shAnakara-darshanam/articles/satyanArAyaNa-shAstrI/garaNi-rAdhAkRShNaH/ramaNa/ramaNa_maharShigaLoDane_saMvAda/15_shakti_mattu_shAkta_avichChinnashakti_mattu_vik/
೧೫ ಶ್ರವಣ ಮನನ ನಿಧಿಧ್ಯಾಸನ 	 AryaH/hinduism/branches/brAhmaH/shAnakara-darshanam/articles/satyanArAyaNa-shAstrI/garaNi-rAdhAkRShNaH/ramaNa/ramaNa_gItA/15_shravaNa_manana_nidhidhyAsana/
೧೬ ಭಕ್ತಿ ಮತ್ತು ಅದರ ವಿಶೇಷತೆ 	 AryaH/hinduism/branches/brAhmaH/shAnakara-darshanam/articles/satyanArAyaNa-shAstrI/garaNi-rAdhAkRShNaH/ramaNa/ramaNa_gItA/16_bhakti_mattu_adara_vishEShate/
೧೭ ಜ್ಞಾನದ ಸಾಧನೆ 	 AryaH/hinduism/branches/brAhmaH/shAnakara-darshanam/articles/satyanArAyaNa-shAstrI/garaNi-rAdhAkRShNaH/ramaNa/ramaNa_gItA/17_jnAnada_sAdhane/
೧೮ ಸಿದ್ಧರುಗಳ ವೈಭವ 	 AryaH/hinduism/branches/brAhmaH/shAnakara-darshanam/articles/satyanArAyaNa-shAstrI/garaNi-rAdhAkRShNaH/ramaNa/ramaNa_gItA/18_siddharugaLa_vaibhava/
೧೯ ಅನುಬಂಧ ೧ ಮಂತ್ರದ ನಿರೂಪಣೆ 	 AryaH/hinduism/branches/brAhmaH/shAnakara-darshanam/articles/satyanArAyaNa-shAstrI/garaNi-rAdhAkRShNaH/ramaNa/ramaNa_gItA/19_anubaMdha_1_maMtrada_nirUpaNe/
೨ 	 AryaH/hinduism/branches/brAhmaH/shAnakara-darshanam/brahma-sUtrANi/sachchidAnandendraH/v1/1/2/
೨೦ ಅನುಬಂಧ ೨ ಪ್ರಶ್ನೆ ಕೇಳಿದ ಶಿಷ್ಯರ ಹೆಸರುಗಳು 	 AryaH/hinduism/branches/brAhmaH/shAnakara-darshanam/articles/satyanArAyaNa-shAstrI/garaNi-rAdhAkRShNaH/ramaNa/ramaNa_gItA/20_anubaMdha_2_prashne_kELida_shiShyara_hesarugaLu/
೩ 	 AryaH/hinduism/branches/brAhmaH/shAnakara-darshanam/brahma-sUtrANi/sachchidAnandendraH/v1/1/3/
೪ 	 AryaH/hinduism/branches/brAhmaH/shAnakara-darshanam/brahma-sUtrANi/sachchidAnandendraH/v1/1/4/
